2026-08-03T02:10:00.867Z INFO  payment-service handled /healthz status=200 latency=30ms rid=req-746412689
2026-08-03T02:10:01.127Z INFO  payment-service handled /api/v2/charge status=200 latency=76ms rid=req-398704996
2026-08-03T02:10:02.196Z INFO  payment-service handled /api/v2/status status=200 latency=64ms rid=req-106977991
2026-08-03T02:10:03.875Z INFO  payment-service handled /api/v2/refund status=200 latency=55ms rid=req-362950628
2026-08-03T02:10:03.854Z INFO  payment-service handled /api/v2/status status=200 latency=76ms rid=req-849621470
2026-08-03T02:10:05.959Z INFO  payment-service handled /api/v2/refund status=200 latency=52ms rid=req-266944844
2026-08-03T02:10:06.250Z INFO  payment-service handled /api/v2/refund status=200 latency=86ms rid=req-919795579
2026-08-03T02:10:07.794Z INFO  payment-service handled /api/v2/refund status=200 latency=59ms rid=req-199585092
2026-08-03T02:10:10.067Z INFO  payment-service handled /api/v2/status status=200 latency=69ms rid=req-131994523
2026-08-03T02:10:12.511Z INFO  payment-service handled /api/v2/status status=200 latency=45ms rid=req-553778756
2026-08-03T02:10:15.142Z INFO  payment-service handled /healthz status=200 latency=36ms rid=req-134126396
2026-08-03T02:10:17.408Z INFO  payment-service handled /api/v2/status status=200 latency=72ms rid=req-914763202
2026-08-03T02:10:20.093Z INFO  payment-service handled /api/v2/refund status=200 latency=83ms rid=req-336696312
2026-08-03T02:10:23.432Z INFO  payment-service handled /api/v2/refund status=200 latency=38ms rid=req-398362082
2026-08-03T02:10:24.994Z INFO  payment-service handled /healthz status=200 latency=85ms rid=req-134126396
2026-08-03T02:10:27.273Z INFO  payment-service handled /api/v2/charge status=200 latency=86ms rid=req-209747451
2026-08-03T02:10:28.464Z INFO  payment-service handled /api/v2/status status=200 latency=73ms rid=req-826600539
2026-08-03T02:10:28.780Z INFO  payment-service pg pool: in_use=8/50 idle=38
2026-08-03T02:10:29.519Z INFO  payment-service handled /api/v2/charge status=200 latency=56ms rid=req-849621470
2026-08-03T02:10:30.944Z INFO  payment-service handled /api/v2/refund status=200 latency=87ms rid=req-199585092
2026-08-03T02:10:31.114Z INFO  payment-service handled /api/v2/status status=200 latency=80ms rid=req-219540831
2026-08-03T02:10:33.246Z INFO  payment-service handled /api/v2/status status=200 latency=48ms rid=req-896233790
2026-08-03T02:10:36.778Z INFO  payment-service handled /api/v2/charge status=200 latency=80ms rid=req-395310485
2026-08-03T02:10:37.271Z INFO  payment-service handled /healthz status=200 latency=88ms rid=req-826600539
2026-08-03T02:10:39.747Z INFO  payment-service handled /api/v2/refund status=200 latency=87ms rid=req-209747451
2026-08-03T02:10:41.921Z INFO  payment-service handled /healthz status=200 latency=65ms rid=req-853041955
2026-08-03T02:10:42.021Z INFO  payment-service handled /api/v2/refund status=200 latency=26ms rid=req-642621108
2026-08-03T02:10:43.724Z INFO  payment-service handled /api/v2/refund status=200 latency=18ms rid=req-395310485
2026-08-03T02:10:44.526Z INFO  payment-service handled /api/v2/charge status=200 latency=60ms rid=req-395310485
2026-08-03T02:10:47.740Z INFO  payment-service handled /api/v2/refund status=200 latency=87ms rid=req-890779946
2026-08-03T02:10:49.826Z INFO  payment-service handled /healthz status=200 latency=49ms rid=req-550455977
2026-08-03T02:10:49.420Z INFO  payment-service handled /healthz status=200 latency=63ms rid=req-797808098
2026-08-03T02:10:52.745Z INFO  payment-service handled /api/v2/charge status=200 latency=25ms rid=req-313500298
2026-08-03T02:10:54.549Z INFO  payment-service handled /api/v2/refund status=200 latency=42ms rid=req-685582861
2026-08-03T02:10:56.895Z INFO  payment-service handled /api/v2/status status=200 latency=77ms rid=req-553035110
2026-08-03T02:10:57.553Z INFO  payment-service handled /api/v2/charge status=200 latency=24ms rid=req-553778756
2026-08-03T02:11:00.497Z INFO  payment-service handled /api/v2/refund status=200 latency=39ms rid=req-868820204
2026-08-03T02:11:03.002Z INFO  payment-service handled /api/v2/charge status=200 latency=39ms rid=req-702632297
2026-08-03T02:11:04.713Z INFO  payment-service handled /healthz status=200 latency=54ms rid=req-797808098
2026-08-03T02:11:07.303Z INFO  payment-service handled /healthz status=200 latency=37ms rid=req-685582861
2026-08-03T02:11:08.051Z INFO  payment-service handled /api/v2/charge status=200 latency=58ms rid=req-896233790
2026-08-03T02:11:10.082Z INFO  payment-service handled /api/v2/refund status=200 latency=25ms rid=req-582334538
2026-08-03T02:11:10.122Z INFO  payment-service handled /api/v2/charge status=200 latency=48ms rid=req-313500298
2026-08-03T02:11:12.673Z INFO  payment-service handled /api/v2/charge status=200 latency=28ms rid=req-868820204
2026-08-03T02:11:14.733Z INFO  payment-service handled /api/v2/status status=200 latency=44ms rid=req-465341213
2026-08-03T02:11:15.323Z INFO  payment-service handled /api/v2/refund status=200 latency=56ms rid=req-685126461
2026-08-03T02:11:18.576Z INFO  payment-service handled /api/v2/charge status=200 latency=76ms rid=req-271432881
2026-08-03T02:11:19.135Z INFO  payment-service handled /api/v2/refund status=200 latency=82ms rid=req-134126396
2026-08-03T02:11:21.161Z INFO  payment-service handled /api/v2/refund status=200 latency=65ms rid=req-200604502
2026-08-03T02:11:23.683Z INFO  payment-service handled /api/v2/status status=200 latency=85ms rid=req-786579303
2026-08-03T02:11:24.118Z INFO  payment-service handled /api/v2/charge status=200 latency=35ms rid=req-134126396
2026-08-03T02:11:27.619Z INFO  payment-service handled /api/v2/refund status=200 latency=52ms rid=req-200604502
2026-08-03T02:11:28.257Z INFO  payment-service handled /api/v2/status status=200 latency=82ms rid=req-336696312
2026-08-03T02:11:31.045Z INFO  payment-service handled /api/v2/charge status=200 latency=72ms rid=req-131994523
2026-08-03T02:11:31.268Z INFO  payment-service pg pool: in_use=6/50 idle=40
2026-08-03T02:11:32.437Z INFO  payment-service handled /healthz status=200 latency=88ms rid=req-331191390
2026-08-03T02:11:32.854Z INFO  payment-service handled /api/v2/refund status=200 latency=87ms rid=req-126855092
2026-08-03T02:11:34.315Z INFO  payment-service handled /healthz status=200 latency=34ms rid=req-126855092
2026-08-03T02:11:37.698Z INFO  payment-service handled /api/v2/charge status=200 latency=63ms rid=req-193349856
2026-08-03T02:11:38.885Z INFO  payment-service handled /healthz status=200 latency=37ms rid=req-553035110
2026-08-03T02:11:40.183Z INFO  payment-service handled /api/v2/refund status=200 latency=70ms rid=req-219540831
2026-08-03T02:11:42.163Z INFO  payment-service handled /healthz status=200 latency=49ms rid=req-131994523
2026-08-03T02:11:42.204Z INFO  payment-service handled /api/v2/charge status=200 latency=78ms rid=req-734036506
2026-08-03T02:11:44.024Z INFO  payment-service handled /api/v2/status status=200 latency=47ms rid=req-734036506
2026-08-03T02:11:46.285Z INFO  payment-service handled /api/v2/status status=200 latency=26ms rid=req-199585092
2026-08-03T02:11:47.898Z INFO  payment-service handled /api/v2/status status=200 latency=21ms rid=req-249827706
2026-08-03T02:11:48.610Z INFO  payment-service handled /api/v2/status status=200 latency=22ms rid=req-339670711
2026-08-03T02:11:51.523Z INFO  payment-service handled /api/v2/status status=200 latency=73ms rid=req-965241839
2026-08-03T02:11:53.725Z INFO  payment-service handled /api/v2/refund status=200 latency=50ms rid=req-126855092
2026-08-03T02:11:55.071Z INFO  payment-service handled /api/v2/refund status=200 latency=64ms rid=req-797808098
2026-08-03T02:11:58.921Z INFO  payment-service handled /api/v2/status status=200 latency=33ms rid=req-919795579
2026-08-03T02:11:59.713Z INFO  payment-service handled /healthz status=200 latency=59ms rid=req-313500298
2026-08-03T02:12:00.766Z INFO  payment-service handled /healthz status=200 latency=66ms rid=req-398362082
2026-08-03T02:12:02.853Z INFO  payment-service handled /api/v2/status status=200 latency=69ms rid=req-969119330
2026-08-03T02:12:02.440Z INFO  payment-service pg pool: in_use=8/50 idle=33
2026-08-03T02:12:05.452Z INFO  payment-service handled /api/v2/status status=200 latency=77ms rid=req-853041955
2026-08-03T02:12:06.527Z INFO  payment-service handled /api/v2/refund status=200 latency=28ms rid=req-200604502
2026-08-03T02:12:08.317Z INFO  payment-service handled /api/v2/charge status=200 latency=48ms rid=req-398362082
2026-08-03T02:12:09.486Z INFO  payment-service handled /api/v2/charge status=200 latency=23ms rid=req-553035110
2026-08-03T02:12:12.589Z INFO  payment-service handled /healthz status=200 latency=71ms rid=req-849621470
2026-08-03T02:12:14.151Z INFO  payment-service handled /healthz status=200 latency=69ms rid=req-553035110
2026-08-03T02:12:15.180Z INFO  payment-service handled /api/v2/charge status=200 latency=72ms rid=req-734036506
2026-08-03T02:12:17.255Z INFO  payment-service handled /healthz status=200 latency=24ms rid=req-969119330
2026-08-03T02:12:18.543Z INFO  payment-service handled /api/v2/refund status=200 latency=77ms rid=req-465341213
2026-08-03T02:12:20.850Z INFO  payment-service handled /healthz status=200 latency=82ms rid=req-797808098
2026-08-03T02:12:21.265Z INFO  payment-service handled /api/v2/refund status=200 latency=78ms rid=req-853041955
2026-08-03T02:12:24.641Z INFO  payment-service handled /api/v2/status status=200 latency=84ms rid=req-336696312
2026-08-03T02:12:25.343Z INFO  payment-service handled /api/v2/status status=200 latency=48ms rid=req-131994523
2026-08-03T02:12:27.392Z INFO  payment-service handled /api/v2/refund status=200 latency=37ms rid=req-734036506
2026-08-03T02:12:30.338Z INFO  payment-service handled /api/v2/charge status=200 latency=71ms rid=req-868820204
2026-08-03T02:12:31.926Z INFO  payment-service handled /api/v2/refund status=200 latency=71ms rid=req-702632297
2026-08-03T02:12:34.006Z INFO  payment-service handled /api/v2/charge status=200 latency=66ms rid=req-550455977
2026-08-03T02:12:35.765Z INFO  payment-service handled /healthz status=200 latency=71ms rid=req-398704996
2026-08-03T02:12:38.279Z INFO  payment-service handled /api/v2/refund status=200 latency=80ms rid=req-734036506
2026-08-03T02:12:38.169Z INFO  payment-service handled /api/v2/status status=200 latency=69ms rid=req-919795579
2026-08-03T02:12:41.577Z INFO  payment-service handled /api/v2/charge status=200 latency=68ms rid=req-914763202
2026-08-03T02:12:42.186Z INFO  payment-service handled /healthz status=200 latency=35ms rid=req-685126461
2026-08-03T02:12:43.345Z INFO  payment-service handled /api/v2/refund status=200 latency=76ms rid=req-349817734
2026-08-03T02:12:45.481Z INFO  payment-service handled /healthz status=200 latency=50ms rid=req-362950628
2026-08-03T02:12:45.974Z INFO  payment-service pg pool: in_use=12/50 idle=30
2026-08-03T02:12:46.031Z INFO  payment-service handled /api/v2/charge status=200 latency=23ms rid=req-209747451
2026-08-03T02:12:47.129Z INFO  payment-service handled /api/v2/charge status=200 latency=37ms rid=req-553035110
2026-08-03T02:12:48.262Z INFO  payment-service handled /api/v2/refund status=200 latency=77ms rid=req-266944844
2026-08-03T02:12:49.110Z INFO  payment-service handled /api/v2/charge status=200 latency=38ms rid=req-334760738
2026-08-03T02:12:52.203Z INFO  payment-service handled /healthz status=200 latency=68ms rid=req-331191390
2026-08-03T02:12:54.791Z INFO  payment-service handled /api/v2/refund status=200 latency=31ms rid=req-266944844
2026-08-03T02:12:56.355Z INFO  payment-service handled /api/v2/charge status=200 latency=90ms rid=req-126855092
2026-08-03T02:12:58.349Z INFO  payment-service handled /api/v2/charge status=200 latency=82ms rid=req-553778756
2026-08-03T02:12:58.501Z INFO  payment-service pg pool: in_use=10/50 idle=43
2026-08-03T02:12:59.156Z INFO  payment-service handled /api/v2/status status=200 latency=76ms rid=req-331191390
2026-08-03T02:13:01.495Z INFO  payment-service handled /api/v2/status status=200 latency=86ms rid=req-199585092
2026-08-03T02:13:04.850Z INFO  payment-service handled /api/v2/status status=200 latency=59ms rid=req-553035110
2026-08-03T02:13:05.475Z INFO  payment-service handled /healthz status=200 latency=49ms rid=req-209747451
2026-08-03T02:13:07.871Z INFO  payment-service handled /api/v2/status status=200 latency=21ms rid=req-336696312
2026-08-03T02:13:09.286Z INFO  payment-service handled /api/v2/status status=200 latency=51ms rid=req-642621108
2026-08-03T02:13:11.529Z INFO  payment-service handled /api/v2/status status=200 latency=89ms rid=req-786579303
2026-08-03T02:13:12.776Z INFO  payment-service handled /healthz status=200 latency=80ms rid=req-969119330
2026-08-03T02:13:14.095Z INFO  payment-service handled /healthz status=200 latency=75ms rid=req-219540831
2026-08-03T02:13:15.595Z INFO  payment-service handled /api/v2/refund status=200 latency=57ms rid=req-465341213
2026-08-03T02:13:17.563Z INFO  payment-service handled /api/v2/status status=200 latency=72ms rid=req-461415646
2026-08-03T02:13:19.236Z INFO  payment-service handled /api/v2/status status=200 latency=57ms rid=req-134126396
2026-08-03T02:13:20.706Z INFO  payment-service handled /api/v2/charge status=200 latency=86ms rid=req-209747451
2026-08-03T02:13:21.603Z INFO  payment-service handled /healthz status=200 latency=53ms rid=req-919795579
2026-08-03T02:13:23.303Z INFO  payment-service handled /api/v2/status status=200 latency=30ms rid=req-685582861
2026-08-03T02:13:24.280Z INFO  payment-service handled /api/v2/charge status=200 latency=86ms rid=req-890779946
2026-08-03T02:13:25.889Z INFO  payment-service handled /api/v2/status status=200 latency=34ms rid=req-849621470
2026-08-03T02:13:25.490Z INFO  payment-service handled /api/v2/charge status=200 latency=54ms rid=req-550455977
2026-08-03T02:13:26.116Z INFO  payment-service handled /api/v2/charge status=200 latency=50ms rid=req-550455977
2026-08-03T02:13:28.152Z INFO  payment-service handled /api/v2/charge status=200 latency=24ms rid=req-210053353
2026-08-03T02:13:31.571Z INFO  payment-service handled /api/v2/charge status=200 latency=49ms rid=req-249827706
2026-08-03T02:13:33.461Z INFO  payment-service handled /api/v2/refund status=200 latency=84ms rid=req-702632297
2026-08-03T02:13:34.635Z INFO  payment-service handled /healthz status=200 latency=57ms rid=req-106977991
2026-08-03T02:13:37.216Z INFO  payment-service handled /api/v2/charge status=200 latency=44ms rid=req-849621470
2026-08-03T02:13:38.076Z INFO  payment-service handled /api/v2/refund status=200 latency=40ms rid=req-969119330
2026-08-03T02:13:39.237Z INFO  payment-service handled /healthz status=200 latency=55ms rid=req-126855092
2026-08-03T02:13:40.239Z INFO  payment-service handled /healthz status=200 latency=27ms rid=req-398362082
2026-08-03T02:13:43.557Z INFO  payment-service handled /api/v2/refund status=200 latency=72ms rid=req-249827706
2026-08-03T02:13:44.061Z INFO  payment-service handled /api/v2/status status=200 latency=36ms rid=req-395310485
2026-08-03T02:13:45.479Z INFO  payment-service handled /api/v2/status status=200 latency=74ms rid=req-249827706
2026-08-03T02:13:47.505Z INFO  payment-service handled /api/v2/status status=200 latency=82ms rid=req-398704996
2026-08-03T02:13:49.256Z INFO  payment-service handled /healthz status=200 latency=59ms rid=req-965241839
2026-08-03T02:13:49.856Z INFO  payment-service pg pool: in_use=7/50 idle=40
2026-08-03T02:13:52.041Z INFO  payment-service handled /api/v2/charge status=200 latency=52ms rid=req-106977991
2026-08-03T02:13:53.599Z INFO  payment-service handled /healthz status=200 latency=53ms rid=req-895285932
2026-08-03T02:13:55.418Z INFO  payment-service handled /api/v2/charge status=200 latency=78ms rid=req-746412689
2026-08-03T02:13:58.710Z INFO  payment-service handled /api/v2/refund status=200 latency=60ms rid=req-868820204
2026-08-03T02:14:00.465Z INFO  payment-service handled /healthz status=200 latency=88ms rid=req-126855092
2026-08-03T02:14:01.844Z INFO  payment-service handled /api/v2/charge status=200 latency=69ms rid=req-582334538
2026-08-03T02:14:03.192Z INFO  payment-service handled /healthz status=200 latency=70ms rid=req-896233790
2026-08-03T02:14:05.052Z INFO  payment-service handled /healthz status=200 latency=74ms rid=req-209747451
2026-08-03T02:14:07.496Z INFO  payment-service handled /api/v2/status status=200 latency=74ms rid=req-266944844
2026-08-03T02:14:10.564Z INFO  payment-service handled /api/v2/refund status=200 latency=38ms rid=req-334760738
2026-08-03T02:14:10.230Z INFO  payment-service pg pool: in_use=10/50 idle=31
2026-08-03T02:14:13.663Z INFO  payment-service handled /api/v2/charge status=200 latency=77ms rid=req-249827706
2026-08-03T02:14:15.279Z INFO  payment-service handled /api/v2/status status=200 latency=83ms rid=req-331191390
2026-08-03T02:14:16.564Z INFO  payment-service handled /healthz status=200 latency=49ms rid=req-685126461
2026-08-03T02:14:17.791Z INFO  payment-service handled /api/v2/refund status=200 latency=26ms rid=req-131994523
2026-08-03T02:14:19.743Z INFO  payment-service handled /api/v2/status status=200 latency=18ms rid=req-200604502
2026-08-03T02:14:21.551Z INFO  payment-service handled /healthz status=200 latency=37ms rid=req-853041955
2026-08-03T02:14:22.890Z INFO  payment-service handled /healthz status=200 latency=76ms rid=req-349817734
2026-08-03T02:14:24.420Z INFO  payment-service handled /healthz status=200 latency=47ms rid=req-199585092
2026-08-03T02:14:27.811Z INFO  payment-service handled /healthz status=200 latency=67ms rid=req-465341213
2026-08-03T02:14:30.514Z INFO  payment-service handled /healthz status=200 latency=22ms rid=req-890779946
2026-08-03T02:14:31.538Z INFO  payment-service handled /api/v2/charge status=200 latency=74ms rid=req-339670711
2026-08-03T02:14:31.993Z INFO  payment-service handled /api/v2/refund status=200 latency=70ms rid=req-553778756
2026-08-03T02:14:33.709Z INFO  payment-service handled /api/v2/status status=200 latency=61ms rid=req-271432881
2026-08-03T02:14:34.977Z INFO  payment-service handled /api/v2/status status=200 latency=86ms rid=req-702632297
2026-08-03T02:14:36.632Z INFO  payment-service handled /healthz status=200 latency=87ms rid=req-126855092
2026-08-03T02:14:38.092Z INFO  payment-service handled /api/v2/status status=200 latency=47ms rid=req-461415646
2026-08-03T02:14:39.710Z INFO  payment-service handled /api/v2/charge status=200 latency=74ms rid=req-826600539
2026-08-03T02:14:40.367Z INFO  payment-service handled /api/v2/status status=200 latency=25ms rid=req-200604502
2026-08-03T02:14:40.811Z INFO  payment-service handled /healthz status=200 latency=90ms rid=req-398362082
2026-08-03T02:14:41.934Z INFO  payment-service handled /healthz status=200 latency=48ms rid=req-336696312
2026-08-03T02:14:42.682Z INFO  payment-service handled /api/v2/status status=200 latency=76ms rid=req-134126396
2026-08-03T02:14:42.294Z INFO  payment-service pg pool: in_use=11/50 idle=44
2026-08-03T02:14:45.967Z INFO  payment-service handled /api/v2/refund status=200 latency=27ms rid=req-853041955
2026-08-03T02:14:47.865Z INFO  payment-service handled /healthz status=200 latency=50ms rid=req-685126461
2026-08-03T02:14:50.390Z INFO  payment-service handled /healthz status=200 latency=31ms rid=req-553035110
2026-08-03T02:14:52.405Z INFO  payment-service handled /api/v2/status status=200 latency=20ms rid=req-465341213
2026-08-03T02:14:53.794Z INFO  payment-service handled /api/v2/charge status=200 latency=81ms rid=req-200604502
2026-08-03T02:14:55.194Z INFO  payment-service handled /api/v2/status status=200 latency=46ms rid=req-849621470
2026-08-03T02:14:58.661Z INFO  payment-service handled /api/v2/refund status=200 latency=30ms rid=req-849621470
2026-08-03T02:15:00.134Z INFO  payment-service handled /api/v2/charge status=200 latency=64ms rid=req-919795579
2026-08-03T02:15:01.135Z INFO  payment-service handled /healthz status=200 latency=40ms rid=req-685582861
2026-08-03T02:15:04.935Z INFO  payment-service handled /api/v2/status status=200 latency=85ms rid=req-582334538
2026-08-03T02:15:05.891Z INFO  payment-service handled /healthz status=200 latency=55ms rid=req-461415646
2026-08-03T02:15:06.989Z INFO  payment-service handled /api/v2/charge status=200 latency=36ms rid=req-209747451
2026-08-03T02:15:08.092Z INFO  payment-service handled /healthz status=200 latency=89ms rid=req-128492780
2026-08-03T02:15:08.688Z INFO  payment-service handled /api/v2/charge status=200 latency=76ms rid=req-128492780
2026-08-03T02:15:10.691Z INFO  payment-service handled /healthz status=200 latency=65ms rid=req-339670711
2026-08-03T02:15:10.064Z INFO  payment-service handled /api/v2/status status=200 latency=46ms rid=req-553778756
2026-08-03T02:15:12.143Z INFO  payment-service handled /api/v2/status status=200 latency=70ms rid=req-249827706
2026-08-03T02:15:12.240Z INFO  payment-service handled /healthz status=200 latency=32ms rid=req-339670711
2026-08-03T02:15:13.972Z INFO  payment-service handled /healthz status=200 latency=65ms rid=req-465341213
2026-08-03T02:15:16.670Z INFO  payment-service handled /healthz status=200 latency=37ms rid=req-868820204
2026-08-03T02:15:18.706Z INFO  payment-service handled /healthz status=200 latency=53ms rid=req-126855092
2026-08-03T02:15:20.702Z INFO  payment-service handled /api/v2/refund status=200 latency=64ms rid=req-339670711
2026-08-03T02:15:22.282Z INFO  payment-service handled /api/v2/status status=200 latency=25ms rid=req-313500298
2026-08-03T02:15:23.217Z INFO  payment-service handled /healthz status=200 latency=29ms rid=req-465341213
2026-08-03T02:15:25.249Z INFO  payment-service handled /api/v2/charge status=200 latency=24ms rid=req-642621108
2026-08-03T02:15:28.567Z INFO  payment-service handled /api/v2/refund status=200 latency=26ms rid=req-209747451
2026-08-03T02:15:29.151Z INFO  payment-service handled /api/v2/refund status=200 latency=60ms rid=req-199585092
2026-08-03T02:15:31.553Z INFO  payment-service handled /api/v2/status status=200 latency=36ms rid=req-890779946
2026-08-03T02:15:31.366Z INFO  payment-service handled /api/v2/charge status=200 latency=34ms rid=req-786579303
2026-08-03T02:15:33.271Z INFO  payment-service handled /api/v2/status status=200 latency=20ms rid=req-895285932
2026-08-03T02:15:35.459Z INFO  payment-service handled /api/v2/charge status=200 latency=26ms rid=req-550455977
2026-08-03T02:15:37.226Z INFO  payment-service handled /api/v2/charge status=200 latency=75ms rid=req-582334538
2026-08-03T02:15:37.987Z INFO  payment-service handled /api/v2/status status=200 latency=76ms rid=req-553778756
2026-08-03T02:15:40.110Z INFO  payment-service handled /healthz status=200 latency=72ms rid=req-398362082
2026-08-03T02:15:43.622Z INFO  payment-service handled /api/v2/charge status=200 latency=28ms rid=req-349817734
2026-08-03T02:15:44.543Z INFO  payment-service handled /api/v2/status status=200 latency=66ms rid=req-965241839
2026-08-03T02:15:46.117Z INFO  payment-service handled /healthz status=200 latency=30ms rid=req-266944844
2026-08-03T02:15:48.909Z INFO  payment-service handled /api/v2/refund status=200 latency=73ms rid=req-853041955
2026-08-03T02:15:49.747Z INFO  payment-service handled /healthz status=200 latency=69ms rid=req-868820204
2026-08-03T02:15:51.703Z INFO  payment-service handled /api/v2/status status=200 latency=65ms rid=req-210053353
2026-08-03T02:15:51.098Z INFO  payment-service handled /api/v2/charge status=200 latency=29ms rid=req-797808098
2026-08-03T02:15:53.600Z INFO  payment-service handled /api/v2/refund status=200 latency=89ms rid=req-896233790
2026-08-03T02:15:55.894Z INFO  payment-service handled /api/v2/charge status=200 latency=70ms rid=req-746412689
2026-08-03T02:15:57.319Z INFO  payment-service handled /api/v2/charge status=200 latency=54ms rid=req-965241839
2026-08-03T02:15:59.493Z INFO  payment-service handled /api/v2/refund status=200 latency=37ms rid=req-465341213
2026-08-03T02:16:00.285Z INFO  payment-service handled /api/v2/status status=200 latency=32ms rid=req-209747451
2026-08-03T02:16:02.184Z INFO  payment-service handled /api/v2/charge status=200 latency=52ms rid=req-219540831
2026-08-03T02:16:05.185Z INFO  payment-service handled /api/v2/status status=200 latency=62ms rid=req-786579303
2026-08-03T02:16:07.758Z INFO  payment-service handled /healthz status=200 latency=26ms rid=req-210053353
2026-08-03T02:16:07.464Z INFO  payment-service handled /api/v2/refund status=200 latency=66ms rid=req-868820204
2026-08-03T02:16:09.086Z INFO  payment-service handled /api/v2/status status=200 latency=90ms rid=req-965241839
2026-08-03T02:16:10.453Z INFO  payment-service handled /api/v2/charge status=200 latency=28ms rid=req-131994523
2026-08-03T02:16:11.220Z INFO  payment-service handled /healthz status=200 latency=71ms rid=req-131994523
2026-08-03T02:16:12.694Z INFO  payment-service handled /healthz status=200 latency=32ms rid=req-200604502
2026-08-03T02:16:14.404Z INFO  payment-service handled /api/v2/status status=200 latency=23ms rid=req-734036506
2026-08-03T02:16:14.785Z INFO  payment-service handled /api/v2/refund status=200 latency=56ms rid=req-193349856
2026-08-03T02:16:16.509Z INFO  payment-service handled /api/v2/status status=200 latency=33ms rid=req-786579303
2026-08-03T02:16:16.235Z INFO  payment-service handled /healthz status=200 latency=86ms rid=req-331191390
2026-08-03T02:16:19.882Z INFO  payment-service handled /api/v2/status status=200 latency=27ms rid=req-313500298
2026-08-03T02:16:21.589Z INFO  payment-service handled /healthz status=200 latency=27ms rid=req-349817734
2026-08-03T02:16:22.414Z INFO  payment-service handled /healthz status=200 latency=55ms rid=req-249827706
2026-08-03T02:16:22.820Z INFO  payment-service pg pool: in_use=9/50 idle=32
2026-08-03T02:16:25.447Z INFO  payment-service handled /healthz status=200 latency=64ms rid=req-362950628
2026-08-03T02:16:26.405Z INFO  payment-service handled /healthz status=200 latency=85ms rid=req-362950628
2026-08-03T02:16:29.172Z INFO  payment-service handled /api/v2/refund status=200 latency=60ms rid=req-199585092
2026-08-03T02:16:31.744Z INFO  payment-service handled /api/v2/refund status=200 latency=62ms rid=req-746412689
2026-08-03T02:16:33.149Z INFO  payment-service handled /api/v2/refund status=200 latency=48ms rid=req-339670711
2026-08-03T02:16:34.974Z INFO  payment-service handled /api/v2/refund status=200 latency=27ms rid=req-895285932
2026-08-03T02:16:35.650Z INFO  payment-service handled /healthz status=200 latency=90ms rid=req-553778756
2026-08-03T02:16:37.069Z INFO  payment-service handled /api/v2/status status=200 latency=37ms rid=req-853041955
2026-08-03T02:16:39.519Z INFO  payment-service handled /api/v2/status status=200 latency=25ms rid=req-746412689
2026-08-03T02:16:40.851Z INFO  payment-service handled /api/v2/charge status=200 latency=25ms rid=req-128492780
2026-08-03T02:16:43.473Z INFO  payment-service handled /api/v2/charge status=200 latency=82ms rid=req-702632297
2026-08-03T02:16:45.667Z INFO  payment-service handled /api/v2/charge status=200 latency=75ms rid=req-106977991
2026-08-03T02:16:47.105Z INFO  payment-service handled /api/v2/refund status=200 latency=25ms rid=req-853041955
2026-08-03T02:16:50.176Z INFO  payment-service handled /api/v2/charge status=200 latency=82ms rid=req-553778756
2026-08-03T02:16:52.624Z INFO  payment-service handled /healthz status=200 latency=85ms rid=req-732719211
2026-08-03T02:16:54.793Z INFO  payment-service handled /api/v2/status status=200 latency=67ms rid=req-868820204
2026-08-03T02:16:56.096Z INFO  payment-service handled /api/v2/status status=200 latency=26ms rid=req-642621108
2026-08-03T02:16:57.083Z INFO  payment-service handled /api/v2/status status=200 latency=37ms rid=req-642621108
2026-08-03T02:16:58.715Z INFO  payment-service handled /api/v2/status status=200 latency=57ms rid=req-553778756
2026-08-03T02:16:59.385Z INFO  payment-service handled /api/v2/charge status=200 latency=57ms rid=req-969119330
2026-08-03T02:17:00.661Z INFO  payment-service handled /api/v2/refund status=200 latency=85ms rid=req-362950628
2026-08-03T02:17:02.184Z INFO  payment-service handled /api/v2/charge status=200 latency=64ms rid=req-334760738
2026-08-03T02:17:03.140Z INFO  payment-service handled /healthz status=200 latency=42ms rid=req-734036506
2026-08-03T02:17:05.552Z INFO  payment-service handled /api/v2/charge status=200 latency=82ms rid=req-199585092
2026-08-03T02:17:07.632Z INFO  payment-service handled /api/v2/charge status=200 latency=61ms rid=req-199585092
2026-08-03T02:17:09.789Z INFO  payment-service handled /api/v2/refund status=200 latency=41ms rid=req-266944844
2026-08-03T02:17:11.373Z INFO  payment-service handled /healthz status=200 latency=23ms rid=req-868820204
2026-08-03T02:17:13.766Z INFO  payment-service handled /healthz status=200 latency=54ms rid=req-209747451
2026-08-03T02:17:14.925Z INFO  payment-service handled /api/v2/refund status=200 latency=57ms rid=req-550455977
2026-08-03T02:17:15.288Z INFO  payment-service handled /healthz status=200 latency=77ms rid=req-199585092
2026-08-03T02:17:17.820Z INFO  payment-service handled /healthz status=200 latency=38ms rid=req-685582861
2026-08-03T02:17:19.567Z INFO  payment-service handled /api/v2/charge status=200 latency=79ms rid=req-128492780
2026-08-03T02:17:22.781Z INFO  payment-service handled /api/v2/charge status=200 latency=54ms rid=req-362950628
2026-08-03T02:17:23.969Z INFO  payment-service handled /api/v2/refund status=200 latency=73ms rid=req-362950628
2026-08-03T02:17:26.054Z INFO  payment-service handled /api/v2/status status=200 latency=21ms rid=req-868820204
2026-08-03T02:17:27.229Z INFO  payment-service handled /healthz status=200 latency=28ms rid=req-128492780
2026-08-03T02:17:27.731Z INFO  payment-service pg pool: in_use=5/50 idle=43
2026-08-03T02:17:29.293Z INFO  payment-service handled /api/v2/refund status=200 latency=35ms rid=req-126855092
2026-08-03T02:17:31.630Z INFO  payment-service handled /api/v2/refund status=200 latency=78ms rid=req-853041955
2026-08-03T02:17:31.262Z INFO  payment-service pg pool: in_use=5/50 idle=30
2026-08-03T02:17:32.623Z INFO  payment-service handled /api/v2/refund status=200 latency=88ms rid=req-919795579
2026-08-03T02:17:33.124Z INFO  payment-service handled /api/v2/status status=200 latency=48ms rid=req-334760738
2026-08-03T02:17:35.856Z INFO  payment-service handled /healthz status=200 latency=26ms rid=req-249827706
2026-08-03T02:17:37.247Z INFO  payment-service handled /api/v2/charge status=200 latency=83ms rid=req-106977991
2026-08-03T02:17:38.584Z INFO  payment-service handled /api/v2/charge status=200 latency=63ms rid=req-553035110
2026-08-03T02:17:40.069Z INFO  payment-service handled /api/v2/charge status=200 latency=85ms rid=req-128492780
2026-08-03T02:17:42.044Z INFO  payment-service handled /api/v2/charge status=200 latency=67ms rid=req-550455977
2026-08-03T02:17:45.807Z INFO  payment-service handled /api/v2/status status=200 latency=20ms rid=req-746412689
2026-08-03T02:17:46.045Z INFO  payment-service handled /api/v2/charge status=200 latency=60ms rid=req-890779946
2026-08-03T02:17:47.490Z INFO  payment-service handled /api/v2/refund status=200 latency=77ms rid=req-266944844
2026-08-03T02:17:50.300Z INFO  payment-service handled /api/v2/charge status=200 latency=76ms rid=req-126855092
2026-08-03T02:17:52.527Z INFO  payment-service handled /api/v2/charge status=200 latency=58ms rid=req-334760738
2026-08-03T02:17:55.771Z INFO  payment-service handled /healthz status=200 latency=50ms rid=req-126855092
2026-08-03T02:17:56.127Z INFO  payment-service handled /api/v2/charge status=200 latency=60ms rid=req-131994523
2026-08-03T02:17:58.347Z INFO  payment-service handled /healthz status=200 latency=74ms rid=req-702632297
2026-08-03T02:17:59.273Z INFO  payment-service handled /healthz status=200 latency=65ms rid=req-732719211
2026-08-03T02:18:02.842Z INFO  payment-service handled /api/v2/charge status=200 latency=73ms rid=req-965241839
2026-08-03T02:18:03.676Z INFO  payment-service handled /api/v2/charge status=200 latency=28ms rid=req-349817734
2026-08-03T02:18:04.454Z INFO  payment-service handled /healthz status=200 latency=39ms rid=req-266944844
2026-08-03T02:18:05.654Z INFO  payment-service handled /api/v2/status status=200 latency=73ms rid=req-131994523
2026-08-03T02:18:08.525Z INFO  payment-service handled /api/v2/charge status=200 latency=69ms rid=req-128492780
2026-08-03T02:18:10.694Z INFO  payment-service handled /api/v2/charge status=200 latency=36ms rid=req-965241839
2026-08-03T02:18:11.660Z INFO  payment-service handled /api/v2/charge status=200 latency=48ms rid=req-199585092
2026-08-03T02:18:12.460Z INFO  payment-service handled /api/v2/charge status=200 latency=37ms rid=req-398362082
2026-08-03T02:18:14.375Z INFO  payment-service handled /api/v2/charge status=200 latency=35ms rid=req-732719211
2026-08-03T02:18:16.753Z INFO  payment-service handled /api/v2/refund status=200 latency=32ms rid=req-219540831
2026-08-03T02:18:18.266Z INFO  payment-service handled /api/v2/charge status=200 latency=51ms rid=req-199585092
2026-08-03T02:18:19.125Z INFO  payment-service handled /api/v2/status status=200 latency=80ms rid=req-685582861
2026-08-03T02:18:19.829Z INFO  payment-service handled /api/v2/refund status=200 latency=74ms rid=req-362950628
2026-08-03T02:18:22.066Z INFO  payment-service handled /api/v2/status status=200 latency=62ms rid=req-331191390
2026-08-03T02:18:23.726Z INFO  payment-service handled /api/v2/status status=200 latency=38ms rid=req-331191390
2026-08-03T02:18:25.124Z INFO  payment-service handled /api/v2/status status=200 latency=83ms rid=req-734036506
2026-08-03T02:18:28.369Z INFO  payment-service handled /api/v2/refund status=200 latency=81ms rid=req-219540831
2026-08-03T02:18:29.316Z INFO  payment-service handled /api/v2/refund status=200 latency=29ms rid=req-395310485
2026-08-03T02:18:31.787Z INFO  payment-service handled /healthz status=200 latency=85ms rid=req-868820204
2026-08-03T02:18:33.075Z INFO  payment-service handled /api/v2/refund status=200 latency=58ms rid=req-553778756
2026-08-03T02:18:35.564Z INFO  payment-service handled /api/v2/status status=200 latency=34ms rid=req-199585092
2026-08-03T02:18:36.932Z INFO  payment-service handled /api/v2/refund status=200 latency=73ms rid=req-582334538
2026-08-03T02:18:39.165Z INFO  payment-service handled /api/v2/refund status=200 latency=56ms rid=req-826600539
2026-08-03T02:18:41.866Z INFO  payment-service handled /api/v2/status status=200 latency=84ms rid=req-200604502
2026-08-03T02:18:42.310Z INFO  payment-service handled /api/v2/status status=200 latency=34ms rid=req-849621470
2026-08-03T02:18:43.674Z INFO  payment-service handled /api/v2/refund status=200 latency=37ms rid=req-826600539
2026-08-03T02:18:46.845Z INFO  payment-service handled /api/v2/status status=200 latency=90ms rid=req-126855092
2026-08-03T02:18:46.585Z INFO  payment-service handled /api/v2/status status=200 latency=44ms rid=req-199585092
2026-08-03T02:18:49.657Z INFO  payment-service handled /healthz status=200 latency=87ms rid=req-200604502
2026-08-03T02:18:50.074Z INFO  payment-service handled /healthz status=200 latency=56ms rid=req-685126461
2026-08-03T02:18:51.208Z INFO  payment-service handled /healthz status=200 latency=79ms rid=req-685126461
2026-08-03T02:18:52.133Z INFO  payment-service handled /api/v2/status status=200 latency=62ms rid=req-313500298
2026-08-03T02:18:54.477Z INFO  payment-service handled /api/v2/charge status=200 latency=58ms rid=req-553035110
2026-08-03T02:18:55.297Z INFO  payment-service handled /api/v2/refund status=200 latency=30ms rid=req-896233790
2026-08-03T02:18:58.833Z INFO  payment-service handled /healthz status=200 latency=49ms rid=req-826600539
2026-08-03T02:19:00.163Z INFO  payment-service handled /api/v2/status status=200 latency=42ms rid=req-209747451
2026-08-03T02:19:02.023Z INFO  payment-service handled /healthz status=200 latency=57ms rid=req-336696312
2026-08-03T02:19:03.597Z INFO  payment-service handled /healthz status=200 latency=48ms rid=req-193349856
2026-08-03T02:19:04.549Z INFO  payment-service handled /healthz status=200 latency=78ms rid=req-200604502
2026-08-03T02:19:04.137Z INFO  payment-service pg pool: in_use=5/50 idle=36
2026-08-03T02:19:07.046Z INFO  payment-service handled /api/v2/status status=200 latency=69ms rid=req-128492780
2026-08-03T02:19:09.295Z INFO  payment-service handled /api/v2/refund status=200 latency=64ms rid=req-969119330
2026-08-03T02:19:10.998Z INFO  payment-service handled /api/v2/status status=200 latency=33ms rid=req-890779946
2026-08-03T02:19:12.773Z INFO  payment-service handled /api/v2/status status=200 latency=89ms rid=req-128492780
2026-08-03T02:19:14.046Z INFO  payment-service handled /healthz status=200 latency=82ms rid=req-126855092
2026-08-03T02:19:16.152Z INFO  payment-service handled /healthz status=200 latency=84ms rid=req-685126461
2026-08-03T02:19:18.402Z INFO  payment-service handled /api/v2/status status=200 latency=58ms rid=req-826600539
2026-08-03T02:19:20.848Z INFO  payment-service handled /api/v2/status status=200 latency=61ms rid=req-582334538
2026-08-03T02:19:22.377Z INFO  payment-service handled /api/v2/status status=200 latency=78ms rid=req-219540831
2026-08-03T02:19:23.893Z INFO  payment-service handled /healthz status=200 latency=57ms rid=req-919795579
2026-08-03T02:19:23.801Z INFO  payment-service handled /healthz status=200 latency=51ms rid=req-553778756
2026-08-03T02:19:25.491Z INFO  payment-service handled /api/v2/refund status=200 latency=24ms rid=req-914763202
2026-08-03T02:19:27.248Z INFO  payment-service handled /healthz status=200 latency=36ms rid=req-398362082
2026-08-03T02:19:30.451Z INFO  payment-service handled /api/v2/charge status=200 latency=42ms rid=req-219540831
2026-08-03T02:19:31.793Z INFO  payment-service handled /api/v2/refund status=200 latency=70ms rid=req-582334538
2026-08-03T02:19:33.212Z INFO  payment-service handled /api/v2/charge status=200 latency=35ms rid=req-732719211
2026-08-03T02:19:36.321Z INFO  payment-service handled /healthz status=200 latency=85ms rid=req-702632297
2026-08-03T02:19:37.692Z INFO  payment-service handled /api/v2/status status=200 latency=87ms rid=req-746412689
2026-08-03T02:19:40.980Z INFO  payment-service handled /api/v2/status status=200 latency=79ms rid=req-685582861
2026-08-03T02:19:42.295Z INFO  payment-service handled /api/v2/refund status=200 latency=56ms rid=req-199585092
2026-08-03T02:19:44.357Z INFO  payment-service handled /healthz status=200 latency=58ms rid=req-550455977
2026-08-03T02:19:47.587Z INFO  payment-service handled /api/v2/status status=200 latency=54ms rid=req-249827706
2026-08-03T02:19:48.823Z INFO  payment-service handled /healthz status=200 latency=62ms rid=req-199585092
2026-08-03T02:19:49.671Z INFO  payment-service handled /api/v2/charge status=200 latency=62ms rid=req-853041955
2026-08-03T02:19:50.955Z INFO  payment-service handled /api/v2/refund status=200 latency=86ms rid=req-131994523
2026-08-03T02:19:52.051Z INFO  payment-service handled /api/v2/charge status=200 latency=48ms rid=req-553035110
2026-08-03T02:19:53.423Z INFO  payment-service handled /api/v2/refund status=200 latency=24ms rid=req-339670711
2026-08-03T02:19:55.951Z INFO  payment-service handled /api/v2/refund status=200 latency=18ms rid=req-969119330
2026-08-03T02:19:57.204Z INFO  payment-service handled /healthz status=200 latency=79ms rid=req-553778756
2026-08-03T02:19:58.091Z INFO  payment-service handled /api/v2/status status=200 latency=25ms rid=req-199585092
2026-08-03T02:19:59.903Z INFO  payment-service handled /api/v2/charge status=200 latency=40ms rid=req-868820204
2026-08-03T02:20:02.190Z INFO  payment-service handled /api/v2/charge status=200 latency=68ms rid=req-336696312
2026-08-03T02:20:05.305Z INFO  payment-service handled /api/v2/status status=200 latency=22ms rid=req-786579303
2026-08-03T02:20:06.656Z INFO  payment-service handled /api/v2/status status=200 latency=54ms rid=req-685126461
2026-08-03T02:20:08.279Z INFO  payment-service handled /api/v2/refund status=200 latency=82ms rid=req-685126461
2026-08-03T02:20:09.263Z INFO  payment-service handled /api/v2/refund status=200 latency=76ms rid=req-553778756
2026-08-03T02:20:09.690Z INFO  payment-service handled /api/v2/status status=200 latency=55ms rid=req-106977991
2026-08-03T02:20:10.335Z INFO  payment-service handled /healthz status=200 latency=72ms rid=req-582334538
2026-08-03T02:20:12.331Z INFO  payment-service handled /api/v2/refund status=200 latency=35ms rid=req-550455977
2026-08-03T02:20:13.771Z INFO  payment-service handled /healthz status=200 latency=48ms rid=req-853041955
2026-08-03T02:20:14.368Z INFO  payment-service handled /api/v2/charge status=200 latency=51ms rid=req-553778756
2026-08-03T02:20:15.163Z INFO  payment-service handled /api/v2/charge status=200 latency=77ms rid=req-334760738
2026-08-03T02:20:16.938Z INFO  payment-service handled /api/v2/status status=200 latency=33ms rid=req-849621470
2026-08-03T02:20:18.489Z INFO  payment-service handled /api/v2/refund status=200 latency=46ms rid=req-890779946
2026-08-03T02:20:20.562Z INFO  payment-service handled /api/v2/status status=200 latency=71ms rid=req-266944844
2026-08-03T02:20:23.772Z INFO  payment-service handled /api/v2/refund status=200 latency=49ms rid=req-398362082
2026-08-03T02:20:25.370Z INFO  payment-service handled /healthz status=200 latency=85ms rid=req-331191390
2026-08-03T02:20:27.207Z INFO  payment-service handled /api/v2/charge status=200 latency=88ms rid=req-582334538
2026-08-03T02:20:28.119Z INFO  payment-service handled /api/v2/status status=200 latency=84ms rid=req-853041955
2026-08-03T02:20:30.456Z INFO  payment-service handled /healthz status=200 latency=29ms rid=req-582334538
2026-08-03T02:20:32.059Z INFO  payment-service handled /healthz status=200 latency=76ms rid=req-106977991
2026-08-03T02:20:34.260Z INFO  payment-service handled /api/v2/status status=200 latency=20ms rid=req-313500298
2026-08-03T02:20:36.352Z INFO  payment-service handled /api/v2/charge status=200 latency=23ms rid=req-797808098
2026-08-03T02:20:38.032Z INFO  payment-service handled /api/v2/charge status=200 latency=26ms rid=req-550455977
2026-08-03T02:20:39.912Z INFO  payment-service handled /api/v2/refund status=200 latency=71ms rid=req-128492780
2026-08-03T02:20:42.699Z INFO  payment-service handled /healthz status=200 latency=66ms rid=req-362950628
2026-08-03T02:20:44.182Z INFO  payment-service handled /api/v2/refund status=200 latency=62ms rid=req-249827706
2026-08-03T02:20:46.774Z INFO  payment-service handled /api/v2/refund status=200 latency=46ms rid=req-786579303
2026-08-03T02:20:46.689Z INFO  payment-service pg pool: in_use=8/50 idle=37
2026-08-03T02:20:48.843Z INFO  payment-service handled /healthz status=200 latency=86ms rid=req-702632297
2026-08-03T02:20:50.959Z INFO  payment-service handled /api/v2/refund status=200 latency=53ms rid=req-685582861
2026-08-03T02:20:52.784Z INFO  payment-service handled /api/v2/charge status=200 latency=71ms rid=req-271432881
2026-08-03T02:20:55.103Z INFO  payment-service handled /api/v2/refund status=200 latency=44ms rid=req-395310485
2026-08-03T02:20:57.045Z INFO  payment-service handled /api/v2/charge status=200 latency=49ms rid=req-461415646
2026-08-03T02:20:58.515Z INFO  payment-service handled /api/v2/refund status=200 latency=25ms rid=req-890779946
2026-08-03T02:20:59.309Z INFO  payment-service handled /api/v2/status status=200 latency=59ms rid=req-553035110
2026-08-03T02:21:02.281Z INFO  payment-service handled /api/v2/refund status=200 latency=70ms rid=req-334760738
2026-08-03T02:21:05.507Z INFO  payment-service handled /api/v2/refund status=200 latency=72ms rid=req-969119330
2026-08-03T02:21:06.713Z INFO  payment-service handled /healthz status=200 latency=85ms rid=req-349817734
2026-08-03T02:21:07.550Z INFO  payment-service handled /healthz status=200 latency=41ms rid=req-209747451
2026-08-03T02:21:10.936Z INFO  payment-service handled /api/v2/status status=200 latency=36ms rid=req-685126461
2026-08-03T02:21:11.137Z INFO  payment-service handled /healthz status=200 latency=89ms rid=req-732719211
2026-08-03T02:21:12.867Z INFO  payment-service handled /api/v2/status status=200 latency=28ms rid=req-853041955
2026-08-03T02:21:14.386Z INFO  payment-service handled /api/v2/refund status=200 latency=24ms rid=req-131994523
2026-08-03T02:21:16.601Z INFO  payment-service handled /api/v2/charge status=200 latency=42ms rid=req-209747451
2026-08-03T02:21:18.310Z INFO  payment-service handled /healthz status=200 latency=44ms rid=req-642621108
2026-08-03T02:21:18.772Z INFO  payment-service handled /api/v2/refund status=200 latency=33ms rid=req-461415646
2026-08-03T02:21:20.565Z INFO  payment-service handled /api/v2/refund status=200 latency=68ms rid=req-553035110
2026-08-03T02:21:21.367Z INFO  payment-service handled /healthz status=200 latency=86ms rid=req-553778756
2026-08-03T02:21:22.822Z INFO  payment-service handled /healthz status=200 latency=77ms rid=req-339670711
2026-08-03T02:21:24.320Z INFO  payment-service handled /api/v2/status status=200 latency=44ms rid=req-128492780
2026-08-03T02:21:26.267Z INFO  payment-service handled /api/v2/refund status=200 latency=36ms rid=req-219540831
2026-08-03T02:21:28.200Z INFO  payment-service handled /healthz status=200 latency=55ms rid=req-210053353
2026-08-03T02:21:29.670Z INFO  payment-service handled /api/v2/refund status=200 latency=81ms rid=req-969119330
2026-08-03T02:21:31.172Z INFO  payment-service handled /healthz status=200 latency=80ms rid=req-685126461
2026-08-03T02:21:32.188Z INFO  payment-service handled /api/v2/refund status=200 latency=87ms rid=req-336696312
2026-08-03T02:21:34.859Z INFO  payment-service handled /api/v2/charge status=200 latency=85ms rid=req-126855092
2026-08-03T02:21:37.140Z INFO  payment-service handled /api/v2/charge status=200 latency=18ms rid=req-868820204
2026-08-03T02:21:38.517Z INFO  payment-service handled /api/v2/refund status=200 latency=19ms rid=req-193349856
2026-08-03T02:21:38.006Z INFO  payment-service handled /healthz status=200 latency=80ms rid=req-219540831
2026-08-03T02:21:40.281Z INFO  payment-service handled /api/v2/charge status=200 latency=85ms rid=req-919795579
2026-08-03T02:21:41.940Z INFO  payment-service handled /healthz status=200 latency=40ms rid=req-339670711
2026-08-03T02:21:42.834Z INFO  payment-service handled /api/v2/refund status=200 latency=85ms rid=req-134126396
2026-08-03T02:21:44.470Z INFO  payment-service handled /api/v2/charge status=200 latency=65ms rid=req-313500298
2026-08-03T02:21:47.847Z INFO  payment-service handled /api/v2/refund status=200 latency=56ms rid=req-398362082
2026-08-03T02:21:50.388Z INFO  payment-service handled /api/v2/charge status=200 latency=29ms rid=req-313500298
2026-08-03T02:21:51.511Z INFO  payment-service handled /api/v2/charge status=200 latency=39ms rid=req-362950628
2026-08-03T02:21:53.916Z INFO  payment-service handled /api/v2/status status=200 latency=90ms rid=req-339670711
2026-08-03T02:21:54.277Z INFO  payment-service handled /api/v2/refund status=200 latency=90ms rid=req-550455977
2026-08-03T02:21:55.673Z INFO  payment-service handled /api/v2/status status=200 latency=87ms rid=req-106977991
2026-08-03T02:21:57.601Z INFO  payment-service handled /api/v2/status status=200 latency=20ms rid=req-193349856
2026-08-03T02:22:00.166Z INFO  payment-service handled /healthz status=200 latency=27ms rid=req-334760738
2026-08-03T02:22:02.393Z INFO  payment-service handled /healthz status=200 latency=87ms rid=req-642621108
2026-08-03T02:22:03.997Z INFO  payment-service handled /api/v2/charge status=200 latency=82ms rid=req-461415646
2026-08-03T02:22:04.619Z INFO  payment-service handled /api/v2/refund status=200 latency=27ms rid=req-642621108
2026-08-03T02:22:06.649Z INFO  payment-service handled /healthz status=200 latency=59ms rid=req-219540831
2026-08-03T02:22:09.566Z INFO  payment-service handled /healthz status=200 latency=47ms rid=req-746412689
2026-08-03T02:22:11.633Z INFO  payment-service handled /healthz status=200 latency=28ms rid=req-199585092
2026-08-03T02:22:12.157Z INFO  payment-service handled /api/v2/charge status=200 latency=28ms rid=req-131994523
2026-08-03T02:22:15.369Z INFO  payment-service handled /api/v2/refund status=200 latency=67ms rid=req-349817734
2026-08-03T02:22:15.779Z INFO  payment-service handled /api/v2/status status=200 latency=74ms rid=req-128492780
2026-08-03T02:22:16.570Z INFO  payment-service handled /api/v2/refund status=200 latency=73ms rid=req-853041955
2026-08-03T02:22:17.567Z INFO  payment-service handled /api/v2/charge status=200 latency=29ms rid=req-746412689
2026-08-03T02:22:19.298Z INFO  payment-service handled /api/v2/status status=200 latency=67ms rid=req-786579303
2026-08-03T02:22:22.701Z INFO  payment-service handled /api/v2/refund status=200 latency=84ms rid=req-826600539
2026-08-03T02:22:23.149Z INFO  payment-service handled /api/v2/status status=200 latency=52ms rid=req-336696312
2026-08-03T02:22:24.801Z INFO  payment-service handled /healthz status=200 latency=56ms rid=req-550455977
2026-08-03T02:22:25.631Z INFO  payment-service handled /api/v2/refund status=200 latency=81ms rid=req-965241839
2026-08-03T02:22:26.340Z INFO  payment-service handled /api/v2/status status=200 latency=18ms rid=req-313500298
2026-08-03T02:22:28.440Z INFO  payment-service handled /api/v2/status status=200 latency=74ms rid=req-642621108
2026-08-03T02:22:30.617Z INFO  payment-service handled /api/v2/refund status=200 latency=56ms rid=req-349817734
2026-08-03T02:22:31.991Z INFO  payment-service handled /api/v2/status status=200 latency=40ms rid=req-313500298
2026-08-03T02:22:34.385Z INFO  payment-service handled /healthz status=200 latency=49ms rid=req-349817734
2026-08-03T02:22:36.204Z INFO  payment-service handled /api/v2/status status=200 latency=32ms rid=req-106977991
2026-08-03T02:22:38.214Z INFO  payment-service handled /api/v2/charge status=200 latency=77ms rid=req-331191390
2026-08-03T02:22:39.511Z INFO  payment-service handled /api/v2/charge status=200 latency=70ms rid=req-398362082
2026-08-03T02:22:40.433Z INFO  payment-service handled /api/v2/status status=200 latency=37ms rid=req-331191390
2026-08-03T02:22:41.518Z INFO  payment-service handled /healthz status=200 latency=69ms rid=req-398704996
2026-08-03T02:22:44.809Z INFO  payment-service handled /healthz status=200 latency=87ms rid=req-126855092
2026-08-03T02:22:46.254Z INFO  payment-service handled /api/v2/charge status=200 latency=31ms rid=req-199585092
2026-08-03T02:22:47.693Z INFO  payment-service handled /api/v2/charge status=200 latency=90ms rid=req-553778756
2026-08-03T02:22:50.010Z INFO  payment-service handled /api/v2/status status=200 latency=73ms rid=req-339670711
2026-08-03T02:22:51.400Z INFO  payment-service handled /api/v2/refund status=200 latency=75ms rid=req-128492780
2026-08-03T02:22:54.494Z INFO  payment-service handled /api/v2/refund status=200 latency=62ms rid=req-219540831
2026-08-03T02:22:55.145Z INFO  payment-service handled /api/v2/charge status=200 latency=32ms rid=req-919795579
2026-08-03T02:22:57.356Z INFO  payment-service handled /api/v2/refund status=200 latency=84ms rid=req-550455977
2026-08-03T02:22:58.307Z INFO  payment-service handled /healthz status=200 latency=58ms rid=req-395310485
2026-08-03T02:23:00.111Z INFO  payment-service handled /api/v2/charge status=200 latency=61ms rid=req-553778756
2026-08-03T02:23:01.565Z INFO  payment-service handled /api/v2/refund status=200 latency=84ms rid=req-895285932
2026-08-03T02:23:03.644Z INFO  payment-service handled /healthz status=200 latency=47ms rid=req-313500298
2026-08-03T02:23:05.755Z INFO  payment-service handled /healthz status=200 latency=68ms rid=req-219540831
2026-08-03T02:23:06.721Z INFO  payment-service handled /healthz status=200 latency=67ms rid=req-786579303
2026-08-03T02:23:08.191Z INFO  payment-service handled /api/v2/charge status=200 latency=31ms rid=req-398704996
2026-08-03T02:23:09.883Z INFO  payment-service handled /api/v2/charge status=200 latency=51ms rid=req-465341213
2026-08-03T02:23:11.401Z INFO  payment-service handled /api/v2/status status=200 latency=67ms rid=req-271432881
2026-08-03T02:23:13.722Z INFO  payment-service handled /healthz status=200 latency=40ms rid=req-398362082
2026-08-03T02:23:16.120Z INFO  payment-service handled /api/v2/charge status=200 latency=35ms rid=req-349817734
2026-08-03T02:23:16.397Z INFO  payment-service handled /api/v2/status status=200 latency=36ms rid=req-582334538
2026-08-03T02:23:17.498Z INFO  payment-service handled /healthz status=200 latency=72ms rid=req-895285932
2026-08-03T02:23:19.501Z INFO  payment-service handled /api/v2/refund status=200 latency=89ms rid=req-826600539
2026-08-03T02:23:20.974Z INFO  payment-service handled /healthz status=200 latency=24ms rid=req-746412689
2026-08-03T02:23:20.834Z INFO  payment-service pg pool: in_use=6/50 idle=33
2026-08-03T02:23:22.503Z INFO  payment-service handled /healthz status=200 latency=70ms rid=req-398362082
2026-08-03T02:23:24.578Z INFO  payment-service handled /healthz status=200 latency=39ms rid=req-362950628
2026-08-03T02:23:27.230Z INFO  payment-service handled /api/v2/status status=200 latency=22ms rid=req-131994523
2026-08-03T02:23:28.791Z INFO  payment-service handled /healthz status=200 latency=90ms rid=req-461415646
2026-08-03T02:23:30.793Z INFO  payment-service handled /api/v2/charge status=200 latency=32ms rid=req-131994523
2026-08-03T02:23:33.223Z INFO  payment-service handled /api/v2/charge status=200 latency=74ms rid=req-398704996
2026-08-03T02:23:33.460Z INFO  payment-service handled /api/v2/refund status=200 latency=56ms rid=req-126855092
2026-08-03T02:23:36.794Z INFO  payment-service handled /api/v2/charge status=200 latency=74ms rid=req-249827706
2026-08-03T02:23:37.630Z INFO  payment-service handled /api/v2/status status=200 latency=72ms rid=req-826600539
2026-08-03T02:23:38.359Z INFO  payment-service handled /api/v2/refund status=200 latency=25ms rid=req-106977991
2026-08-03T02:23:40.299Z INFO  payment-service handled /api/v2/refund status=200 latency=59ms rid=req-331191390
2026-08-03T02:23:41.804Z INFO  payment-service handled /api/v2/charge status=200 latency=35ms rid=req-209747451
2026-08-03T02:23:42.886Z INFO  payment-service handled /api/v2/status status=200 latency=34ms rid=req-266944844
2026-08-03T02:23:43.863Z INFO  payment-service handled /api/v2/status status=200 latency=49ms rid=req-209747451
2026-08-03T02:23:45.462Z INFO  payment-service handled /api/v2/status status=200 latency=71ms rid=req-702632297
2026-08-03T02:23:47.767Z INFO  payment-service handled /api/v2/charge status=200 latency=69ms rid=req-582334538
2026-08-03T02:23:50.335Z INFO  payment-service handled /api/v2/status status=200 latency=76ms rid=req-336696312
2026-08-03T02:23:53.680Z INFO  payment-service handled /api/v2/charge status=200 latency=76ms rid=req-849621470
2026-08-03T02:23:55.844Z INFO  payment-service handled /healthz status=200 latency=45ms rid=req-797808098
2026-08-03T02:23:56.591Z INFO  payment-service handled /api/v2/status status=200 latency=61ms rid=req-969119330
2026-08-03T02:23:59.101Z INFO  payment-service handled /api/v2/status status=200 latency=24ms rid=req-126855092
2026-08-03T02:24:02.451Z INFO  payment-service handled /api/v2/charge status=200 latency=33ms rid=req-826600539
2026-08-03T02:24:05.931Z INFO  payment-service handled /healthz status=200 latency=43ms rid=req-266944844
2026-08-03T02:24:07.670Z INFO  payment-service handled /api/v2/refund status=200 latency=53ms rid=req-362950628
2026-08-03T02:24:07.640Z INFO  payment-service handled /api/v2/refund status=200 latency=24ms rid=req-313500298
2026-08-03T02:24:10.093Z INFO  payment-service handled /api/v2/refund status=200 latency=72ms rid=req-553778756
2026-08-03T02:24:10.607Z INFO  payment-service handled /healthz status=200 latency=27ms rid=req-890779946
2026-08-03T02:24:12.351Z INFO  payment-service handled /api/v2/charge status=200 latency=19ms rid=req-266944844
2026-08-03T02:24:15.072Z INFO  payment-service handled /healthz status=200 latency=34ms rid=req-550455977
2026-08-03T02:24:16.376Z INFO  payment-service handled /api/v2/charge status=200 latency=31ms rid=req-349817734
2026-08-03T02:24:17.543Z INFO  payment-service handled /api/v2/refund status=200 latency=36ms rid=req-395310485
2026-08-03T02:24:19.739Z INFO  payment-service handled /api/v2/refund status=200 latency=74ms rid=req-746412689
2026-08-03T02:24:21.088Z INFO  payment-service handled /healthz status=200 latency=74ms rid=req-193349856
2026-08-03T02:24:22.986Z INFO  payment-service handled /api/v2/charge status=200 latency=67ms rid=req-746412689
2026-08-03T02:24:25.086Z INFO  payment-service handled /api/v2/refund status=200 latency=53ms rid=req-553778756
2026-08-03T02:24:27.896Z INFO  payment-service handled /api/v2/status status=200 latency=21ms rid=req-465341213
2026-08-03T02:24:28.661Z INFO  payment-service handled /api/v2/refund status=200 latency=68ms rid=req-200604502
2026-08-03T02:24:31.115Z INFO  payment-service handled /api/v2/refund status=200 latency=81ms rid=req-702632297
2026-08-03T02:24:33.369Z INFO  payment-service handled /api/v2/charge status=200 latency=85ms rid=req-786579303
2026-08-03T02:24:34.699Z INFO  payment-service handled /healthz status=200 latency=64ms rid=req-398704996
2026-08-03T02:24:36.069Z INFO  payment-service handled /api/v2/charge status=200 latency=20ms rid=req-914763202
2026-08-03T02:24:36.944Z INFO  payment-service pg pool: in_use=7/50 idle=30
2026-08-03T02:24:36.643Z INFO  payment-service handled /healthz status=200 latency=82ms rid=req-200604502
2026-08-03T02:24:39.655Z INFO  payment-service handled /healthz status=200 latency=69ms rid=req-362950628
2026-08-03T02:24:41.080Z INFO  payment-service handled /api/v2/status status=200 latency=28ms rid=req-334760738
2026-08-03T02:24:42.400Z INFO  payment-service handled /api/v2/refund status=200 latency=86ms rid=req-349817734
2026-08-03T02:24:44.447Z INFO  payment-service handled /api/v2/charge status=200 latency=57ms rid=req-266944844
2026-08-03T02:24:47.946Z INFO  payment-service handled /api/v2/charge status=200 latency=49ms rid=req-362950628
2026-08-03T02:24:48.759Z INFO  payment-service handled /api/v2/charge status=200 latency=57ms rid=req-465341213
2026-08-03T02:24:49.011Z INFO  payment-service handled /api/v2/charge status=200 latency=35ms rid=req-266944844
2026-08-03T02:24:52.129Z INFO  payment-service handled /api/v2/status status=200 latency=39ms rid=req-128492780
2026-08-03T02:24:55.826Z INFO  payment-service handled /api/v2/charge status=200 latency=21ms rid=req-642621108
2026-08-03T02:24:57.466Z INFO  payment-service handled /api/v2/status status=200 latency=27ms rid=req-336696312
2026-08-03T02:24:57.261Z INFO  payment-service handled /api/v2/refund status=200 latency=65ms rid=req-826600539
2026-08-03T02:25:00.521Z INFO  payment-service handled /api/v2/charge status=200 latency=47ms rid=req-461415646
2026-08-03T02:25:00.047Z INFO  payment-service pg pool: in_use=4/50 idle=33
2026-08-03T02:25:02.953Z INFO  payment-service handled /healthz status=200 latency=37ms rid=req-895285932
2026-08-03T02:25:02.254Z INFO  payment-service handled /healthz status=200 latency=46ms rid=req-349817734
2026-08-03T02:25:05.381Z INFO  payment-service handled /api/v2/status status=200 latency=27ms rid=req-106977991
2026-08-03T02:25:07.823Z INFO  payment-service handled /api/v2/charge status=200 latency=40ms rid=req-734036506
2026-08-03T02:25:08.886Z INFO  payment-service handled /healthz status=200 latency=26ms rid=req-685126461
2026-08-03T02:25:10.467Z INFO  payment-service handled /api/v2/status status=200 latency=29ms rid=req-969119330
2026-08-03T02:25:10.577Z INFO  payment-service pg pool: in_use=7/50 idle=34
2026-08-03T02:25:13.605Z INFO  payment-service handled /api/v2/refund status=200 latency=77ms rid=req-128492780
2026-08-03T02:25:16.815Z INFO  payment-service handled /api/v2/refund status=200 latency=87ms rid=req-209747451
2026-08-03T02:25:16.554Z INFO  payment-service handled /healthz status=200 latency=21ms rid=req-734036506
2026-08-03T02:25:19.777Z INFO  payment-service handled /api/v2/charge status=200 latency=60ms rid=req-786579303
2026-08-03T02:25:21.542Z INFO  payment-service handled /api/v2/status status=200 latency=31ms rid=req-193349856
2026-08-03T02:25:23.286Z INFO  payment-service handled /api/v2/charge status=200 latency=36ms rid=req-331191390
2026-08-03T02:25:26.997Z INFO  payment-service handled /healthz status=200 latency=65ms rid=req-685126461
2026-08-03T02:25:28.606Z INFO  payment-service handled /api/v2/refund status=200 latency=68ms rid=req-395310485
2026-08-03T02:25:29.267Z INFO  payment-service handled /api/v2/refund status=200 latency=48ms rid=req-200604502
2026-08-03T02:25:32.463Z INFO  payment-service handled /healthz status=200 latency=59ms rid=req-349817734
2026-08-03T02:25:33.788Z INFO  payment-service handled /api/v2/refund status=200 latency=35ms rid=req-199585092
2026-08-03T02:25:34.321Z INFO  payment-service handled /api/v2/refund status=200 latency=75ms rid=req-685126461
2026-08-03T02:25:35.474Z INFO  payment-service handled /api/v2/refund status=200 latency=75ms rid=req-334760738
2026-08-03T02:25:36.713Z INFO  payment-service handled /api/v2/refund status=200 latency=56ms rid=req-331191390
2026-08-03T02:25:37.728Z INFO  payment-service handled /api/v2/status status=200 latency=36ms rid=req-362950628
2026-08-03T02:25:39.839Z INFO  payment-service handled /api/v2/charge status=200 latency=56ms rid=req-134126396
2026-08-03T02:25:39.766Z INFO  payment-service handled /healthz status=200 latency=75ms rid=req-969119330
2026-08-03T02:25:40.012Z INFO  payment-service handled /api/v2/charge status=200 latency=35ms rid=req-249827706
2026-08-03T02:25:42.843Z INFO  payment-service handled /api/v2/refund status=200 latency=34ms rid=req-685582861
2026-08-03T02:25:45.022Z INFO  payment-service handled /api/v2/charge status=200 latency=51ms rid=req-395310485
2026-08-03T02:25:46.926Z INFO  payment-service handled /healthz status=200 latency=34ms rid=req-362950628
2026-08-03T02:25:48.051Z INFO  payment-service handled /api/v2/charge status=200 latency=23ms rid=req-685126461
2026-08-03T02:25:50.391Z INFO  payment-service handled /healthz status=200 latency=81ms rid=req-219540831
2026-08-03T02:25:51.286Z INFO  payment-service handled /api/v2/refund status=200 latency=41ms rid=req-131994523
2026-08-03T02:25:52.421Z INFO  payment-service handled /api/v2/refund status=200 latency=55ms rid=req-336696312
2026-08-03T02:25:54.140Z INFO  payment-service handled /api/v2/charge status=200 latency=53ms rid=req-702632297
2026-08-03T02:25:56.391Z INFO  payment-service handled /api/v2/refund status=200 latency=87ms rid=req-219540831
2026-08-03T02:25:57.514Z INFO  payment-service handled /healthz status=200 latency=62ms rid=req-106977991
2026-08-03T02:25:58.224Z INFO  payment-service handled /api/v2/charge status=200 latency=58ms rid=req-965241839
2026-08-03T02:25:58.828Z INFO  payment-service pg pool: in_use=8/50 idle=30
2026-08-03T02:26:01.102Z INFO  payment-service handled /api/v2/status status=200 latency=47ms rid=req-826600539
2026-08-03T02:26:02.866Z INFO  payment-service handled /api/v2/charge status=200 latency=46ms rid=req-106977991
2026-08-03T02:26:04.606Z INFO  payment-service handled /api/v2/refund status=200 latency=40ms rid=req-553035110
2026-08-03T02:26:06.717Z INFO  payment-service handled /api/v2/status status=200 latency=21ms rid=req-331191390
2026-08-03T02:26:08.856Z INFO  payment-service handled /api/v2/refund status=200 latency=90ms rid=req-685582861
2026-08-03T02:26:11.179Z INFO  payment-service handled /healthz status=200 latency=87ms rid=req-334760738
2026-08-03T02:26:12.539Z INFO  payment-service handled /api/v2/refund status=200 latency=46ms rid=req-219540831
2026-08-03T02:26:13.734Z INFO  payment-service handled /api/v2/refund status=200 latency=34ms rid=req-642621108
2026-08-03T02:26:15.151Z INFO  payment-service handled /api/v2/status status=200 latency=25ms rid=req-219540831
2026-08-03T02:26:18.983Z INFO  payment-service handled /api/v2/charge status=200 latency=85ms rid=req-128492780
2026-08-03T02:26:20.309Z INFO  payment-service handled /healthz status=200 latency=30ms rid=req-642621108
2026-08-03T02:26:23.324Z INFO  payment-service handled /healthz status=200 latency=80ms rid=req-553778756
2026-08-03T02:26:26.603Z INFO  payment-service handled /api/v2/status status=200 latency=46ms rid=req-465341213
2026-08-03T02:26:28.746Z INFO  payment-service handled /api/v2/status status=200 latency=34ms rid=req-895285932
2026-08-03T02:26:28.789Z INFO  payment-service pg pool: in_use=10/50 idle=43
2026-08-03T02:26:31.325Z INFO  payment-service handled /api/v2/charge status=200 latency=41ms rid=req-965241839
2026-08-03T02:26:34.959Z INFO  payment-service handled /api/v2/refund status=200 latency=90ms rid=req-339670711
2026-08-03T02:26:35.327Z INFO  payment-service handled /api/v2/charge status=200 latency=48ms rid=req-746412689
2026-08-03T02:26:38.011Z INFO  payment-service handled /api/v2/charge status=200 latency=60ms rid=req-853041955
2026-08-03T02:26:39.805Z INFO  payment-service handled /api/v2/charge status=200 latency=62ms rid=req-134126396
2026-08-03T02:26:39.429Z INFO  payment-service handled /healthz status=200 latency=74ms rid=req-919795579
2026-08-03T02:26:42.559Z INFO  payment-service handled /healthz status=200 latency=66ms rid=req-746412689
2026-08-03T02:26:45.075Z INFO  payment-service handled /api/v2/refund status=200 latency=38ms rid=req-853041955
2026-08-03T02:26:45.974Z INFO  payment-service handled /api/v2/charge status=200 latency=58ms rid=req-134126396
2026-08-03T02:26:46.076Z INFO  payment-service handled /healthz status=200 latency=38ms rid=req-919795579
2026-08-03T02:26:49.628Z INFO  payment-service handled /api/v2/charge status=200 latency=61ms rid=req-965241839
2026-08-03T02:26:51.911Z INFO  payment-service handled /healthz status=200 latency=39ms rid=req-965241839
2026-08-03T02:26:52.419Z INFO  payment-service handled /api/v2/status status=200 latency=44ms rid=req-685582861
2026-08-03T02:26:54.243Z INFO  payment-service handled /api/v2/status status=200 latency=54ms rid=req-334760738
2026-08-03T02:26:56.369Z INFO  payment-service handled /healthz status=200 latency=37ms rid=req-896233790
2026-08-03T02:26:56.843Z INFO  payment-service pg pool: in_use=5/50 idle=34
2026-08-03T02:26:58.026Z INFO  payment-service handled /healthz status=200 latency=43ms rid=req-339670711
2026-08-03T02:27:00.315Z INFO  payment-service handled /api/v2/charge status=200 latency=78ms rid=req-249827706
2026-08-03T02:27:02.557Z INFO  payment-service handled /api/v2/status status=200 latency=29ms rid=req-553778756
2026-08-03T02:27:03.456Z INFO  payment-service handled /healthz status=200 latency=65ms rid=req-895285932
2026-08-03T02:27:05.577Z INFO  payment-service handled /api/v2/status status=200 latency=46ms rid=req-131994523
2026-08-03T02:27:07.352Z INFO  payment-service handled /api/v2/charge status=200 latency=28ms rid=req-465341213
2026-08-03T02:27:09.860Z INFO  payment-service handled /api/v2/refund status=200 latency=88ms rid=req-896233790
2026-08-03T02:27:11.306Z INFO  payment-service handled /healthz status=200 latency=48ms rid=req-550455977
2026-08-03T02:27:13.922Z INFO  payment-service handled /api/v2/charge status=200 latency=82ms rid=req-106977991
2026-08-03T02:27:15.459Z INFO  payment-service handled /api/v2/refund status=200 latency=33ms rid=req-209747451
2026-08-03T02:27:18.043Z INFO  payment-service handled /api/v2/refund status=200 latency=42ms rid=req-890779946
2026-08-03T02:27:21.151Z INFO  payment-service handled /healthz status=200 latency=43ms rid=req-849621470
2026-08-03T02:27:22.569Z INFO  payment-service handled /api/v2/charge status=200 latency=29ms rid=req-702632297
2026-08-03T02:27:24.939Z INFO  payment-service handled /api/v2/status status=200 latency=84ms rid=req-685126461
2026-08-03T02:27:26.153Z INFO  payment-service handled /healthz status=200 latency=32ms rid=req-868820204
2026-08-03T02:27:28.798Z INFO  payment-service handled /api/v2/charge status=200 latency=31ms rid=req-106977991
2026-08-03T02:27:29.392Z INFO  payment-service handled /api/v2/status status=200 latency=70ms rid=req-134126396
2026-08-03T02:27:31.282Z INFO  payment-service handled /healthz status=200 latency=22ms rid=req-895285932
2026-08-03T02:27:33.910Z INFO  payment-service handled /healthz status=200 latency=22ms rid=req-313500298
2026-08-03T02:27:35.918Z INFO  payment-service handled /api/v2/charge status=200 latency=78ms rid=req-131994523
2026-08-03T02:27:37.863Z INFO  payment-service handled /api/v2/status status=200 latency=57ms rid=req-131994523
2026-08-03T02:27:39.307Z INFO  payment-service handled /api/v2/charge status=200 latency=47ms rid=req-890779946
2026-08-03T02:27:41.426Z INFO  payment-service handled /api/v2/status status=200 latency=52ms rid=req-919795579
2026-08-03T02:27:41.758Z INFO  payment-service handled /healthz status=200 latency=45ms rid=req-868820204
2026-08-03T02:27:43.810Z INFO  payment-service handled /api/v2/status status=200 latency=25ms rid=req-582334538
2026-08-03T02:27:44.871Z INFO  payment-service handled /healthz status=200 latency=35ms rid=req-199585092
2026-08-03T02:27:46.857Z INFO  payment-service handled /api/v2/refund status=200 latency=42ms rid=req-685582861
2026-08-03T02:27:47.203Z INFO  payment-service handled /api/v2/charge status=200 latency=64ms rid=req-331191390
2026-08-03T02:27:50.031Z INFO  payment-service handled /healthz status=200 latency=33ms rid=req-398362082
2026-08-03T02:27:51.600Z INFO  payment-service handled /healthz status=200 latency=40ms rid=req-550455977
2026-08-03T02:27:53.028Z INFO  payment-service handled /api/v2/status status=200 latency=29ms rid=req-200604502
2026-08-03T02:27:54.230Z INFO  payment-service handled /api/v2/refund status=200 latency=46ms rid=req-553778756
2026-08-03T02:27:55.885Z INFO  payment-service handled /healthz status=200 latency=83ms rid=req-219540831
2026-08-03T02:27:57.662Z INFO  payment-service handled /api/v2/charge status=200 latency=78ms rid=req-890779946
2026-08-03T02:28:00.824Z INFO  payment-service handled /api/v2/refund status=200 latency=50ms rid=req-965241839
2026-08-03T02:28:02.872Z INFO  payment-service handled /api/v2/status status=200 latency=72ms rid=req-702632297
2026-08-03T02:28:03.533Z INFO  payment-service handled /healthz status=200 latency=56ms rid=req-398362082
2026-08-03T02:28:05.678Z INFO  payment-service handled /api/v2/charge status=200 latency=18ms rid=req-582334538
2026-08-03T02:28:07.110Z INFO  payment-service handled /api/v2/status status=200 latency=56ms rid=req-398362082
2026-08-03T02:28:08.267Z INFO  payment-service handled /api/v2/status status=200 latency=59ms rid=req-131994523
2026-08-03T02:28:11.529Z INFO  payment-service handled /api/v2/status status=200 latency=42ms rid=req-210053353
2026-08-03T02:28:14.143Z INFO  payment-service handled /healthz status=200 latency=58ms rid=req-398362082
2026-08-03T02:28:16.414Z INFO  payment-service handled /api/v2/status status=200 latency=51ms rid=req-868820204
2026-08-03T02:28:17.730Z INFO  payment-service handled /api/v2/refund status=200 latency=61ms rid=req-919795579
2026-08-03T02:28:19.307Z INFO  payment-service handled /healthz status=200 latency=63ms rid=req-582334538
2026-08-03T02:28:21.482Z INFO  payment-service handled /api/v2/refund status=200 latency=55ms rid=req-339670711
2026-08-03T02:28:22.091Z INFO  payment-service handled /api/v2/refund status=200 latency=60ms rid=req-553778756
2026-08-03T02:28:23.380Z INFO  payment-service handled /api/v2/status status=200 latency=71ms rid=req-642621108
2026-08-03T02:28:25.887Z INFO  payment-service handled /api/v2/charge status=200 latency=78ms rid=req-896233790
2026-08-03T02:28:27.512Z INFO  payment-service handled /api/v2/charge status=200 latency=78ms rid=req-685582861
2026-08-03T02:28:29.891Z INFO  payment-service handled /api/v2/status status=200 latency=70ms rid=req-896233790
2026-08-03T02:28:30.583Z INFO  payment-service handled /api/v2/refund status=200 latency=61ms rid=req-868820204
2026-08-03T02:28:33.184Z INFO  payment-service handled /api/v2/refund status=200 latency=58ms rid=req-331191390
2026-08-03T02:28:34.059Z INFO  payment-service handled /api/v2/refund status=200 latency=58ms rid=req-849621470
2026-08-03T02:28:34.779Z INFO  payment-service pg pool: in_use=8/50 idle=33
2026-08-03T02:28:37.798Z INFO  payment-service handled /api/v2/refund status=200 latency=80ms rid=req-209747451
2026-08-03T02:28:39.988Z INFO  payment-service handled /healthz status=200 latency=69ms rid=req-797808098
2026-08-03T02:28:39.913Z INFO  payment-service handled /api/v2/refund status=200 latency=65ms rid=req-786579303
2026-08-03T02:28:42.004Z INFO  payment-service handled /api/v2/refund status=200 latency=20ms rid=req-398362082
2026-08-03T02:28:43.105Z INFO  payment-service handled /api/v2/status status=200 latency=57ms rid=req-890779946
2026-08-03T02:28:45.305Z INFO  payment-service handled /api/v2/refund status=200 latency=26ms rid=req-126855092
2026-08-03T02:28:47.137Z INFO  payment-service handled /api/v2/status status=200 latency=73ms rid=req-398362082
2026-08-03T02:28:49.970Z INFO  payment-service handled /api/v2/status status=200 latency=42ms rid=req-826600539
2026-08-03T02:28:52.744Z INFO  payment-service handled /api/v2/charge status=200 latency=47ms rid=req-734036506
2026-08-03T02:28:53.126Z INFO  payment-service handled /api/v2/charge status=200 latency=82ms rid=req-826600539
2026-08-03T02:28:55.261Z INFO  payment-service handled /api/v2/charge status=200 latency=66ms rid=req-849621470
2026-08-03T02:28:57.856Z INFO  payment-service handled /api/v2/charge status=200 latency=31ms rid=req-553778756
2026-08-03T02:28:57.454Z INFO  payment-service pg pool: in_use=5/50 idle=36
2026-08-03T02:28:59.156Z INFO  payment-service handled /api/v2/status status=200 latency=78ms rid=req-266944844
2026-08-03T02:29:01.677Z INFO  payment-service handled /api/v2/charge status=200 latency=56ms rid=req-868820204
2026-08-03T02:29:03.523Z INFO  payment-service handled /api/v2/refund status=200 latency=71ms rid=req-339670711
2026-08-03T02:29:03.203Z INFO  payment-service handled /api/v2/charge status=200 latency=31ms rid=req-336696312
2026-08-03T02:29:06.419Z INFO  payment-service handled /api/v2/refund status=200 latency=63ms rid=req-331191390
2026-08-03T02:29:06.955Z INFO  payment-service handled /healthz status=200 latency=44ms rid=req-266944844
2026-08-03T02:29:08.855Z INFO  payment-service handled /api/v2/charge status=200 latency=29ms rid=req-249827706
2026-08-03T02:29:09.740Z INFO  payment-service handled /api/v2/charge status=200 latency=83ms rid=req-395310485
2026-08-03T02:29:12.270Z INFO  payment-service handled /api/v2/refund status=200 latency=76ms rid=req-200604502
2026-08-03T02:29:13.368Z INFO  payment-service handled /api/v2/refund status=200 latency=23ms rid=req-200604502
2026-08-03T02:29:14.911Z INFO  payment-service handled /api/v2/charge status=200 latency=30ms rid=req-209747451
2026-08-03T02:29:17.915Z INFO  payment-service handled /api/v2/refund status=200 latency=60ms rid=req-746412689
2026-08-03T02:29:19.187Z INFO  payment-service handled /api/v2/charge status=200 latency=65ms rid=req-642621108
2026-08-03T02:29:20.706Z INFO  payment-service handled /healthz status=200 latency=52ms rid=req-702632297
2026-08-03T02:29:23.712Z INFO  payment-service handled /api/v2/refund status=200 latency=32ms rid=req-890779946
2026-08-03T02:29:26.933Z INFO  payment-service handled /api/v2/refund status=200 latency=31ms rid=req-868820204
2026-08-03T02:29:28.388Z INFO  payment-service handled /healthz status=200 latency=41ms rid=req-271432881
2026-08-03T02:29:30.115Z INFO  payment-service handled /api/v2/refund status=200 latency=79ms rid=req-336696312
2026-08-03T02:29:32.321Z INFO  payment-service handled /api/v2/charge status=200 latency=51ms rid=req-553778756
2026-08-03T02:29:32.761Z INFO  payment-service pg pool: in_use=12/50 idle=42
2026-08-03T02:29:34.535Z INFO  payment-service handled /api/v2/refund status=200 latency=61ms rid=req-732719211
2026-08-03T02:29:36.354Z INFO  payment-service handled /healthz status=200 latency=49ms rid=req-550455977
2026-08-03T02:29:38.055Z INFO  payment-service handled /api/v2/refund status=200 latency=89ms rid=req-271432881
2026-08-03T02:29:38.869Z INFO  payment-service pg pool: in_use=6/50 idle=38
2026-08-03T02:29:40.769Z INFO  payment-service handled /healthz status=200 latency=39ms rid=req-395310485
2026-08-03T02:29:41.228Z INFO  payment-service handled /api/v2/status status=200 latency=24ms rid=req-582334538
2026-08-03T02:29:42.454Z INFO  payment-service handled /api/v2/refund status=200 latency=28ms rid=req-685126461
2026-08-03T02:29:44.121Z INFO  payment-service handled /healthz status=200 latency=75ms rid=req-349817734
2026-08-03T02:29:46.422Z INFO  payment-service handled /api/v2/charge status=200 latency=31ms rid=req-313500298
2026-08-03T02:29:48.575Z INFO  payment-service handled /api/v2/charge status=200 latency=56ms rid=req-582334538
2026-08-03T02:29:50.836Z INFO  payment-service handled /api/v2/status status=200 latency=64ms rid=req-896233790
2026-08-03T02:29:52.463Z INFO  payment-service handled /healthz status=200 latency=64ms rid=req-331191390
2026-08-03T02:29:54.363Z INFO  payment-service handled /api/v2/refund status=200 latency=18ms rid=req-642621108
2026-08-03T02:29:57.382Z INFO  payment-service handled /api/v2/status status=200 latency=88ms rid=req-732719211
2026-08-03T02:29:58.841Z INFO  payment-service handled /api/v2/refund status=200 latency=81ms rid=req-890779946
2026-08-03T02:30:00.200Z INFO  payment-service handled /api/v2/charge status=200 latency=50ms rid=req-271432881
2026-08-03T02:30:03.844Z INFO  payment-service handled /healthz status=200 latency=45ms rid=req-685126461
2026-08-03T02:30:05.948Z INFO  payment-service handled /api/v2/charge status=200 latency=71ms rid=req-126855092
2026-08-03T02:30:07.674Z INFO  payment-service handled /api/v2/charge status=200 latency=75ms rid=req-685126461
2026-08-03T02:30:09.753Z INFO  payment-service handled /healthz status=200 latency=18ms rid=req-732719211
2026-08-03T02:30:12.943Z INFO  payment-service handled /healthz status=200 latency=83ms rid=req-199585092
2026-08-03T02:30:14.396Z INFO  payment-service handled /api/v2/refund status=200 latency=34ms rid=req-339670711
2026-08-03T02:30:16.428Z INFO  payment-service handled /api/v2/status status=200 latency=82ms rid=req-702632297
2026-08-03T02:30:19.986Z INFO  payment-service handled /api/v2/refund status=200 latency=53ms rid=req-313500298
2026-08-03T02:30:20.616Z INFO  payment-service handled /api/v2/refund status=200 latency=35ms rid=req-868820204
2026-08-03T02:30:23.728Z INFO  payment-service handled /api/v2/status status=200 latency=88ms rid=req-349817734
2026-08-03T02:30:25.639Z INFO  payment-service handled /api/v2/refund status=200 latency=43ms rid=req-193349856
2026-08-03T02:30:27.555Z INFO  payment-service handled /api/v2/refund status=200 latency=40ms rid=req-582334538
2026-08-03T02:30:28.491Z INFO  payment-service handled /api/v2/charge status=200 latency=63ms rid=req-969119330
2026-08-03T02:30:31.898Z INFO  payment-service handled /healthz status=200 latency=86ms rid=req-200604502
2026-08-03T02:30:33.148Z INFO  payment-service handled /api/v2/charge status=200 latency=21ms rid=req-702632297
2026-08-03T02:30:34.699Z INFO  payment-service handled /api/v2/status status=200 latency=38ms rid=req-200604502
2026-08-03T02:30:37.554Z INFO  payment-service handled /api/v2/status status=200 latency=44ms rid=req-209747451
2026-08-03T02:30:39.760Z INFO  payment-service handled /api/v2/charge status=200 latency=89ms rid=req-734036506
2026-08-03T02:30:41.396Z INFO  payment-service handled /api/v2/status status=200 latency=24ms rid=req-702632297
2026-08-03T02:30:43.013Z INFO  payment-service handled /api/v2/status status=200 latency=88ms rid=req-896233790
2026-08-03T02:30:44.721Z INFO  payment-service handled /healthz status=200 latency=46ms rid=req-849621470
2026-08-03T02:30:46.459Z INFO  payment-service handled /api/v2/refund status=200 latency=42ms rid=req-200604502
2026-08-03T02:30:48.526Z INFO  payment-service handled /api/v2/refund status=200 latency=40ms rid=req-461415646
2026-08-03T02:30:48.133Z INFO  payment-service handled /api/v2/status status=200 latency=89ms rid=req-134126396
2026-08-03T02:30:51.726Z INFO  payment-service handled /api/v2/charge status=200 latency=60ms rid=req-685126461
2026-08-03T02:30:52.954Z INFO  payment-service handled /api/v2/status status=200 latency=24ms rid=req-199585092
2026-08-03T02:30:54.563Z INFO  payment-service handled /api/v2/status status=200 latency=80ms rid=req-106977991
2026-08-03T02:30:57.979Z INFO  payment-service handled /api/v2/status status=200 latency=85ms rid=req-734036506
2026-08-03T02:30:57.549Z INFO  payment-service handled /api/v2/refund status=200 latency=71ms rid=req-398704996
2026-08-03T02:30:59.369Z INFO  payment-service handled /api/v2/refund status=200 latency=60ms rid=req-642621108
2026-08-03T02:31:02.664Z INFO  payment-service handled /healthz status=200 latency=89ms rid=req-209747451
2026-08-03T02:31:02.246Z INFO  payment-service pg pool: in_use=9/50 idle=37
2026-08-03T02:31:04.906Z INFO  payment-service handled /api/v2/refund status=200 latency=23ms rid=req-398362082
2026-08-03T02:31:07.553Z INFO  payment-service handled /api/v2/charge status=200 latency=67ms rid=req-134126396
2026-08-03T02:31:08.456Z INFO  payment-service handled /api/v2/status status=200 latency=83ms rid=req-582334538
2026-08-03T02:31:09.084Z INFO  payment-service handled /api/v2/refund status=200 latency=59ms rid=req-582334538
2026-08-03T02:31:10.686Z INFO  payment-service handled /api/v2/charge status=200 latency=26ms rid=req-193349856
2026-08-03T02:31:11.550Z INFO  payment-service handled /healthz status=200 latency=31ms rid=req-193349856
2026-08-03T02:31:14.702Z INFO  payment-service handled /healthz status=200 latency=27ms rid=req-461415646
2026-08-03T02:31:15.075Z INFO  payment-service handled /api/v2/status status=200 latency=22ms rid=req-362950628
2026-08-03T02:31:18.417Z INFO  payment-service handled /api/v2/charge status=200 latency=47ms rid=req-134126396
2026-08-03T02:31:20.398Z INFO  payment-service handled /healthz status=200 latency=58ms rid=req-219540831
2026-08-03T02:31:22.868Z INFO  payment-service handled /api/v2/charge status=200 latency=23ms rid=req-266944844
2026-08-03T02:31:24.308Z INFO  payment-service handled /api/v2/charge status=200 latency=55ms rid=req-398362082
2026-08-03T02:31:26.841Z INFO  payment-service handled /healthz status=200 latency=66ms rid=req-313500298
2026-08-03T02:31:27.400Z INFO  payment-service handled /api/v2/refund status=200 latency=35ms rid=req-461415646
2026-08-03T02:31:30.693Z INFO  payment-service handled /api/v2/status status=200 latency=36ms rid=req-334760738
2026-08-03T02:31:33.895Z INFO  payment-service handled /api/v2/status status=200 latency=19ms rid=req-969119330
2026-08-03T02:31:34.560Z INFO  payment-service handled /api/v2/charge status=200 latency=68ms rid=req-398704996
2026-08-03T02:31:35.927Z INFO  payment-service handled /api/v2/status status=200 latency=45ms rid=req-868820204
2026-08-03T02:31:37.631Z INFO  payment-service handled /api/v2/refund status=200 latency=41ms rid=req-734036506
2026-08-03T02:31:38.871Z INFO  payment-service handled /api/v2/refund status=200 latency=90ms rid=req-896233790
2026-08-03T02:31:41.297Z INFO  payment-service handled /healthz status=200 latency=88ms rid=req-395310485
2026-08-03T02:31:42.365Z INFO  payment-service handled /api/v2/refund status=200 latency=80ms rid=req-642621108
2026-08-03T02:31:44.071Z INFO  payment-service handled /api/v2/charge status=200 latency=54ms rid=req-271432881
2026-08-03T02:31:45.675Z INFO  payment-service handled /healthz status=200 latency=60ms rid=req-271432881
2026-08-03T02:31:47.172Z INFO  payment-service handled /api/v2/status status=200 latency=58ms rid=req-797808098
2026-08-03T02:31:47.226Z INFO  payment-service pg pool: in_use=7/50 idle=42
2026-08-03T02:31:49.137Z INFO  payment-service handled /healthz status=200 latency=53ms rid=req-128492780
2026-08-03T02:31:51.367Z INFO  payment-service handled /healthz status=200 latency=77ms rid=req-853041955
2026-08-03T02:31:53.621Z INFO  payment-service handled /api/v2/charge status=200 latency=40ms rid=req-553778756
2026-08-03T02:31:54.269Z INFO  payment-service handled /api/v2/refund status=200 latency=86ms rid=req-685582861
2026-08-03T02:31:56.646Z INFO  payment-service handled /api/v2/charge status=200 latency=20ms rid=req-582334538
2026-08-03T02:31:58.564Z INFO  payment-service handled /healthz status=200 latency=45ms rid=req-126855092
2026-08-03T02:32:00.401Z INFO  payment-service handled /healthz status=200 latency=37ms rid=req-128492780
2026-08-03T02:32:03.513Z INFO  payment-service handled /api/v2/status status=200 latency=35ms rid=req-685126461
2026-08-03T02:32:04.700Z INFO  payment-service handled /api/v2/charge status=200 latency=48ms rid=req-271432881
2026-08-03T02:32:06.579Z INFO  payment-service handled /healthz status=200 latency=38ms rid=req-895285932
2026-08-03T02:32:08.041Z INFO  payment-service handled /api/v2/refund status=200 latency=79ms rid=req-746412689
2026-08-03T02:32:10.239Z INFO  payment-service handled /api/v2/charge status=200 latency=51ms rid=req-128492780
2026-08-03T02:32:11.939Z INFO  payment-service handled /api/v2/status status=200 latency=67ms rid=req-550455977
2026-08-03T02:32:12.991Z INFO  payment-service handled /api/v2/status status=200 latency=31ms rid=req-331191390
2026-08-03T02:32:14.178Z INFO  payment-service handled /api/v2/status status=200 latency=87ms rid=req-106977991
2026-08-03T02:32:16.385Z INFO  payment-service handled /api/v2/charge status=200 latency=84ms rid=req-134126396
2026-08-03T02:32:17.498Z INFO  payment-service handled /healthz status=200 latency=63ms rid=req-746412689
2026-08-03T02:32:19.450Z INFO  payment-service handled /api/v2/charge status=200 latency=82ms rid=req-890779946
2026-08-03T02:32:20.191Z INFO  payment-service handled /api/v2/status status=200 latency=45ms rid=req-210053353
2026-08-03T02:32:22.830Z INFO  payment-service handled /api/v2/charge status=200 latency=47ms rid=req-868820204
2026-08-03T02:32:23.604Z INFO  payment-service handled /healthz status=200 latency=79ms rid=req-193349856
2026-08-03T02:32:26.130Z INFO  payment-service handled /api/v2/charge status=200 latency=49ms rid=req-126855092
2026-08-03T02:32:26.170Z INFO  payment-service handled /api/v2/charge status=200 latency=36ms rid=req-896233790
2026-08-03T02:32:27.019Z INFO  payment-service handled /healthz status=200 latency=90ms rid=req-849621470
2026-08-03T02:32:30.459Z INFO  payment-service handled /api/v2/status status=200 latency=28ms rid=req-193349856
2026-08-03T02:32:31.850Z INFO  payment-service handled /healthz status=200 latency=39ms rid=req-734036506
2026-08-03T02:32:32.171Z INFO  payment-service handled /api/v2/refund status=200 latency=83ms rid=req-134126396
2026-08-03T02:32:34.387Z INFO  payment-service handled /healthz status=200 latency=26ms rid=req-734036506
2026-08-03T02:32:34.700Z INFO  payment-service handled /api/v2/refund status=200 latency=84ms rid=req-582334538
2026-08-03T02:32:35.923Z INFO  payment-service handled /api/v2/charge status=200 latency=40ms rid=req-550455977
2026-08-03T02:32:36.675Z INFO  payment-service handled /api/v2/charge status=200 latency=29ms rid=req-550455977
2026-08-03T02:32:38.430Z INFO  payment-service handled /api/v2/charge status=200 latency=73ms rid=req-732719211
2026-08-03T02:32:38.808Z INFO  payment-service handled /healthz status=200 latency=47ms rid=req-550455977
2026-08-03T02:32:40.260Z INFO  payment-service handled /api/v2/charge status=200 latency=72ms rid=req-890779946
2026-08-03T02:32:41.897Z INFO  payment-service handled /api/v2/charge status=200 latency=54ms rid=req-965241839
2026-08-03T02:32:42.535Z INFO  payment-service handled /api/v2/charge status=200 latency=18ms rid=req-106977991
2026-08-03T02:32:43.370Z INFO  payment-service handled /api/v2/refund status=200 latency=58ms rid=req-868820204
2026-08-03T02:32:44.433Z INFO  payment-service handled /api/v2/status status=200 latency=51ms rid=req-398704996
2026-08-03T02:32:46.565Z INFO  payment-service handled /healthz status=200 latency=44ms rid=req-868820204
2026-08-03T02:32:48.495Z INFO  payment-service handled /api/v2/status status=200 latency=89ms rid=req-969119330
2026-08-03T02:32:49.141Z INFO  payment-service handled /api/v2/status status=200 latency=68ms rid=req-461415646
2026-08-03T02:32:51.972Z INFO  payment-service handled /api/v2/refund status=200 latency=75ms rid=req-266944844
2026-08-03T02:32:52.628Z INFO  payment-service handled /healthz status=200 latency=61ms rid=req-969119330
2026-08-03T02:32:55.005Z INFO  payment-service handled /api/v2/refund status=200 latency=67ms rid=req-849621470
2026-08-03T02:32:57.065Z INFO  payment-service handled /healthz status=200 latency=73ms rid=req-362950628
2026-08-03T02:32:59.628Z INFO  payment-service handled /api/v2/charge status=200 latency=67ms rid=req-313500298
2026-08-03T02:33:00.506Z INFO  payment-service handled /api/v2/charge status=200 latency=40ms rid=req-849621470
2026-08-03T02:33:01.802Z INFO  payment-service handled /api/v2/status status=200 latency=42ms rid=req-126855092
2026-08-03T02:33:03.036Z INFO  payment-service handled /api/v2/refund status=200 latency=39ms rid=req-398362082
2026-08-03T02:33:05.798Z INFO  payment-service handled /api/v2/refund status=200 latency=29ms rid=req-131994523
2026-08-03T02:33:07.015Z INFO  payment-service handled /healthz status=200 latency=43ms rid=req-732719211
2026-08-03T02:33:08.743Z INFO  payment-service handled /api/v2/charge status=200 latency=88ms rid=req-200604502
2026-08-03T02:33:10.231Z INFO  payment-service handled /api/v2/status status=200 latency=62ms rid=req-131994523
2026-08-03T02:33:11.179Z INFO  payment-service handled /healthz status=200 latency=18ms rid=req-134126396
2026-08-03T02:33:12.348Z INFO  payment-service handled /api/v2/charge status=200 latency=82ms rid=req-200604502
2026-08-03T02:33:15.256Z INFO  payment-service handled /api/v2/status status=200 latency=86ms rid=req-106977991
2026-08-03T02:33:18.347Z INFO  payment-service handled /healthz status=200 latency=49ms rid=req-209747451
2026-08-03T02:33:19.119Z INFO  payment-service handled /healthz status=200 latency=21ms rid=req-550455977
2026-08-03T02:33:21.422Z INFO  payment-service handled /api/v2/refund status=200 latency=47ms rid=req-349817734
2026-08-03T02:33:22.294Z INFO  payment-service handled /api/v2/charge status=200 latency=51ms rid=req-553035110
2026-08-03T02:33:25.953Z INFO  payment-service handled /api/v2/status status=200 latency=27ms rid=req-969119330
2026-08-03T02:33:26.969Z INFO  payment-service handled /api/v2/refund status=200 latency=52ms rid=req-895285932
2026-08-03T02:33:29.204Z INFO  payment-service handled /api/v2/refund status=200 latency=81ms rid=req-461415646
2026-08-03T02:33:30.207Z INFO  payment-service handled /api/v2/status status=200 latency=44ms rid=req-734036506
2026-08-03T02:33:32.109Z INFO  payment-service handled /api/v2/status status=200 latency=37ms rid=req-199585092
2026-08-03T02:33:33.877Z INFO  payment-service handled /healthz status=200 latency=18ms rid=req-209747451
2026-08-03T02:33:34.322Z INFO  payment-service handled /healthz status=200 latency=65ms rid=req-271432881
2026-08-03T02:33:37.782Z INFO  payment-service handled /api/v2/status status=200 latency=80ms rid=req-895285932
2026-08-03T02:33:38.538Z INFO  payment-service handled /api/v2/refund status=200 latency=34ms rid=req-896233790
2026-08-03T02:33:40.403Z INFO  payment-service handled /api/v2/charge status=200 latency=82ms rid=req-746412689
2026-08-03T02:33:42.530Z INFO  payment-service handled /healthz status=200 latency=33ms rid=req-266944844
2026-08-03T02:33:44.594Z INFO  payment-service handled /api/v2/charge status=200 latency=44ms rid=req-702632297
2026-08-03T02:33:46.269Z INFO  payment-service handled /api/v2/status status=200 latency=41ms rid=req-969119330
2026-08-03T02:33:47.510Z INFO  payment-service handled /api/v2/status status=200 latency=64ms rid=req-895285932
2026-08-03T02:33:49.286Z INFO  payment-service handled /api/v2/status status=200 latency=64ms rid=req-313500298
2026-08-03T02:33:51.276Z INFO  payment-service handled /api/v2/refund status=200 latency=30ms rid=req-919795579
2026-08-03T02:33:53.819Z INFO  payment-service handled /healthz status=200 latency=43ms rid=req-210053353
2026-08-03T02:33:54.511Z INFO  payment-service handled /api/v2/charge status=200 latency=40ms rid=req-868820204
2026-08-03T02:33:56.256Z INFO  payment-service handled /api/v2/status status=200 latency=80ms rid=req-334760738
2026-08-03T02:33:58.167Z INFO  payment-service handled /healthz status=200 latency=30ms rid=req-266944844
2026-08-03T02:34:01.762Z INFO  payment-service handled /healthz status=200 latency=30ms rid=req-853041955
2026-08-03T02:34:02.421Z INFO  payment-service handled /api/v2/status status=200 latency=62ms rid=req-219540831
2026-08-03T02:34:05.799Z INFO  payment-service handled /api/v2/refund status=200 latency=86ms rid=req-895285932
2026-08-03T02:34:06.390Z INFO  payment-service handled /healthz status=200 latency=75ms rid=req-362950628
2026-08-03T02:34:08.827Z INFO  payment-service handled /api/v2/refund status=200 latency=39ms rid=req-849621470
2026-08-03T02:34:09.165Z INFO  payment-service handled /healthz status=200 latency=27ms rid=req-362950628
2026-08-03T02:34:11.660Z INFO  payment-service handled /api/v2/status status=200 latency=52ms rid=req-965241839
2026-08-03T02:34:13.423Z INFO  payment-service handled /api/v2/status status=200 latency=84ms rid=req-853041955
2026-08-03T02:34:16.257Z INFO  payment-service handled /api/v2/refund status=200 latency=48ms rid=req-465341213
2026-08-03T02:34:18.406Z INFO  payment-service handled /api/v2/charge status=200 latency=44ms rid=req-826600539
2026-08-03T02:34:19.026Z INFO  payment-service handled /healthz status=200 latency=88ms rid=req-896233790
2026-08-03T02:34:21.632Z INFO  payment-service handled /api/v2/charge status=200 latency=31ms rid=req-134126396
2026-08-03T02:34:23.253Z INFO  payment-service handled /healthz status=200 latency=57ms rid=req-734036506
2026-08-03T02:34:24.858Z INFO  payment-service handled /api/v2/refund status=200 latency=34ms rid=req-732719211
2026-08-03T02:34:25.478Z INFO  payment-service handled /api/v2/status status=200 latency=59ms rid=req-550455977
2026-08-03T02:34:27.138Z INFO  payment-service handled /api/v2/status status=200 latency=88ms rid=req-853041955
2026-08-03T02:34:29.766Z INFO  payment-service handled /api/v2/refund status=200 latency=76ms rid=req-849621470
2026-08-03T02:34:31.552Z INFO  payment-service handled /api/v2/status status=200 latency=62ms rid=req-550455977
2026-08-03T02:34:32.266Z INFO  payment-service handled /api/v2/status status=200 latency=64ms rid=req-868820204
2026-08-03T02:34:32.480Z INFO  payment-service handled /api/v2/refund status=200 latency=62ms rid=req-200604502
2026-08-03T02:34:35.009Z INFO  payment-service handled /healthz status=200 latency=79ms rid=req-334760738
2026-08-03T02:34:37.382Z INFO  payment-service handled /api/v2/refund status=200 latency=18ms rid=req-969119330
2026-08-03T02:34:40.167Z INFO  payment-service handled /healthz status=200 latency=68ms rid=req-553035110
2026-08-03T02:34:42.081Z INFO  payment-service handled /healthz status=200 latency=46ms rid=req-134126396
2026-08-03T02:34:43.760Z INFO  payment-service handled /api/v2/status status=200 latency=54ms rid=req-553778756
2026-08-03T02:34:44.139Z INFO  payment-service handled /api/v2/refund status=200 latency=26ms rid=req-895285932
2026-08-03T02:34:46.637Z INFO  payment-service handled /healthz status=200 latency=52ms rid=req-266944844
2026-08-03T02:34:48.022Z INFO  payment-service handled /api/v2/refund status=200 latency=24ms rid=req-398704996
2026-08-03T02:34:48.448Z INFO  payment-service handled /api/v2/status status=200 latency=34ms rid=req-331191390
2026-08-03T02:34:49.222Z INFO  payment-service handled /api/v2/refund status=200 latency=19ms rid=req-336696312
2026-08-03T02:34:51.713Z INFO  payment-service handled /healthz status=200 latency=65ms rid=req-685126461
2026-08-03T02:34:52.794Z INFO  payment-service handled /api/v2/refund status=200 latency=25ms rid=req-131994523
2026-08-03T02:34:54.836Z INFO  payment-service handled /api/v2/refund status=200 latency=42ms rid=req-134126396
2026-08-03T02:34:54.998Z INFO  payment-service handled /api/v2/refund status=200 latency=67ms rid=req-199585092
2026-08-03T02:34:57.752Z INFO  payment-service handled /api/v2/charge status=200 latency=43ms rid=req-685126461
2026-08-03T02:34:58.697Z INFO  payment-service handled /api/v2/refund status=200 latency=78ms rid=req-702632297
2026-08-03T02:35:01.959Z INFO  payment-service handled /api/v2/refund status=200 latency=23ms rid=req-461415646
2026-08-03T02:35:02.369Z INFO  payment-service handled /healthz status=200 latency=56ms rid=req-685582861
2026-08-03T02:35:05.648Z INFO  payment-service handled /api/v2/refund status=200 latency=32ms rid=req-553035110
2026-08-03T02:35:05.808Z INFO  payment-service handled /api/v2/status status=200 latency=33ms rid=req-313500298
2026-08-03T02:35:08.789Z INFO  payment-service handled /healthz status=200 latency=37ms rid=req-128492780
2026-08-03T02:35:09.640Z INFO  payment-service handled /api/v2/charge status=200 latency=61ms rid=req-209747451
2026-08-03T02:35:11.128Z INFO  payment-service handled /api/v2/refund status=200 latency=86ms rid=req-339670711
2026-08-03T02:35:12.197Z INFO  payment-service handled /api/v2/status status=200 latency=74ms rid=req-919795579
2026-08-03T02:35:12.741Z INFO  payment-service pg pool: in_use=10/50 idle=35
2026-08-03T02:35:13.448Z INFO  payment-service handled /api/v2/charge status=200 latency=80ms rid=req-331191390
2026-08-03T02:35:15.191Z INFO  payment-service handled /healthz status=200 latency=42ms rid=req-106977991
2026-08-03T02:35:16.936Z INFO  payment-service handled /healthz status=200 latency=53ms rid=req-965241839
2026-08-03T02:35:17.839Z INFO  payment-service handled /api/v2/refund status=200 latency=75ms rid=req-200604502
2026-08-03T02:35:18.751Z INFO  payment-service handled /api/v2/charge status=200 latency=82ms rid=req-702632297
2026-08-03T02:35:19.738Z INFO  payment-service handled /api/v2/status status=200 latency=48ms rid=req-349817734
2026-08-03T02:35:22.699Z INFO  payment-service handled /healthz status=200 latency=42ms rid=req-732719211
2026-08-03T02:35:23.656Z INFO  payment-service handled /api/v2/status status=200 latency=59ms rid=req-868820204
2026-08-03T02:35:24.182Z INFO  payment-service handled /api/v2/charge status=200 latency=23ms rid=req-890779946
2026-08-03T02:35:25.032Z INFO  payment-service handled /healthz status=200 latency=42ms rid=req-339670711
2026-08-03T02:35:28.718Z INFO  payment-service handled /healthz status=200 latency=85ms rid=req-271432881
2026-08-03T02:35:28.952Z INFO  payment-service handled /api/v2/refund status=200 latency=27ms rid=req-786579303
2026-08-03T02:35:31.062Z INFO  payment-service handled /api/v2/charge status=200 latency=77ms rid=req-849621470
2026-08-03T02:35:33.059Z INFO  payment-service handled /healthz status=200 latency=65ms rid=req-331191390
2026-08-03T02:35:34.079Z INFO  payment-service handled /api/v2/charge status=200 latency=27ms rid=req-334760738
2026-08-03T02:35:37.236Z INFO  payment-service handled /api/v2/charge status=200 latency=30ms rid=req-919795579
2026-08-03T02:35:38.970Z INFO  payment-service handled /api/v2/refund status=200 latency=90ms rid=req-849621470
2026-08-03T02:35:40.653Z INFO  payment-service handled /healthz status=200 latency=31ms rid=req-199585092
2026-08-03T02:35:43.811Z INFO  payment-service handled /healthz status=200 latency=31ms rid=req-826600539
2026-08-03T02:35:44.614Z INFO  payment-service handled /api/v2/status status=200 latency=38ms rid=req-398704996
2026-08-03T02:35:45.865Z INFO  payment-service handled /api/v2/status status=200 latency=88ms rid=req-349817734
2026-08-03T02:35:48.246Z INFO  payment-service handled /healthz status=200 latency=59ms rid=req-965241839
2026-08-03T02:35:49.458Z INFO  payment-service handled /api/v2/status status=200 latency=64ms rid=req-853041955
2026-08-03T02:35:49.016Z INFO  payment-service handled /api/v2/charge status=200 latency=54ms rid=req-965241839
2026-08-03T02:35:52.227Z INFO  payment-service handled /api/v2/status status=200 latency=18ms rid=req-334760738
2026-08-03T02:35:54.569Z INFO  payment-service handled /api/v2/status status=200 latency=88ms rid=req-582334538
2026-08-03T02:35:56.364Z INFO  payment-service handled /api/v2/charge status=200 latency=22ms rid=req-685126461
2026-08-03T02:35:57.830Z INFO  payment-service handled /api/v2/refund status=200 latency=47ms rid=req-134126396
2026-08-03T02:35:59.332Z INFO  payment-service handled /api/v2/refund status=200 latency=27ms rid=req-919795579
2026-08-03T02:36:00.748Z INFO  payment-service handled /api/v2/charge status=200 latency=56ms rid=req-126855092
2026-08-03T02:36:01.900Z INFO  payment-service handled /api/v2/charge status=200 latency=60ms rid=req-746412689
2026-08-03T02:36:03.668Z INFO  payment-service handled /api/v2/charge status=200 latency=47ms rid=req-461415646
2026-08-03T02:36:05.536Z INFO  payment-service handled /healthz status=200 latency=24ms rid=req-334760738
2026-08-03T02:36:07.714Z INFO  payment-service handled /api/v2/refund status=200 latency=59ms rid=req-582334538
2026-08-03T02:36:08.609Z INFO  payment-service handled /healthz status=200 latency=75ms rid=req-209747451
2026-08-03T02:36:09.151Z INFO  payment-service handled /healthz status=200 latency=55ms rid=req-313500298
2026-08-03T02:36:09.268Z INFO  payment-service handled /api/v2/charge status=200 latency=88ms rid=req-313500298
2026-08-03T02:36:11.572Z INFO  payment-service handled /api/v2/refund status=200 latency=35ms rid=req-550455977
2026-08-03T02:36:13.753Z INFO  payment-service handled /api/v2/refund status=200 latency=89ms rid=req-271432881
2026-08-03T02:36:14.701Z INFO  payment-service handled /api/v2/status status=200 latency=73ms rid=req-349817734
2026-08-03T02:36:14.356Z INFO  payment-service handled /healthz status=200 latency=72ms rid=req-128492780
2026-08-03T02:36:16.358Z INFO  payment-service handled /api/v2/charge status=200 latency=57ms rid=req-826600539
2026-08-03T02:36:19.045Z INFO  payment-service handled /healthz status=200 latency=36ms rid=req-853041955
2026-08-03T02:36:20.745Z INFO  payment-service handled /api/v2/status status=200 latency=37ms rid=req-209747451
2026-08-03T02:36:21.948Z INFO  payment-service handled /api/v2/charge status=200 latency=49ms rid=req-271432881
2026-08-03T02:36:23.710Z INFO  payment-service handled /api/v2/status status=200 latency=19ms rid=req-642621108
2026-08-03T02:36:24.214Z INFO  payment-service handled /healthz status=200 latency=20ms rid=req-642621108
2026-08-03T02:36:25.637Z INFO  payment-service handled /api/v2/status status=200 latency=88ms rid=req-550455977
2026-08-03T02:36:26.927Z INFO  payment-service handled /api/v2/charge status=200 latency=66ms rid=req-914763202
2026-08-03T02:36:27.205Z INFO  payment-service handled /api/v2/refund status=200 latency=25ms rid=req-200604502
2026-08-03T02:36:29.967Z INFO  payment-service handled /api/v2/charge status=200 latency=77ms rid=req-553778756
2026-08-03T02:36:29.277Z INFO  payment-service pg pool: in_use=10/50 idle=40
2026-08-03T02:36:31.299Z INFO  payment-service handled /api/v2/status status=200 latency=31ms rid=req-219540831
2026-08-03T02:36:33.726Z INFO  payment-service handled /api/v2/refund status=200 latency=66ms rid=req-582334538
2026-08-03T02:36:35.512Z INFO  payment-service handled /api/v2/charge status=200 latency=41ms rid=req-685582861
2026-08-03T02:36:36.944Z INFO  payment-service handled /api/v2/charge status=200 latency=23ms rid=req-553035110
2026-08-03T02:36:38.355Z INFO  payment-service handled /healthz status=200 latency=38ms rid=req-219540831
2026-08-03T02:36:39.282Z INFO  payment-service handled /api/v2/status status=200 latency=48ms rid=req-582334538
2026-08-03T02:36:41.971Z INFO  payment-service handled /healthz status=200 latency=21ms rid=req-969119330
2026-08-03T02:36:42.747Z INFO  payment-service handled /healthz status=200 latency=35ms rid=req-362950628
2026-08-03T02:36:45.586Z INFO  payment-service handled /api/v2/refund status=200 latency=71ms rid=req-553035110
2026-08-03T02:36:48.134Z INFO  payment-service handled /api/v2/status status=200 latency=75ms rid=req-398704996
2026-08-03T02:36:49.705Z INFO  payment-service handled /api/v2/refund status=200 latency=35ms rid=req-334760738
2026-08-03T02:36:51.148Z INFO  payment-service handled /api/v2/refund status=200 latency=73ms rid=req-199585092
2026-08-03T02:36:53.570Z INFO  payment-service handled /api/v2/refund status=200 latency=58ms rid=req-395310485
2026-08-03T02:36:55.744Z INFO  payment-service handled /api/v2/refund status=200 latency=58ms rid=req-210053353
2026-08-03T02:36:55.996Z INFO  payment-service pg pool: in_use=9/50 idle=44
2026-08-03T02:36:56.763Z INFO  payment-service handled /healthz status=200 latency=56ms rid=req-853041955
2026-08-03T02:36:59.192Z INFO  payment-service handled /api/v2/status status=200 latency=37ms rid=req-199585092
2026-08-03T02:37:00.236Z INFO  payment-service handled /api/v2/status status=200 latency=90ms rid=req-271432881
2026-08-03T02:37:01.704Z INFO  payment-service handled /api/v2/charge status=200 latency=63ms rid=req-362950628
2026-08-03T02:37:02.872Z INFO  payment-service handled /healthz status=200 latency=65ms rid=req-895285932
2026-08-03T02:37:04.033Z INFO  payment-service handled /api/v2/refund status=200 latency=42ms rid=req-734036506
2026-08-03T02:37:07.760Z INFO  payment-service handled /api/v2/status status=200 latency=70ms rid=req-734036506
2026-08-03T02:37:08.949Z INFO  payment-service handled /api/v2/refund status=200 latency=26ms rid=req-895285932
2026-08-03T02:37:09.908Z INFO  payment-service handled /healthz status=200 latency=59ms rid=req-685126461
2026-08-03T02:37:11.320Z INFO  payment-service handled /api/v2/charge status=200 latency=66ms rid=req-919795579
2026-08-03T02:37:14.462Z INFO  payment-service handled /api/v2/charge status=200 latency=84ms rid=req-339670711
2026-08-03T02:37:16.405Z INFO  payment-service handled /api/v2/refund status=200 latency=84ms rid=req-398704996
2026-08-03T02:37:17.645Z INFO  payment-service handled /healthz status=200 latency=84ms rid=req-209747451
2026-08-03T02:37:18.792Z INFO  payment-service handled /healthz status=200 latency=68ms rid=req-334760738
2026-08-03T02:37:19.941Z INFO  payment-service handled /healthz status=200 latency=55ms rid=req-271432881
2026-08-03T02:37:21.462Z INFO  payment-service handled /api/v2/refund status=200 latency=77ms rid=req-553778756
2026-08-03T02:37:23.402Z INFO  payment-service handled /api/v2/refund status=200 latency=87ms rid=req-890779946
2026-08-03T02:37:25.918Z INFO  payment-service handled /api/v2/refund status=200 latency=76ms rid=req-914763202
2026-08-03T02:37:26.331Z INFO  payment-service handled /healthz status=200 latency=29ms rid=req-134126396
2026-08-03T02:37:28.116Z INFO  payment-service handled /api/v2/refund status=200 latency=33ms rid=req-362950628
2026-08-03T02:37:30.393Z INFO  payment-service handled /api/v2/charge status=200 latency=85ms rid=req-331191390
2026-08-03T02:37:33.389Z INFO  payment-service handled /api/v2/refund status=200 latency=66ms rid=req-969119330
2026-08-03T02:37:34.883Z INFO  payment-service handled /api/v2/status status=200 latency=90ms rid=req-465341213
2026-08-03T02:37:37.315Z INFO  payment-service handled /api/v2/refund status=200 latency=24ms rid=req-868820204
2026-08-03T02:37:39.185Z INFO  payment-service handled /healthz status=200 latency=54ms rid=req-849621470
2026-08-03T02:37:40.783Z INFO  payment-service handled /api/v2/refund status=200 latency=18ms rid=req-271432881
2026-08-03T02:37:42.622Z INFO  payment-service handled /healthz status=200 latency=87ms rid=req-786579303
2026-08-03T02:37:43.452Z INFO  payment-service handled /healthz status=200 latency=76ms rid=req-868820204
2026-08-03T02:37:45.634Z INFO  payment-service handled /api/v2/refund status=200 latency=88ms rid=req-131994523
2026-08-03T02:37:48.151Z INFO  payment-service handled /api/v2/refund status=200 latency=24ms rid=req-895285932
2026-08-03T02:37:49.591Z INFO  payment-service handled /api/v2/refund status=200 latency=22ms rid=req-465341213
2026-08-03T02:37:50.426Z INFO  payment-service handled /api/v2/charge status=200 latency=24ms rid=req-339670711
2026-08-03T02:37:51.989Z INFO  payment-service handled /api/v2/status status=200 latency=89ms rid=req-895285932
2026-08-03T02:37:53.306Z INFO  payment-service handled /api/v2/charge status=200 latency=29ms rid=req-199585092
2026-08-03T02:37:56.066Z INFO  payment-service handled /api/v2/charge status=200 latency=72ms rid=req-969119330
2026-08-03T02:37:57.423Z INFO  payment-service handled /api/v2/status status=200 latency=60ms rid=req-732719211
2026-08-03T02:37:59.747Z INFO  payment-service handled /api/v2/charge status=200 latency=31ms rid=req-106977991
2026-08-03T02:38:01.705Z INFO  payment-service handled /api/v2/charge status=200 latency=79ms rid=req-919795579
2026-08-03T02:38:03.868Z INFO  payment-service handled /api/v2/status status=200 latency=72ms rid=req-965241839
2026-08-03T02:38:05.576Z INFO  payment-service handled /api/v2/status status=200 latency=34ms rid=req-271432881
2026-08-03T02:38:07.904Z INFO  payment-service handled /healthz status=200 latency=81ms rid=req-895285932
2026-08-03T02:38:10.024Z INFO  payment-service handled /api/v2/refund status=200 latency=18ms rid=req-249827706
2026-08-03T02:38:12.046Z INFO  payment-service handled /api/v2/refund status=200 latency=71ms rid=req-868820204
2026-08-03T02:38:14.206Z INFO  payment-service handled /api/v2/refund status=200 latency=19ms rid=req-849621470
2026-08-03T02:38:15.518Z INFO  payment-service handled /api/v2/charge status=200 latency=57ms rid=req-334760738
2026-08-03T02:38:17.405Z INFO  payment-service handled /api/v2/charge status=200 latency=60ms rid=req-642621108
2026-08-03T02:38:20.338Z INFO  payment-service handled /api/v2/charge status=200 latency=40ms rid=req-685582861
2026-08-03T02:38:22.661Z INFO  payment-service handled /healthz status=200 latency=78ms rid=req-126855092
2026-08-03T02:38:23.473Z INFO  payment-service handled /healthz status=200 latency=86ms rid=req-642621108
2026-08-03T02:38:25.578Z INFO  payment-service handled /api/v2/charge status=200 latency=84ms rid=req-334760738
2026-08-03T02:38:26.701Z INFO  payment-service handled /api/v2/charge status=200 latency=44ms rid=req-106977991
2026-08-03T02:38:29.287Z INFO  payment-service handled /api/v2/status status=200 latency=26ms rid=req-210053353
2026-08-03T02:38:30.584Z INFO  payment-service handled /healthz status=200 latency=86ms rid=req-826600539
2026-08-03T02:38:31.878Z INFO  payment-service handled /api/v2/charge status=200 latency=57ms rid=req-331191390
2026-08-03T02:38:32.898Z INFO  payment-service handled /healthz status=200 latency=29ms rid=req-336696312
2026-08-03T02:38:33.309Z INFO  payment-service handled /api/v2/status status=200 latency=45ms rid=req-732719211
2026-08-03T02:38:35.454Z INFO  payment-service handled /api/v2/charge status=200 latency=43ms rid=req-362950628
2026-08-03T02:38:37.945Z INFO  payment-service handled /api/v2/refund status=200 latency=42ms rid=req-642621108
2026-08-03T02:38:40.787Z INFO  payment-service handled /api/v2/status status=200 latency=59ms rid=req-210053353
2026-08-03T02:38:43.037Z INFO  payment-service handled /api/v2/refund status=200 latency=44ms rid=req-919795579
2026-08-03T02:38:45.954Z INFO  payment-service handled /api/v2/charge status=200 latency=18ms rid=req-334760738
2026-08-03T02:38:47.910Z INFO  payment-service handled /api/v2/charge status=200 latency=60ms rid=req-685126461
2026-08-03T02:38:49.776Z INFO  payment-service handled /api/v2/status status=200 latency=20ms rid=req-106977991
2026-08-03T02:38:52.293Z INFO  payment-service handled /api/v2/status status=200 latency=43ms rid=req-685582861
2026-08-03T02:38:53.152Z INFO  payment-service handled /healthz status=200 latency=33ms rid=req-131994523
2026-08-03T02:38:54.358Z INFO  payment-service handled /api/v2/charge status=200 latency=44ms rid=req-398704996
2026-08-03T02:38:55.072Z INFO  payment-service handled /api/v2/status status=200 latency=49ms rid=req-826600539
2026-08-03T02:38:58.029Z INFO  payment-service handled /healthz status=200 latency=24ms rid=req-890779946
2026-08-03T02:39:00.088Z INFO  payment-service handled /api/v2/charge status=200 latency=67ms rid=req-896233790
2026-08-03T02:39:01.340Z INFO  payment-service handled /healthz status=200 latency=63ms rid=req-334760738
2026-08-03T02:39:03.134Z INFO  payment-service handled /api/v2/charge status=200 latency=77ms rid=req-106977991
2026-08-03T02:39:06.317Z INFO  payment-service handled /healthz status=200 latency=30ms rid=req-685126461
2026-08-03T02:39:08.970Z INFO  payment-service handled /healthz status=200 latency=78ms rid=req-734036506
2026-08-03T02:39:11.187Z INFO  payment-service handled /api/v2/status status=200 latency=64ms rid=req-313500298
2026-08-03T02:39:13.030Z INFO  payment-service handled /api/v2/status status=200 latency=76ms rid=req-336696312
2026-08-03T02:39:14.289Z INFO  payment-service handled /healthz status=200 latency=77ms rid=req-826600539
2026-08-03T02:39:16.415Z INFO  payment-service handled /api/v2/refund status=200 latency=83ms rid=req-339670711
2026-08-03T02:39:18.072Z INFO  payment-service handled /api/v2/status status=200 latency=89ms rid=req-553778756
2026-08-03T02:39:20.635Z INFO  payment-service handled /healthz status=200 latency=70ms rid=req-553035110
2026-08-03T02:39:21.348Z INFO  payment-service handled /healthz status=200 latency=67ms rid=req-395310485
2026-08-03T02:39:23.806Z INFO  payment-service handled /healthz status=200 latency=73ms rid=req-106977991
2026-08-03T02:39:25.953Z INFO  payment-service handled /api/v2/refund status=200 latency=27ms rid=req-461415646
2026-08-03T02:39:28.568Z INFO  payment-service handled /api/v2/charge status=200 latency=77ms rid=req-349817734
2026-08-03T02:39:30.612Z INFO  payment-service handled /api/v2/status status=200 latency=69ms rid=req-395310485
2026-08-03T02:39:32.660Z INFO  payment-service handled /healthz status=200 latency=59ms rid=req-336696312
2026-08-03T02:39:33.150Z INFO  payment-service handled /api/v2/refund status=200 latency=18ms rid=req-209747451
2026-08-03T02:39:35.591Z INFO  payment-service handled /api/v2/status status=200 latency=67ms rid=req-271432881
2026-08-03T02:39:36.813Z INFO  payment-service handled /api/v2/status status=200 latency=56ms rid=req-106977991
2026-08-03T02:39:37.596Z INFO  payment-service handled /healthz status=200 latency=62ms rid=req-362950628
2026-08-03T02:39:37.867Z INFO  payment-service pg pool: in_use=12/50 idle=36
2026-08-03T02:39:38.922Z INFO  payment-service handled /api/v2/status status=200 latency=25ms rid=req-128492780
2026-08-03T02:39:38.886Z INFO  payment-service handled /api/v2/status status=200 latency=32ms rid=req-200604502
2026-08-03T02:39:40.391Z INFO  payment-service handled /healthz status=200 latency=58ms rid=req-331191390
2026-08-03T02:39:41.142Z INFO  payment-service handled /api/v2/refund status=200 latency=40ms rid=req-550455977
2026-08-03T02:39:43.295Z INFO  payment-service handled /api/v2/status status=200 latency=71ms rid=req-210053353
2026-08-03T02:39:45.663Z INFO  payment-service handled /api/v2/refund status=200 latency=19ms rid=req-395310485
2026-08-03T02:39:45.447Z INFO  payment-service pg pool: in_use=11/50 idle=40
2026-08-03T02:39:48.657Z INFO  payment-service handled /api/v2/refund status=200 latency=28ms rid=req-890779946
2026-08-03T02:39:51.521Z INFO  payment-service handled /healthz status=200 latency=41ms rid=req-685126461
2026-08-03T02:39:53.190Z INFO  payment-service handled /healthz status=200 latency=63ms rid=req-734036506
2026-08-03T02:39:54.513Z INFO  payment-service handled /healthz status=200 latency=48ms rid=req-331191390
2026-08-03T02:39:57.581Z INFO  payment-service handled /api/v2/status status=200 latency=22ms rid=req-126855092
2026-08-03T02:39:58.747Z INFO  payment-service handled /healthz status=200 latency=28ms rid=req-210053353
2026-08-03T02:40:01.080Z INFO  payment-service handled /api/v2/status status=200 latency=77ms rid=req-732719211
2026-08-03T02:40:03.759Z INFO  payment-service handled /api/v2/refund status=200 latency=78ms rid=req-849621470
2026-08-03T02:40:05.547Z INFO  payment-service handled /api/v2/status status=200 latency=24ms rid=req-642621108
2026-08-03T02:40:07.361Z INFO  payment-service handled /healthz status=200 latency=60ms rid=req-868820204
2026-08-03T02:40:09.711Z INFO  payment-service handled /api/v2/status status=200 latency=39ms rid=req-126855092
2026-08-03T02:40:12.484Z INFO  payment-service handled /api/v2/status status=200 latency=25ms rid=req-849621470
2026-08-03T02:40:14.496Z INFO  payment-service handled /api/v2/status status=200 latency=21ms rid=req-200604502
2026-08-03T02:40:15.630Z INFO  payment-service handled /api/v2/status status=200 latency=50ms rid=req-890779946
2026-08-03T02:40:18.178Z INFO  payment-service handled /api/v2/charge status=200 latency=32ms rid=req-965241839
2026-08-03T02:40:20.267Z INFO  payment-service handled /healthz status=200 latency=65ms rid=req-895285932
2026-08-03T02:40:21.351Z INFO  payment-service handled /api/v2/refund status=200 latency=85ms rid=req-126855092
2026-08-03T02:40:24.422Z INFO  payment-service handled /api/v2/refund status=200 latency=81ms rid=req-209747451
2026-08-03T02:40:25.591Z INFO  payment-service handled /healthz status=200 latency=39ms rid=req-193349856
2026-08-03T02:40:27.171Z INFO  payment-service handled /api/v2/status status=200 latency=32ms rid=req-896233790
2026-08-03T02:40:29.388Z INFO  payment-service handled /healthz status=200 latency=86ms rid=req-734036506
2026-08-03T02:40:30.891Z INFO  payment-service handled /api/v2/status status=200 latency=36ms rid=req-732719211
2026-08-03T02:40:31.323Z INFO  payment-service handled /healthz status=200 latency=66ms rid=req-398362082
2026-08-03T02:40:33.652Z INFO  payment-service handled /api/v2/charge status=200 latency=30ms rid=req-398704996
2026-08-03T02:40:36.273Z INFO  payment-service handled /api/v2/status status=200 latency=60ms rid=req-131994523
2026-08-03T02:40:37.691Z INFO  payment-service handled /healthz status=200 latency=77ms rid=req-199585092
2026-08-03T02:40:40.693Z INFO  payment-service handled /api/v2/refund status=200 latency=84ms rid=req-642621108
2026-08-03T02:40:40.012Z INFO  payment-service handled /api/v2/charge status=200 latency=19ms rid=req-395310485
2026-08-03T02:40:42.742Z INFO  payment-service handled /healthz status=200 latency=62ms rid=req-734036506
2026-08-03T02:40:43.961Z INFO  payment-service handled /api/v2/charge status=200 latency=29ms rid=req-896233790
2026-08-03T02:40:46.980Z INFO  payment-service handled /api/v2/refund status=200 latency=33ms rid=req-331191390
2026-08-03T02:40:49.782Z INFO  payment-service handled /api/v2/refund status=200 latency=66ms rid=req-465341213
2026-08-03T02:40:51.188Z INFO  payment-service handled /api/v2/refund status=200 latency=32ms rid=req-266944844
2026-08-03T02:40:52.787Z INFO  payment-service handled /api/v2/charge status=200 latency=76ms rid=req-131994523
2026-08-03T02:40:55.799Z INFO  payment-service handled /api/v2/status status=200 latency=50ms rid=req-826600539
2026-08-03T02:40:57.061Z INFO  payment-service handled /healthz status=200 latency=67ms rid=req-642621108
2026-08-03T02:41:00.503Z INFO  payment-service handled /api/v2/refund status=200 latency=74ms rid=req-395310485
2026-08-03T02:41:01.503Z INFO  payment-service handled /healthz status=200 latency=40ms rid=req-553778756
2026-08-03T02:41:03.658Z INFO  payment-service handled /healthz status=200 latency=45ms rid=req-271432881
2026-08-03T02:41:04.074Z INFO  payment-service handled /api/v2/status status=200 latency=31ms rid=req-126855092
2026-08-03T02:41:07.152Z INFO  payment-service handled /healthz status=200 latency=20ms rid=req-336696312
2026-08-03T02:41:07.155Z INFO  payment-service handled /api/v2/charge status=200 latency=67ms rid=req-131994523
2026-08-03T02:41:10.962Z INFO  payment-service handled /api/v2/charge status=200 latency=83ms rid=req-331191390
2026-08-03T02:41:12.231Z INFO  payment-service handled /healthz status=200 latency=26ms rid=req-398704996
2026-08-03T02:41:12.580Z INFO  payment-service pg pool: in_use=11/50 idle=31
2026-08-03T02:41:14.310Z INFO  payment-service handled /api/v2/status status=200 latency=60ms rid=req-398362082
2026-08-03T02:41:16.873Z INFO  payment-service handled /api/v2/charge status=200 latency=64ms rid=req-398704996
2026-08-03T02:41:16.207Z INFO  payment-service handled /healthz status=200 latency=55ms rid=req-553778756
2026-08-03T02:41:17.712Z INFO  payment-service handled /healthz status=200 latency=42ms rid=req-334760738
2026-08-03T02:41:18.906Z INFO  payment-service handled /api/v2/status status=200 latency=80ms rid=req-362950628
2026-08-03T02:41:20.025Z INFO  payment-service handled /api/v2/refund status=200 latency=22ms rid=req-685582861
2026-08-03T02:41:22.811Z INFO  payment-service handled /healthz status=200 latency=67ms rid=req-395310485
2026-08-03T02:41:23.347Z INFO  payment-service handled /healthz status=200 latency=20ms rid=req-126855092
2026-08-03T02:41:26.216Z INFO  payment-service handled /api/v2/charge status=200 latency=69ms rid=req-249827706
2026-08-03T02:41:28.758Z INFO  payment-service handled /healthz status=200 latency=86ms rid=req-210053353
2026-08-03T02:41:31.669Z INFO  payment-service handled /api/v2/charge status=200 latency=36ms rid=req-336696312
2026-08-03T02:41:31.718Z INFO  payment-service pg pool: in_use=4/50 idle=33
2026-08-03T02:41:33.051Z INFO  payment-service handled /api/v2/charge status=200 latency=40ms rid=req-849621470
2026-08-03T02:41:35.174Z INFO  payment-service handled /api/v2/charge status=200 latency=76ms rid=req-271432881
2026-08-03T02:41:36.609Z INFO  payment-service handled /api/v2/charge status=200 latency=32ms rid=req-336696312
2026-08-03T02:41:37.830Z INFO  payment-service handled /api/v2/refund status=200 latency=72ms rid=req-642621108
2026-08-03T02:41:39.999Z INFO  payment-service handled /healthz status=200 latency=59ms rid=req-249827706
2026-08-03T02:41:41.046Z INFO  payment-service handled /api/v2/status status=200 latency=45ms rid=req-209747451
2026-08-03T02:41:43.775Z INFO  payment-service handled /api/v2/charge status=200 latency=53ms rid=req-210053353
2026-08-03T02:41:45.947Z INFO  payment-service handled /api/v2/refund status=200 latency=74ms rid=req-553035110
2026-08-03T02:41:46.900Z INFO  payment-service handled /healthz status=200 latency=38ms rid=req-219540831
2026-08-03T02:41:46.667Z INFO  payment-service handled /api/v2/refund status=200 latency=29ms rid=req-331191390
2026-08-03T02:41:47.146Z INFO  payment-service handled /healthz status=200 latency=34ms rid=req-193349856
2026-08-03T02:41:49.625Z INFO  payment-service handled /healthz status=200 latency=48ms rid=req-895285932
2026-08-03T02:41:51.846Z INFO  payment-service handled /healthz status=200 latency=29ms rid=req-849621470
2026-08-03T02:41:53.196Z INFO  payment-service handled /api/v2/charge status=200 latency=89ms rid=req-553035110
2026-08-03T02:41:54.552Z INFO  payment-service handled /api/v2/charge status=200 latency=64ms rid=req-209747451
2026-08-03T02:41:56.198Z INFO  payment-service handled /api/v2/refund status=200 latency=53ms rid=req-896233790
2026-08-03T02:41:57.163Z INFO  payment-service handled /healthz status=200 latency=81ms rid=req-895285932
2026-08-03T02:41:58.445Z INFO  payment-service handled /api/v2/status status=200 latency=54ms rid=req-193349856
2026-08-03T02:42:00.758Z INFO  payment-service handled /healthz status=200 latency=23ms rid=req-339670711
2026-08-03T02:42:01.527Z INFO  payment-service handled /api/v2/refund status=200 latency=21ms rid=req-336696312
2026-08-03T02:42:04.203Z INFO  payment-service handled /healthz status=200 latency=59ms rid=req-868820204
2026-08-03T02:42:07.233Z INFO  payment-service handled /api/v2/refund status=200 latency=32ms rid=req-349817734
2026-08-03T02:42:09.075Z INFO  payment-service handled /api/v2/refund status=200 latency=66ms rid=req-734036506
2026-08-03T02:42:11.950Z INFO  payment-service handled /healthz status=200 latency=36ms rid=req-193349856
2026-08-03T02:42:12.737Z INFO  payment-service handled /api/v2/status status=200 latency=35ms rid=req-685126461
2026-08-03T02:42:13.130Z INFO  payment-service handled /api/v2/status status=200 latency=43ms rid=req-642621108
2026-08-03T02:42:15.872Z INFO  payment-service handled /api/v2/status status=200 latency=35ms rid=req-249827706
2026-08-03T02:42:17.618Z INFO  payment-service handled /api/v2/status status=200 latency=46ms rid=req-200604502
2026-08-03T02:42:19.088Z INFO  payment-service handled /api/v2/refund status=200 latency=88ms rid=req-734036506
2026-08-03T02:42:21.285Z INFO  payment-service handled /api/v2/refund status=200 latency=78ms rid=req-685126461
2026-08-03T02:42:21.893Z INFO  payment-service pg pool: in_use=10/50 idle=41
2026-08-03T02:42:22.227Z INFO  payment-service handled /api/v2/status status=200 latency=73ms rid=req-914763202
2026-08-03T02:42:24.045Z INFO  payment-service handled /api/v2/refund status=200 latency=18ms rid=req-868820204
2026-08-03T02:42:26.403Z INFO  payment-service handled /api/v2/charge status=200 latency=72ms rid=req-732719211
2026-08-03T02:42:28.246Z INFO  payment-service handled /api/v2/charge status=200 latency=75ms rid=req-336696312
2026-08-03T02:42:31.367Z INFO  payment-service handled /healthz status=200 latency=45ms rid=req-890779946
2026-08-03T02:42:33.685Z INFO  payment-service handled /api/v2/charge status=200 latency=20ms rid=req-550455977
2026-08-03T02:42:35.790Z INFO  payment-service handled /api/v2/charge status=200 latency=76ms rid=req-685126461
2026-08-03T02:42:37.475Z INFO  payment-service handled /api/v2/refund status=200 latency=65ms rid=req-849621470
2026-08-03T02:42:38.340Z INFO  payment-service handled /api/v2/charge status=200 latency=67ms rid=req-266944844
2026-08-03T02:42:39.813Z INFO  payment-service handled /api/v2/status status=200 latency=87ms rid=req-106977991
2026-08-03T02:42:41.968Z INFO  payment-service handled /api/v2/status status=200 latency=25ms rid=req-582334538
2026-08-03T02:42:43.374Z INFO  payment-service handled /api/v2/charge status=200 latency=32ms rid=req-702632297
2026-08-03T02:42:43.572Z INFO  payment-service handled /api/v2/status status=200 latency=40ms rid=req-553778756
2026-08-03T02:42:45.244Z INFO  payment-service handled /api/v2/refund status=200 latency=35ms rid=req-642621108
2026-08-03T02:42:47.361Z INFO  payment-service handled /api/v2/refund status=200 latency=46ms rid=req-349817734
2026-08-03T02:42:49.064Z INFO  payment-service handled /healthz status=200 latency=53ms rid=req-896233790
2026-08-03T02:42:51.544Z INFO  payment-service handled /api/v2/charge status=200 latency=78ms rid=req-331191390
2026-08-03T02:42:53.376Z INFO  payment-service handled /api/v2/status status=200 latency=75ms rid=req-271432881
2026-08-03T02:42:55.089Z INFO  payment-service handled /api/v2/charge status=200 latency=42ms rid=req-685126461
2026-08-03T02:42:58.168Z INFO  payment-service handled /api/v2/status status=200 latency=27ms rid=req-339670711
2026-08-03T02:43:00.533Z INFO  payment-service handled /healthz status=200 latency=37ms rid=req-193349856
2026-08-03T02:43:01.485Z INFO  payment-service handled /healthz status=200 latency=87ms rid=req-890779946
2026-08-03T02:43:03.064Z INFO  payment-service handled /api/v2/charge status=200 latency=55ms rid=req-685582861
2026-08-03T02:43:03.970Z INFO  payment-service pg pool: in_use=7/50 idle=43
2026-08-03T02:43:04.351Z INFO  payment-service handled /api/v2/status status=200 latency=70ms rid=req-914763202
2026-08-03T02:43:07.455Z INFO  payment-service handled /healthz status=200 latency=85ms rid=req-969119330
2026-08-03T02:43:09.232Z INFO  payment-service handled /api/v2/status status=200 latency=39ms rid=req-134126396
2026-08-03T02:43:12.291Z INFO  payment-service handled /api/v2/charge status=200 latency=36ms rid=req-746412689
2026-08-03T02:43:13.186Z INFO  payment-service handled /api/v2/refund status=200 latency=86ms rid=req-200604502
2026-08-03T02:43:15.119Z INFO  payment-service handled /api/v2/refund status=200 latency=38ms rid=req-553035110
2026-08-03T02:43:17.378Z INFO  payment-service handled /api/v2/refund status=200 latency=74ms rid=req-134126396
2026-08-03T02:43:18.151Z INFO  payment-service handled /api/v2/charge status=200 latency=58ms rid=req-746412689
2026-08-03T02:43:20.124Z INFO  payment-service handled /api/v2/refund status=200 latency=86ms rid=req-334760738
2026-08-03T02:43:22.950Z INFO  payment-service handled /healthz status=200 latency=36ms rid=req-685126461
2026-08-03T02:43:22.917Z INFO  payment-service handled /api/v2/status status=200 latency=55ms rid=req-550455977
2026-08-03T02:43:25.928Z INFO  payment-service handled /api/v2/refund status=200 latency=90ms rid=req-919795579
2026-08-03T02:43:27.142Z INFO  payment-service handled /api/v2/charge status=200 latency=79ms rid=req-126855092
2026-08-03T02:43:27.861Z INFO  payment-service handled /api/v2/charge status=200 latency=69ms rid=req-271432881
2026-08-03T02:43:29.656Z INFO  payment-service handled /api/v2/status status=200 latency=25ms rid=req-965241839
2026-08-03T02:43:31.085Z INFO  payment-service handled /api/v2/status status=200 latency=43ms rid=req-219540831
2026-08-03T02:43:32.199Z INFO  payment-service handled /api/v2/charge status=200 latency=83ms rid=req-313500298
2026-08-03T02:43:34.151Z INFO  payment-service handled /api/v2/charge status=200 latency=64ms rid=req-313500298
2026-08-03T02:43:36.291Z INFO  payment-service handled /healthz status=200 latency=65ms rid=req-786579303
2026-08-03T02:43:37.220Z INFO  payment-service handled /healthz status=200 latency=89ms rid=req-362950628
2026-08-03T02:43:39.167Z INFO  payment-service handled /healthz status=200 latency=74ms rid=req-200604502
2026-08-03T02:43:42.855Z INFO  payment-service handled /healthz status=200 latency=71ms rid=req-890779946
2026-08-03T02:43:42.888Z INFO  payment-service handled /api/v2/refund status=200 latency=56ms rid=req-550455977
2026-08-03T02:43:44.419Z INFO  payment-service handled /healthz status=200 latency=29ms rid=req-786579303
2026-08-03T02:43:45.727Z INFO  payment-service handled /api/v2/refund status=200 latency=89ms rid=req-685126461
2026-08-03T02:43:48.296Z INFO  payment-service handled /api/v2/refund status=200 latency=41ms rid=req-702632297
2026-08-03T02:43:48.572Z INFO  payment-service handled /api/v2/status status=200 latency=56ms rid=req-336696312
2026-08-03T02:43:49.307Z INFO  payment-service handled /api/v2/charge status=200 latency=37ms rid=req-134126396
2026-08-03T02:43:52.681Z INFO  payment-service handled /healthz status=200 latency=33ms rid=req-553778756
2026-08-03T02:43:53.122Z INFO  payment-service handled /healthz status=200 latency=49ms rid=req-219540831
2026-08-03T02:43:55.492Z INFO  payment-service handled /api/v2/charge status=200 latency=64ms rid=req-914763202
2026-08-03T02:43:58.524Z INFO  payment-service handled /healthz status=200 latency=33ms rid=req-128492780
2026-08-03T02:43:58.059Z INFO  payment-service handled /api/v2/status status=200 latency=38ms rid=req-914763202
2026-08-03T02:44:00.054Z INFO  payment-service handled /api/v2/refund status=200 latency=63ms rid=req-826600539
2026-08-03T02:44:02.298Z INFO  payment-service handled /api/v2/status status=200 latency=24ms rid=req-200604502
2026-08-03T02:44:04.096Z INFO  payment-service handled /api/v2/refund status=200 latency=41ms rid=req-209747451
2026-08-03T02:44:05.819Z INFO  payment-service handled /api/v2/status status=200 latency=58ms rid=req-398362082
2026-08-03T02:44:07.593Z INFO  payment-service handled /api/v2/status status=200 latency=30ms rid=req-398704996
2026-08-03T02:44:08.381Z INFO  payment-service handled /api/v2/refund status=200 latency=84ms rid=req-200604502
2026-08-03T02:44:10.158Z INFO  payment-service handled /api/v2/refund status=200 latency=31ms rid=req-193349856
2026-08-03T02:44:12.938Z INFO  payment-service handled /api/v2/charge status=200 latency=71ms rid=req-685126461
2026-08-03T02:44:15.319Z INFO  payment-service handled /api/v2/charge status=200 latency=79ms rid=req-746412689
2026-08-03T02:44:16.993Z INFO  payment-service handled /healthz status=200 latency=84ms rid=req-209747451
2026-08-03T02:44:18.131Z INFO  payment-service handled /api/v2/charge status=200 latency=33ms rid=req-734036506
2026-08-03T02:44:19.214Z INFO  payment-service handled /api/v2/refund status=200 latency=57ms rid=req-890779946
2026-08-03T02:44:20.793Z INFO  payment-service handled /api/v2/charge status=200 latency=27ms rid=req-219540831
2026-08-03T02:44:21.812Z INFO  payment-service handled /api/v2/refund status=200 latency=31ms rid=req-126855092
2026-08-03T02:44:23.044Z INFO  payment-service handled /healthz status=200 latency=33ms rid=req-134126396
2026-08-03T02:44:25.210Z INFO  payment-service handled /api/v2/charge status=200 latency=33ms rid=req-965241839
2026-08-03T02:44:26.149Z INFO  payment-service handled /api/v2/status status=200 latency=21ms rid=req-362950628
2026-08-03T02:44:29.875Z INFO  payment-service handled /api/v2/status status=200 latency=63ms rid=req-826600539
2026-08-03T02:44:32.069Z INFO  payment-service handled /api/v2/refund status=200 latency=82ms rid=req-106977991
2026-08-03T02:44:34.732Z INFO  payment-service handled /api/v2/charge status=200 latency=85ms rid=req-193349856
2026-08-03T02:44:35.942Z INFO  payment-service handled /api/v2/charge status=200 latency=30ms rid=req-193349856
2026-08-03T02:44:37.689Z INFO  payment-service handled /api/v2/status status=200 latency=41ms rid=req-853041955
2026-08-03T02:44:38.219Z INFO  payment-service handled /api/v2/status status=200 latency=66ms rid=req-797808098
2026-08-03T02:44:39.112Z INFO  payment-service handled /api/v2/status status=200 latency=33ms rid=req-685126461
2026-08-03T02:44:41.739Z INFO  payment-service handled /api/v2/status status=200 latency=54ms rid=req-969119330
2026-08-03T02:44:43.467Z INFO  payment-service handled /api/v2/charge status=200 latency=67ms rid=req-200604502
2026-08-03T02:44:44.417Z INFO  payment-service handled /healthz status=200 latency=46ms rid=req-969119330
2026-08-03T02:44:46.961Z INFO  payment-service handled /api/v2/refund status=200 latency=26ms rid=req-550455977
2026-08-03T02:44:47.448Z INFO  payment-service handled /healthz status=200 latency=31ms rid=req-313500298
2026-08-03T02:44:50.410Z INFO  payment-service handled /api/v2/charge status=200 latency=36ms rid=req-313500298
2026-08-03T02:44:53.998Z INFO  payment-service handled /api/v2/refund status=200 latency=26ms rid=req-128492780
2026-08-03T02:44:54.858Z INFO  payment-service handled /healthz status=200 latency=33ms rid=req-734036506
2026-08-03T02:44:55.487Z INFO  payment-service handled /api/v2/status status=200 latency=69ms rid=req-746412689
2026-08-03T02:44:58.150Z INFO  payment-service handled /healthz status=200 latency=83ms rid=req-131994523
2026-08-03T02:44:59.236Z INFO  payment-service handled /api/v2/status status=200 latency=80ms rid=req-336696312
2026-08-03T02:45:00.510Z INFO  payment-service handled /api/v2/charge status=200 latency=24ms rid=req-395310485
2026-08-03T02:45:03.310Z INFO  payment-service handled /healthz status=200 latency=59ms rid=req-210053353
2026-08-03T02:45:03.504Z INFO  payment-service handled /api/v2/charge status=200 latency=84ms rid=req-199585092
2026-08-03T02:45:04.267Z INFO  payment-service handled /healthz status=200 latency=80ms rid=req-582334538
2026-08-03T02:45:07.901Z INFO  payment-service handled /api/v2/charge status=200 latency=22ms rid=req-797808098
2026-08-03T02:45:08.470Z INFO  payment-service handled /api/v2/status status=200 latency=66ms rid=req-853041955
2026-08-03T02:45:09.441Z INFO  payment-service handled /api/v2/status status=200 latency=39ms rid=req-336696312
2026-08-03T02:45:12.691Z INFO  payment-service handled /healthz status=200 latency=32ms rid=req-106977991
2026-08-03T02:45:14.874Z INFO  payment-service handled /healthz status=200 latency=78ms rid=req-969119330
2026-08-03T02:45:14.994Z INFO  payment-service handled /api/v2/status status=200 latency=81ms rid=req-914763202
2026-08-03T02:45:16.028Z INFO  payment-service handled /api/v2/status status=200 latency=59ms rid=req-896233790
2026-08-03T02:45:17.597Z INFO  payment-service handled /api/v2/status status=200 latency=62ms rid=req-461415646
2026-08-03T02:45:17.099Z INFO  payment-service pg pool: in_use=9/50 idle=36
2026-08-03T02:45:19.057Z INFO  payment-service handled /api/v2/status status=200 latency=70ms rid=req-746412689
2026-08-03T02:45:20.067Z INFO  payment-service handled /api/v2/status status=200 latency=28ms rid=req-266944844
2026-08-03T02:45:21.333Z INFO  payment-service handled /api/v2/refund status=200 latency=20ms rid=req-398704996
2026-08-03T02:45:23.923Z INFO  payment-service handled /healthz status=200 latency=90ms rid=req-582334538
2026-08-03T02:45:23.386Z INFO  payment-service handled /healthz status=200 latency=20ms rid=req-349817734
2026-08-03T02:45:25.707Z INFO  payment-service handled /api/v2/charge status=200 latency=80ms rid=req-339670711
2026-08-03T02:45:26.306Z INFO  payment-service handled /api/v2/status status=200 latency=39ms rid=req-271432881
2026-08-03T02:45:28.219Z INFO  payment-service handled /healthz status=200 latency=27ms rid=req-398704996
2026-08-03T02:45:28.760Z INFO  payment-service handled /healthz status=200 latency=46ms rid=req-271432881
2026-08-03T02:45:31.068Z INFO  payment-service handled /api/v2/charge status=200 latency=61ms rid=req-131994523
2026-08-03T02:45:32.814Z INFO  payment-service handled /healthz status=200 latency=44ms rid=req-746412689
2026-08-03T02:45:35.552Z INFO  payment-service handled /api/v2/status status=200 latency=73ms rid=req-465341213
2026-08-03T02:45:36.687Z INFO  payment-service handled /api/v2/status status=200 latency=83ms rid=req-685126461
2026-08-03T02:45:37.590Z INFO  payment-service handled /api/v2/charge status=200 latency=84ms rid=req-895285932
2026-08-03T02:45:40.545Z INFO  payment-service handled /healthz status=200 latency=52ms rid=req-849621470
2026-08-03T02:45:42.641Z INFO  payment-service handled /healthz status=200 latency=90ms rid=req-919795579
2026-08-03T02:45:43.154Z INFO  payment-service handled /healthz status=200 latency=36ms rid=req-553035110
2026-08-03T02:45:46.880Z INFO  payment-service handled /healthz status=200 latency=70ms rid=req-349817734
2026-08-03T02:45:46.843Z INFO  payment-service handled /api/v2/refund status=200 latency=70ms rid=req-131994523
2026-08-03T02:45:47.116Z INFO  payment-service handled /api/v2/refund status=200 latency=69ms rid=req-553035110
2026-08-03T02:45:48.573Z INFO  payment-service handled /api/v2/status status=200 latency=77ms rid=req-336696312
2026-08-03T02:45:49.279Z INFO  payment-service handled /api/v2/charge status=200 latency=43ms rid=req-826600539
2026-08-03T02:45:50.659Z INFO  payment-service handled /api/v2/status status=200 latency=88ms rid=req-895285932
2026-08-03T02:45:53.880Z INFO  payment-service handled /healthz status=200 latency=20ms rid=req-896233790
2026-08-03T02:45:55.918Z INFO  payment-service handled /api/v2/status status=200 latency=26ms rid=req-868820204
2026-08-03T02:45:57.862Z INFO  payment-service handled /api/v2/charge status=200 latency=68ms rid=req-919795579
2026-08-03T02:45:58.848Z INFO  payment-service handled /api/v2/charge status=200 latency=84ms rid=req-465341213
2026-08-03T02:46:00.243Z INFO  payment-service handled /api/v2/status status=200 latency=81ms rid=req-362950628
2026-08-03T02:46:02.754Z INFO  payment-service handled /api/v2/status status=200 latency=60ms rid=req-914763202
2026-08-03T02:46:05.147Z INFO  payment-service handled /api/v2/refund status=200 latency=72ms rid=req-193349856
2026-08-03T02:46:06.260Z INFO  payment-service handled /api/v2/status status=200 latency=74ms rid=req-868820204
2026-08-03T02:46:06.558Z INFO  payment-service handled /api/v2/status status=200 latency=32ms rid=req-349817734
2026-08-03T02:46:09.486Z INFO  payment-service handled /api/v2/status status=200 latency=36ms rid=req-128492780
2026-08-03T02:46:11.678Z INFO  payment-service handled /api/v2/charge status=200 latency=22ms rid=req-461415646
2026-08-03T02:46:12.393Z INFO  payment-service handled /api/v2/refund status=200 latency=50ms rid=req-969119330
2026-08-03T02:46:15.887Z INFO  payment-service handled /api/v2/status status=200 latency=33ms rid=req-398704996
2026-08-03T02:46:16.308Z INFO  payment-service handled /api/v2/charge status=200 latency=68ms rid=req-134126396
2026-08-03T02:46:19.880Z INFO  payment-service handled /api/v2/refund status=200 latency=56ms rid=req-193349856
2026-08-03T02:46:22.280Z INFO  payment-service handled /api/v2/status status=200 latency=70ms rid=req-126855092
2026-08-03T02:46:24.422Z INFO  payment-service handled /healthz status=200 latency=78ms rid=req-461415646
2026-08-03T02:46:26.715Z INFO  payment-service handled /healthz status=200 latency=30ms rid=req-826600539
2026-08-03T02:46:26.334Z INFO  payment-service handled /healthz status=200 latency=88ms rid=req-461415646
2026-08-03T02:46:27.454Z INFO  payment-service handled /api/v2/charge status=200 latency=41ms rid=req-849621470
2026-08-03T02:46:28.312Z INFO  payment-service handled /healthz status=200 latency=43ms rid=req-849621470
2026-08-03T02:46:28.730Z INFO  payment-service handled /api/v2/refund status=200 latency=49ms rid=req-732719211
2026-08-03T02:46:31.462Z INFO  payment-service handled /api/v2/refund status=200 latency=70ms rid=req-349817734
2026-08-03T02:46:33.607Z INFO  payment-service handled /api/v2/status status=200 latency=40ms rid=req-398362082
2026-08-03T02:46:36.376Z INFO  payment-service handled /api/v2/refund status=200 latency=28ms rid=req-868820204
2026-08-03T02:46:38.945Z INFO  payment-service handled /api/v2/refund status=200 latency=20ms rid=req-219540831
2026-08-03T02:46:40.203Z INFO  payment-service handled /api/v2/refund status=200 latency=29ms rid=req-685126461
2026-08-03T02:46:43.439Z INFO  payment-service handled /api/v2/charge status=200 latency=69ms rid=req-271432881
2026-08-03T02:46:44.120Z INFO  payment-service handled /api/v2/status status=200 latency=39ms rid=req-106977991
2026-08-03T02:46:44.791Z INFO  payment-service pg pool: in_use=12/50 idle=36
2026-08-03T02:46:47.229Z INFO  payment-service handled /healthz status=200 latency=81ms rid=req-249827706
2026-08-03T02:46:48.506Z INFO  payment-service handled /api/v2/status status=200 latency=54ms rid=req-461415646
2026-08-03T02:46:49.744Z INFO  payment-service handled /api/v2/refund status=200 latency=45ms rid=req-200604502
2026-08-03T02:46:51.297Z INFO  payment-service handled /healthz status=200 latency=36ms rid=req-219540831
2026-08-03T02:46:52.596Z INFO  payment-service handled /healthz status=200 latency=49ms rid=req-128492780
2026-08-03T02:46:54.892Z INFO  payment-service handled /api/v2/charge status=200 latency=78ms rid=req-890779946
2026-08-03T02:46:56.433Z INFO  payment-service handled /api/v2/refund status=200 latency=67ms rid=req-331191390
2026-08-03T02:46:57.053Z INFO  payment-service handled /api/v2/charge status=200 latency=89ms rid=req-896233790
2026-08-03T02:46:58.259Z INFO  payment-service handled /api/v2/status status=200 latency=23ms rid=req-786579303
2026-08-03T02:47:00.404Z INFO  payment-service deployment finished: payment-service v2.14.0 (config: PG_POOL_MAX=10, was 50)  commit=9f3ab21
2026-08-03T02:47:05.042Z WARN  payment-service pg pool: acquire slow wait=470ms in_use=10/10 idle=0 waiters=18
2026-08-03T02:47:05.135Z INFO  payment-service handled /healthz status=200 latency=497ms rid=req-685126461
2026-08-03T02:47:06.266Z WARN  payment-service pg pool: acquire slow wait=1086ms in_use=10/10 idle=0 waiters=5
2026-08-03T02:47:06.765Z INFO  payment-service handled /api/v2/refund status=200 latency=661ms rid=req-131994523
2026-08-03T02:47:06.948Z INFO  payment-service handled /api/v2/status status=200 latency=777ms rid=req-209747451
2026-08-03T02:47:07.503Z INFO  payment-service handled /api/v2/refund status=200 latency=473ms rid=req-461415646
2026-08-03T02:47:08.152Z INFO  payment-service handled /healthz status=200 latency=204ms rid=req-685582861
2026-08-03T02:47:08.722Z INFO  payment-service handled /healthz status=200 latency=416ms rid=req-826600539
2026-08-03T02:47:09.365Z INFO  payment-service handled /healthz status=200 latency=191ms rid=req-853041955
2026-08-03T02:47:10.115Z WARN  payment-service pg pool: acquire slow wait=1137ms in_use=10/10 idle=0 waiters=16
2026-08-03T02:47:11.095Z ERROR payment-service pg pool timeout after 2000ms acquiring connection rid=req-249827706 route=/api/v2/refund
2026-08-03T02:47:11.576Z INFO  payment-service handled /api/v2/refund status=200 latency=670ms rid=req-131994523
2026-08-03T02:47:13.538Z WARN  payment-service pg pool: acquire slow wait=1395ms in_use=10/10 idle=0 waiters=1
2026-08-03T02:47:14.510Z INFO  payment-service handled /api/v2/charge status=200 latency=402ms rid=req-199585092
2026-08-03T02:47:14.697Z ERROR payment-service pg pool timeout after 2000ms acquiring connection rid=req-219540831 route=/api/v2/refund
2026-08-03T02:47:16.857Z INFO  payment-service handled /api/v2/status status=200 latency=754ms rid=req-339670711
2026-08-03T02:47:16.491Z INFO  payment-service handled /healthz status=200 latency=874ms rid=req-465341213
2026-08-03T02:47:17.337Z ERROR payment-service pg pool timeout after 2000ms acquiring connection rid=req-965241839 route=/api/v2/charge
2026-08-03T02:47:18.970Z WARN  payment-service pg pool: acquire slow wait=1127ms in_use=10/10 idle=0 waiters=11
2026-08-03T02:47:19.216Z WARN  payment-service pg pool: acquire slow wait=1365ms in_use=10/10 idle=0 waiters=5
2026-08-03T02:47:20.817Z ERROR payment-service pg pool timeout after 2000ms acquiring connection rid=req-200604502 route=/api/v2/refund
2026-08-03T02:47:20.261Z INFO  payment-service handled /healthz status=200 latency=244ms rid=req-313500298
2026-08-03T02:47:21.021Z ERROR payment-service pg pool timeout after 2000ms acquiring connection rid=req-313500298 route=/api/v2/charge
2026-08-03T02:47:22.770Z INFO  payment-service handled /healthz status=200 latency=441ms rid=req-553778756
2026-08-03T02:47:23.753Z INFO  payment-service handled /api/v2/status status=200 latency=652ms rid=req-797808098
2026-08-03T02:47:24.098Z INFO  payment-service handled /api/v2/refund status=200 latency=517ms rid=req-465341213
2026-08-03T02:47:25.906Z WARN  payment-service pg pool: acquire slow wait=1202ms in_use=10/10 idle=0 waiters=15
2026-08-03T02:47:25.432Z INFO  payment-service handled /healthz status=200 latency=242ms rid=req-209747451
2026-08-03T02:47:26.436Z WARN  payment-service pg pool: acquire slow wait=1089ms in_use=10/10 idle=0 waiters=21
2026-08-03T02:47:27.229Z WARN  payment-service pg pool: acquire slow wait=1149ms in_use=10/10 idle=0 waiters=22
2026-08-03T02:47:28.644Z WARN  payment-service pg pool: acquire slow wait=1214ms in_use=10/10 idle=0 waiters=17
2026-08-03T02:47:28.928Z INFO  payment-service handled /healthz status=200 latency=597ms rid=req-362950628
2026-08-03T02:47:29.861Z INFO  payment-service handled /api/v2/refund status=200 latency=850ms rid=req-334760738
2026-08-03T02:47:30.939Z INFO  payment-service handled /api/v2/charge status=200 latency=714ms rid=req-395310485
2026-08-03T02:47:30.475Z INFO  payment-service handled /healthz status=200 latency=572ms rid=req-339670711
2026-08-03T02:47:31.260Z WARN  payment-service pg pool: acquire slow wait=718ms in_use=10/10 idle=0 waiters=12
2026-08-03T02:47:32.758Z ERROR payment-service pg pool timeout after 2000ms acquiring connection rid=req-219540831 route=/api/v2/charge
2026-08-03T02:47:33.085Z INFO  payment-service handled /api/v2/refund status=200 latency=552ms rid=req-126855092
2026-08-03T02:47:33.741Z WARN  payment-service pg pool: acquire slow wait=842ms in_use=10/10 idle=0 waiters=19
2026-08-03T02:47:34.349Z WARN  payment-service pg pool: acquire slow wait=1477ms in_use=10/10 idle=0 waiters=9
2026-08-03T02:47:35.189Z ERROR payment-service pg pool timeout after 2000ms acquiring connection rid=req-895285932 route=/api/v2/charge
2026-08-03T02:47:35.444Z ERROR payment-service pg pool timeout after 2000ms acquiring connection rid=req-134126396 route=/api/v2/charge
2026-08-03T02:47:36.671Z INFO  payment-service handled /api/v2/charge status=200 latency=163ms rid=req-826600539
2026-08-03T02:47:37.616Z WARN  payment-service pg pool: acquire slow wait=1547ms in_use=10/10 idle=0 waiters=24
2026-08-03T02:47:38.986Z INFO  payment-service handled /api/v2/status status=200 latency=857ms rid=req-398362082
2026-08-03T02:47:39.138Z INFO  payment-service handled /api/v2/status status=200 latency=239ms rid=req-890779946
2026-08-03T02:47:39.879Z INFO  payment-service handled /api/v2/charge status=200 latency=862ms rid=req-685582861
2026-08-03T02:47:39.446Z INFO  payment-service handled /api/v2/refund status=200 latency=815ms rid=req-553035110
2026-08-03T02:47:40.088Z ERROR payment-service pg pool timeout after 2000ms acquiring connection rid=req-398704996 route=/api/v2/charge
2026-08-03T02:47:41.119Z INFO  payment-service handled /healthz status=200 latency=582ms rid=req-219540831
2026-08-03T02:47:41.020Z INFO  payment-service handled /healthz status=200 latency=646ms rid=req-550455977
2026-08-03T02:47:42.583Z WARN  payment-service pg pool: acquire slow wait=612ms in_use=10/10 idle=0 waiters=10
2026-08-03T02:47:43.645Z INFO  payment-service handled /api/v2/status status=200 latency=158ms rid=req-339670711
2026-08-03T02:47:44.592Z INFO  payment-service handled /healthz status=200 latency=657ms rid=req-461415646
2026-08-03T02:47:45.499Z WARN  payment-service pg pool: acquire slow wait=795ms in_use=10/10 idle=0 waiters=2
2026-08-03T02:47:45.957Z WARN  payment-service pg pool: acquire slow wait=1684ms in_use=10/10 idle=0 waiters=20
2026-08-03T02:47:46.731Z ERROR payment-service pg pool timeout after 2000ms acquiring connection rid=req-336696312 route=/api/v2/charge
2026-08-03T02:47:47.274Z INFO  payment-service handled /api/v2/status status=200 latency=716ms rid=req-395310485
2026-08-03T02:47:48.637Z INFO  payment-service handled /healthz status=200 latency=269ms rid=req-336696312
2026-08-03T02:47:49.294Z INFO  payment-service handled /healthz status=200 latency=171ms rid=req-826600539
2026-08-03T02:47:50.224Z INFO  payment-service handled /healthz status=200 latency=387ms rid=req-582334538
2026-08-03T02:47:51.672Z WARN  payment-service pg pool: acquire slow wait=1433ms in_use=10/10 idle=0 waiters=23
2026-08-03T02:47:51.982Z ERROR payment-service pg pool timeout after 2000ms acquiring connection rid=req-919795579 route=/api/v2/refund
2026-08-03T02:47:52.815Z ERROR payment-service pg pool timeout after 2000ms acquiring connection rid=req-553778756 route=/api/v2/refund
2026-08-03T02:47:52.289Z ERROR payment-service pg pool timeout after 2000ms acquiring connection rid=req-826600539 route=/api/v2/charge
2026-08-03T02:47:53.204Z INFO  payment-service handled /healthz status=200 latency=282ms rid=req-895285932
2026-08-03T02:47:54.240Z INFO  payment-service handled /healthz status=200 latency=655ms rid=req-334760738
2026-08-03T02:47:54.365Z INFO  payment-service handled /api/v2/charge status=200 latency=517ms rid=req-134126396
2026-08-03T02:47:55.440Z INFO  payment-service handled /api/v2/charge status=200 latency=215ms rid=req-642621108
2026-08-03T02:47:55.348Z INFO  payment-service handled /api/v2/refund status=200 latency=648ms rid=req-134126396
2026-08-03T02:47:56.917Z ERROR payment-service pg pool timeout after 2000ms acquiring connection rid=req-199585092 route=/api/v2/refund
2026-08-03T02:47:57.685Z WARN  payment-service pg pool: acquire slow wait=1255ms in_use=10/10 idle=0 waiters=20
2026-08-03T02:47:57.113Z INFO  payment-service handled /healthz status=200 latency=618ms rid=req-209747451
2026-08-03T02:47:58.843Z ERROR payment-service pg pool timeout after 2000ms acquiring connection rid=req-271432881 route=/api/v2/charge
2026-08-03T02:47:59.120Z WARN  payment-service pg pool: acquire slow wait=542ms in_use=10/10 idle=0 waiters=21
2026-08-03T02:48:00.725Z ERROR payment-service pg pool timeout after 2000ms acquiring connection rid=req-826600539 route=/api/v2/refund
2026-08-03T02:48:01.157Z WARN  payment-service pg pool: acquire slow wait=1700ms in_use=10/10 idle=0 waiters=4
2026-08-03T02:48:01.449Z INFO  payment-service handled /api/v2/refund status=200 latency=275ms rid=req-685582861
2026-08-03T02:48:03.854Z ERROR payment-service pg pool timeout after 2000ms acquiring connection rid=req-786579303 route=/api/v2/charge
2026-08-03T02:48:04.381Z INFO  payment-service handled /api/v2/refund status=200 latency=237ms rid=req-131994523
2026-08-03T02:48:05.771Z INFO  payment-service handled /api/v2/refund status=200 latency=305ms rid=req-209747451
2026-08-03T02:48:05.423Z ERROR payment-service pg pool timeout after 2000ms acquiring connection rid=req-890779946 route=/api/v2/refund
2026-08-03T02:48:06.966Z ERROR payment-service pg pool timeout after 2000ms acquiring connection rid=req-732719211 route=/api/v2/refund
2026-08-03T02:48:07.966Z INFO  payment-service handled /api/v2/charge status=200 latency=884ms rid=req-732719211
2026-08-03T02:48:07.062Z INFO  payment-service handled /healthz status=200 latency=318ms rid=req-797808098
2026-08-03T02:48:07.646Z INFO  payment-service handled /api/v2/refund status=200 latency=738ms rid=req-896233790
2026-08-03T02:48:09.429Z ERROR payment-service pg pool timeout after 2000ms acquiring connection rid=req-732719211 route=/api/v2/refund
2026-08-03T02:48:09.738Z WARN  payment-service pg pool: acquire slow wait=1333ms in_use=10/10 idle=0 waiters=10
2026-08-03T02:48:10.921Z ERROR payment-service pg pool timeout after 2000ms acquiring connection rid=req-786579303 route=/api/v2/refund
2026-08-03T02:48:11.456Z ERROR payment-service pg pool timeout after 2000ms acquiring connection rid=req-266944844 route=/api/v2/refund
2026-08-03T02:48:12.714Z ERROR payment-service pg pool timeout after 2000ms acquiring connection rid=req-271432881 route=/api/v2/refund
2026-08-03T02:48:12.794Z ERROR payment-service pg pool timeout after 2000ms acquiring connection rid=req-553778756 route=/api/v2/refund
2026-08-03T02:48:13.399Z INFO  payment-service handled /api/v2/charge status=200 latency=700ms rid=req-642621108
2026-08-03T02:48:14.553Z WARN  payment-service pg pool: acquire slow wait=458ms in_use=10/10 idle=0 waiters=17
2026-08-03T02:48:14.775Z INFO  payment-service handled /api/v2/status status=200 latency=683ms rid=req-642621108
2026-08-03T02:48:15.311Z INFO  payment-service handled /api/v2/status status=200 latency=397ms rid=req-199585092
2026-08-03T02:48:16.861Z ERROR payment-service pg pool timeout after 2000ms acquiring connection rid=req-249827706 route=/api/v2/charge
2026-08-03T02:48:16.048Z WARN  payment-service pg pool: acquire slow wait=925ms in_use=10/10 idle=0 waiters=4
2026-08-03T02:48:17.586Z ERROR payment-service pg pool timeout after 2000ms acquiring connection rid=req-853041955 route=/api/v2/refund
2026-08-03T02:48:18.731Z INFO  payment-service handled /api/v2/refund status=200 latency=745ms rid=req-106977991
2026-08-03T02:48:19.239Z WARN  payment-service pg pool: acquire slow wait=1292ms in_use=10/10 idle=0 waiters=20
2026-08-03T02:48:20.532Z INFO  payment-service handled /api/v2/refund status=200 latency=881ms rid=req-702632297
2026-08-03T02:48:21.100Z INFO  payment-service handled /api/v2/refund status=200 latency=519ms rid=req-685126461
2026-08-03T02:48:21.063Z INFO  payment-service handled /healthz status=200 latency=233ms rid=req-362950628
2026-08-03T02:48:22.378Z INFO  payment-service handled /api/v2/refund status=200 latency=606ms rid=req-395310485
2026-08-03T02:48:23.510Z INFO  payment-service handled /healthz status=200 latency=420ms rid=req-914763202
2026-08-03T02:48:24.749Z ERROR payment-service pg pool timeout after 2000ms acquiring connection rid=req-266944844 route=/api/v2/refund
2026-08-03T02:48:25.496Z ERROR payment-service pg pool timeout after 2000ms acquiring connection rid=req-210053353 route=/api/v2/charge
2026-08-03T02:48:26.466Z INFO  payment-service handled /api/v2/charge status=200 latency=861ms rid=req-193349856
2026-08-03T02:48:26.943Z WARN  payment-service pg pool: acquire slow wait=1344ms in_use=10/10 idle=0 waiters=12
2026-08-03T02:48:28.123Z WARN  payment-service pg pool: acquire slow wait=1036ms in_use=10/10 idle=0 waiters=4
2026-08-03T02:48:28.312Z INFO  payment-service handled /api/v2/refund status=200 latency=270ms rid=req-128492780
2026-08-03T02:48:29.145Z INFO  payment-service handled /healthz status=200 latency=178ms rid=req-210053353
2026-08-03T02:48:30.187Z INFO  payment-service handled /api/v2/status status=200 latency=440ms rid=req-193349856
2026-08-03T02:48:31.069Z INFO  payment-service handled /api/v2/charge status=200 latency=710ms rid=req-746412689
2026-08-03T02:48:32.921Z INFO  payment-service handled /api/v2/status status=200 latency=729ms rid=req-853041955
2026-08-03T02:48:33.651Z INFO  payment-service handled /api/v2/refund status=200 latency=291ms rid=req-582334538
2026-08-03T02:48:34.333Z INFO  payment-service handled /healthz status=200 latency=302ms rid=req-919795579
2026-08-03T02:48:34.396Z WARN  payment-service pg pool: acquire slow wait=1477ms in_use=10/10 idle=0 waiters=14
2026-08-03T02:48:34.753Z INFO  payment-service handled /api/v2/charge status=200 latency=836ms rid=req-853041955
2026-08-03T02:48:35.585Z INFO  payment-service handled /api/v2/refund status=200 latency=874ms rid=req-219540831
2026-08-03T02:48:36.659Z ERROR payment-service pg pool timeout after 2000ms acquiring connection rid=req-334760738 route=/api/v2/charge
2026-08-03T02:48:36.193Z INFO  payment-service handled /api/v2/charge status=200 latency=733ms rid=req-732719211
2026-08-03T02:48:37.674Z WARN  payment-service pg pool: acquire slow wait=238ms in_use=10/10 idle=0 waiters=4
2026-08-03T02:48:38.251Z INFO  payment-service handled /api/v2/charge status=200 latency=431ms rid=req-193349856
2026-08-03T02:48:39.086Z ERROR payment-service pg pool timeout after 2000ms acquiring connection rid=req-914763202 route=/api/v2/refund
2026-08-03T02:48:40.046Z WARN  payment-service pg pool: acquire slow wait=1022ms in_use=10/10 idle=0 waiters=19
2026-08-03T02:48:41.184Z ERROR payment-service pg pool timeout after 2000ms acquiring connection rid=req-642621108 route=/api/v2/refund
2026-08-03T02:48:42.263Z ERROR payment-service pg pool timeout after 2000ms acquiring connection rid=req-349817734 route=/api/v2/refund
2026-08-03T02:48:42.292Z ERROR payment-service pg pool timeout after 2000ms acquiring connection rid=req-398704996 route=/api/v2/charge
2026-08-03T02:48:42.975Z INFO  payment-service handled /api/v2/charge status=200 latency=307ms rid=req-334760738
2026-08-03T02:48:43.730Z INFO  payment-service handled /api/v2/status status=200 latency=335ms rid=req-219540831
2026-08-03T02:48:43.914Z INFO  payment-service handled /api/v2/status status=200 latency=295ms rid=req-868820204
2026-08-03T02:48:44.245Z INFO  payment-service handled /api/v2/charge status=200 latency=203ms rid=req-685582861
2026-08-03T02:48:45.770Z WARN  payment-service pg pool: acquire slow wait=1209ms in_use=10/10 idle=0 waiters=17
2026-08-03T02:48:45.325Z ERROR payment-service pg pool timeout after 2000ms acquiring connection rid=req-131994523 route=/api/v2/charge
2026-08-03T02:48:46.648Z INFO  payment-service handled /healthz status=200 latency=179ms rid=req-868820204
2026-08-03T02:48:47.252Z ERROR payment-service pg pool timeout after 2000ms acquiring connection rid=req-131994523 route=/api/v2/charge
2026-08-03T02:48:48.581Z WARN  payment-service pg pool: acquire slow wait=457ms in_use=10/10 idle=0 waiters=10
2026-08-03T02:48:48.553Z INFO  payment-service handled /api/v2/refund status=200 latency=295ms rid=req-128492780
2026-08-03T02:48:49.984Z ERROR payment-service pg pool timeout after 2000ms acquiring connection rid=req-398704996 route=/api/v2/refund
2026-08-03T02:48:50.296Z INFO  payment-service handled /api/v2/charge status=200 latency=625ms rid=req-271432881
2026-08-03T02:48:51.612Z INFO  payment-service handled /api/v2/charge status=200 latency=643ms rid=req-131994523
2026-08-03T02:48:52.217Z WARN  payment-service pg pool: acquire slow wait=919ms in_use=10/10 idle=0 waiters=21
2026-08-03T02:48:53.756Z WARN  payment-service pg pool: acquire slow wait=293ms in_use=10/10 idle=0 waiters=6
2026-08-03T02:48:53.125Z INFO  payment-service handled /api/v2/charge status=200 latency=554ms rid=req-266944844
2026-08-03T02:48:54.215Z WARN  payment-service pg pool: acquire slow wait=772ms in_use=10/10 idle=0 waiters=14
2026-08-03T02:48:55.650Z ERROR payment-service pg pool timeout after 2000ms acquiring connection rid=req-349817734 route=/api/v2/refund
2026-08-03T02:48:56.251Z ERROR payment-service pg pool timeout after 2000ms acquiring connection rid=req-853041955 route=/api/v2/refund
2026-08-03T02:48:56.336Z INFO  payment-service handled /api/v2/refund status=200 latency=620ms rid=req-965241839
2026-08-03T02:48:57.623Z WARN  payment-service pg pool: acquire slow wait=1523ms in_use=10/10 idle=0 waiters=1
2026-08-03T02:48:57.423Z ERROR payment-service pg pool timeout after 2000ms acquiring connection rid=req-398362082 route=/api/v2/charge
2026-08-03T02:48:58.402Z WARN  payment-service pg pool: acquire slow wait=1201ms in_use=10/10 idle=0 waiters=25
2026-08-03T02:48:59.551Z ERROR payment-service pg pool timeout after 2000ms acquiring connection rid=req-553778756 route=/api/v2/charge
2026-08-03T02:48:59.688Z ERROR payment-service pg pool timeout after 2000ms acquiring connection rid=req-465341213 route=/api/v2/refund
2026-08-03T02:48:59.396Z ERROR payment-service pg pool timeout after 2000ms acquiring connection rid=req-702632297 route=/api/v2/refund
2026-08-03T02:49:00.127Z ERROR payment-service pg pool timeout after 2000ms acquiring connection rid=req-266944844 route=/api/v2/charge
2026-08-03T02:49:00.226Z ERROR payment-service pg pool timeout after 2000ms acquiring connection rid=req-853041955 route=/api/v2/charge
2026-08-03T02:49:01.196Z ERROR payment-service pg pool timeout after 2000ms acquiring connection rid=req-398362082 route=/api/v2/refund
2026-08-03T02:49:02.226Z WARN  payment-service pg pool: acquire slow wait=820ms in_use=10/10 idle=0 waiters=23
2026-08-03T02:49:02.504Z INFO  payment-service handled /api/v2/status status=200 latency=187ms rid=req-131994523
2026-08-03T02:49:03.200Z WARN  payment-service pg pool: acquire slow wait=628ms in_use=10/10 idle=0 waiters=1
2026-08-03T02:49:04.582Z WARN  payment-service pg pool: acquire slow wait=427ms in_use=10/10 idle=0 waiters=9
2026-08-03T02:49:05.579Z INFO  payment-service handled /api/v2/refund status=200 latency=825ms rid=req-461415646
2026-08-03T02:49:06.602Z WARN  payment-service pg pool: acquire slow wait=559ms in_use=10/10 idle=0 waiters=3
2026-08-03T02:49:06.902Z INFO  payment-service handled /api/v2/status status=200 latency=733ms rid=req-734036506
2026-08-03T02:49:07.993Z ERROR payment-service pg pool timeout after 2000ms acquiring connection rid=req-685582861 route=/api/v2/charge
2026-08-03T02:49:08.573Z WARN  payment-service pg pool: acquire slow wait=717ms in_use=10/10 idle=0 waiters=22
2026-08-03T02:49:09.965Z INFO  payment-service handled /healthz status=200 latency=806ms rid=req-398362082
2026-08-03T02:49:10.864Z ERROR payment-service pg pool timeout after 2000ms acquiring connection rid=req-349817734 route=/api/v2/refund
2026-08-03T02:49:11.529Z INFO  payment-service handled /healthz status=200 latency=657ms rid=req-128492780
2026-08-03T02:49:12.284Z ERROR payment-service pg pool timeout after 2000ms acquiring connection rid=req-734036506 route=/api/v2/charge
2026-08-03T02:49:13.401Z WARN  payment-service pg pool: acquire slow wait=847ms in_use=10/10 idle=0 waiters=1
2026-08-03T02:49:13.433Z INFO  payment-service handled /api/v2/charge status=200 latency=381ms rid=req-266944844
2026-08-03T02:49:15.337Z ERROR payment-service pg pool timeout after 2000ms acquiring connection rid=req-685582861 route=/api/v2/charge
2026-08-03T02:49:15.491Z WARN  payment-service pg pool: acquire slow wait=398ms in_use=10/10 idle=0 waiters=1
2026-08-03T02:49:16.110Z INFO  payment-service handled /api/v2/status status=200 latency=406ms rid=req-553035110
2026-08-03T02:49:16.532Z ERROR payment-service pg pool timeout after 2000ms acquiring connection rid=req-896233790 route=/api/v2/refund
2026-08-03T02:49:17.782Z ERROR payment-service pg pool timeout after 2000ms acquiring connection rid=req-199585092 route=/api/v2/refund
2026-08-03T02:49:18.938Z INFO  payment-service handled /api/v2/charge status=200 latency=237ms rid=req-896233790
2026-08-03T02:49:18.941Z INFO  payment-service handled /api/v2/charge status=200 latency=280ms rid=req-896233790
2026-08-03T02:49:19.693Z INFO  payment-service handled /healthz status=200 latency=217ms rid=req-339670711
2026-08-03T02:49:19.632Z INFO  payment-service handled /healthz status=200 latency=561ms rid=req-339670711
2026-08-03T02:49:20.475Z INFO  payment-service handled /api/v2/charge status=200 latency=614ms rid=req-702632297
2026-08-03T02:49:21.347Z ERROR payment-service pg pool timeout after 2000ms acquiring connection rid=req-271432881 route=/api/v2/charge
2026-08-03T02:49:22.529Z WARN  payment-service pg pool: acquire slow wait=253ms in_use=10/10 idle=0 waiters=15
2026-08-03T02:49:23.730Z INFO  payment-service handled /api/v2/charge status=200 latency=162ms rid=req-965241839
2026-08-03T02:49:23.652Z ERROR payment-service pg pool timeout after 2000ms acquiring connection rid=req-685582861 route=/api/v2/charge
2026-08-03T02:49:24.455Z INFO  payment-service handled /healthz status=200 latency=892ms rid=req-271432881
2026-08-03T02:49:24.319Z INFO  payment-service handled /api/v2/charge status=200 latency=211ms rid=req-890779946
2026-08-03T02:49:25.366Z WARN  payment-service pg pool: acquire slow wait=1534ms in_use=10/10 idle=0 waiters=25
2026-08-03T02:49:25.150Z ERROR payment-service pg pool timeout after 2000ms acquiring connection rid=req-199585092 route=/api/v2/charge
2026-08-03T02:49:26.993Z WARN  payment-service pg pool: acquire slow wait=796ms in_use=10/10 idle=0 waiters=12
2026-08-03T02:49:26.058Z WARN  payment-service pg pool: acquire slow wait=1589ms in_use=10/10 idle=0 waiters=5
2026-08-03T02:49:27.432Z ERROR payment-service pg pool timeout after 2000ms acquiring connection rid=req-969119330 route=/api/v2/charge
2026-08-03T02:49:27.804Z ERROR payment-service pg pool timeout after 2000ms acquiring connection rid=req-849621470 route=/api/v2/charge
2026-08-03T02:49:27.478Z INFO  payment-service handled /healthz status=200 latency=861ms rid=req-266944844
2026-08-03T02:49:28.428Z INFO  payment-service handled /api/v2/status status=200 latency=780ms rid=req-334760738
2026-08-03T02:49:29.942Z INFO  payment-service handled /api/v2/charge status=200 latency=657ms rid=req-734036506
2026-08-03T02:49:29.218Z INFO  payment-service handled /api/v2/refund status=200 latency=627ms rid=req-271432881
2026-08-03T02:49:29.384Z WARN  payment-service pg pool: acquire slow wait=878ms in_use=10/10 idle=0 waiters=24
2026-08-03T02:49:30.075Z INFO  payment-service handled /api/v2/charge status=200 latency=521ms rid=req-786579303
2026-08-03T02:49:30.450Z WARN  payment-service pg pool: acquire slow wait=491ms in_use=10/10 idle=0 waiters=10
2026-08-03T02:49:31.044Z WARN  payment-service pg pool: acquire slow wait=1767ms in_use=10/10 idle=0 waiters=12
2026-08-03T02:49:32.906Z INFO  payment-service handled /api/v2/status status=200 latency=328ms rid=req-734036506
2026-08-03T02:49:32.022Z INFO  payment-service handled /api/v2/refund status=200 latency=332ms rid=req-685582861
2026-08-03T02:49:33.140Z INFO  payment-service handled /api/v2/charge status=200 latency=171ms rid=req-398362082
2026-08-03T02:49:33.958Z ERROR payment-service pg pool timeout after 2000ms acquiring connection rid=req-249827706 route=/api/v2/refund
2026-08-03T02:49:34.175Z INFO  payment-service handled /api/v2/status status=200 latency=531ms rid=req-465341213
2026-08-03T02:49:35.899Z ERROR payment-service pg pool timeout after 2000ms acquiring connection rid=req-271432881 route=/api/v2/refund
2026-08-03T02:49:36.545Z INFO  payment-service handled /api/v2/refund status=200 latency=344ms rid=req-685582861
2026-08-03T02:49:36.943Z INFO  payment-service handled /healthz status=200 latency=801ms rid=req-553035110
2026-08-03T02:49:37.301Z WARN  payment-service pg pool: acquire slow wait=587ms in_use=10/10 idle=0 waiters=18
2026-08-03T02:49:38.893Z INFO  payment-service handled /api/v2/charge status=200 latency=794ms rid=req-131994523
2026-08-03T02:49:38.214Z WARN  payment-service pg pool: acquire slow wait=1396ms in_use=10/10 idle=0 waiters=16
2026-08-03T02:49:39.171Z ERROR payment-service pg pool timeout after 2000ms acquiring connection rid=req-465341213 route=/api/v2/charge
2026-08-03T02:49:40.510Z ERROR payment-service pg pool timeout after 2000ms acquiring connection rid=req-553778756 route=/api/v2/refund
2026-08-03T02:49:40.494Z INFO  payment-service handled /api/v2/status status=200 latency=688ms rid=req-266944844
2026-08-03T02:49:41.653Z INFO  payment-service handled /api/v2/status status=200 latency=745ms rid=req-313500298
2026-08-03T02:49:42.224Z WARN  payment-service pg pool: acquire slow wait=274ms in_use=10/10 idle=0 waiters=7
2026-08-03T02:49:43.313Z INFO  payment-service handled /api/v2/refund status=200 latency=555ms rid=req-193349856
2026-08-03T02:49:44.563Z INFO  payment-service handled /api/v2/refund status=200 latency=533ms rid=req-134126396
2026-08-03T02:49:44.531Z ERROR payment-service pg pool timeout after 2000ms acquiring connection rid=req-200604502 route=/api/v2/refund
2026-08-03T02:49:45.636Z WARN  payment-service pg pool: acquire slow wait=1152ms in_use=10/10 idle=0 waiters=17
2026-08-03T02:49:45.823Z INFO  payment-service handled /healthz status=200 latency=568ms rid=req-128492780
2026-08-03T02:49:46.239Z INFO  payment-service handled /api/v2/charge status=200 latency=333ms rid=req-853041955
2026-08-03T02:49:47.525Z INFO  payment-service handled /api/v2/charge status=200 latency=451ms rid=req-582334538
2026-08-03T02:49:47.121Z INFO  payment-service handled /api/v2/status status=200 latency=383ms rid=req-339670711
2026-08-03T02:49:48.691Z INFO  payment-service handled /api/v2/refund status=200 latency=491ms rid=req-685582861
2026-08-03T02:49:48.618Z INFO  payment-service handled /api/v2/status status=200 latency=345ms rid=req-331191390
2026-08-03T02:49:49.008Z ERROR payment-service pg pool timeout after 2000ms acquiring connection rid=req-209747451 route=/api/v2/refund
2026-08-03T02:49:50.841Z INFO  payment-service handled /api/v2/status status=200 latency=563ms rid=req-313500298
2026-08-03T02:49:51.524Z WARN  payment-service pg pool: acquire slow wait=1166ms in_use=10/10 idle=0 waiters=21
2026-08-03T02:49:52.232Z ERROR payment-service pg pool timeout after 2000ms acquiring connection rid=req-313500298 route=/api/v2/charge
2026-08-03T02:49:53.804Z INFO  payment-service handled /api/v2/refund status=200 latency=678ms rid=req-914763202
2026-08-03T02:49:54.320Z INFO  payment-service handled /healthz status=200 latency=498ms rid=req-362950628
2026-08-03T02:49:55.460Z INFO  payment-service handled /healthz status=200 latency=364ms rid=req-853041955
2026-08-03T02:49:56.312Z INFO  payment-service handled /api/v2/refund status=200 latency=741ms rid=req-890779946
2026-08-03T02:49:57.429Z INFO  payment-service handled /api/v2/status status=200 latency=497ms rid=req-734036506
2026-08-03T02:49:58.333Z ERROR payment-service pg pool timeout after 2000ms acquiring connection rid=req-209747451 route=/api/v2/refund
2026-08-03T02:49:59.157Z WARN  payment-service pg pool: acquire slow wait=265ms in_use=10/10 idle=0 waiters=5
2026-08-03T02:50:00.390Z ERROR payment-service pg pool timeout after 2000ms acquiring connection rid=req-106977991 route=/api/v2/refund
2026-08-03T02:50:00.111Z INFO  payment-service handled /healthz status=200 latency=342ms rid=req-550455977
2026-08-03T02:50:01.095Z ERROR payment-service pg pool timeout after 2000ms acquiring connection rid=req-849621470 route=/api/v2/refund
2026-08-03T02:50:01.846Z WARN  payment-service pg pool: acquire slow wait=563ms in_use=10/10 idle=0 waiters=2
2026-08-03T02:50:02.933Z INFO  payment-service handled /api/v2/refund status=200 latency=353ms rid=req-395310485
2026-08-03T02:50:03.536Z INFO  payment-service handled /api/v2/refund status=200 latency=448ms rid=req-465341213
2026-08-03T02:50:03.880Z INFO  payment-service handled /api/v2/charge status=200 latency=325ms rid=req-349817734
2026-08-03T02:50:04.428Z INFO  payment-service handled /api/v2/charge status=200 latency=282ms rid=req-398704996
2026-08-03T02:50:05.317Z INFO  payment-service handled /api/v2/refund status=200 latency=283ms rid=req-193349856
2026-08-03T02:50:06.618Z WARN  payment-service pg pool: acquire slow wait=1172ms in_use=10/10 idle=0 waiters=6
2026-08-03T02:50:07.701Z INFO  payment-service handled /api/v2/refund status=200 latency=664ms rid=req-331191390
2026-08-03T02:50:07.844Z INFO  payment-service handled /api/v2/refund status=200 latency=606ms rid=req-395310485
2026-08-03T02:50:08.932Z ERROR payment-service pg pool timeout after 2000ms acquiring connection rid=req-732719211 route=/api/v2/refund
2026-08-03T02:50:09.754Z INFO  payment-service handled /healthz status=200 latency=739ms rid=req-126855092
2026-08-03T02:50:09.717Z WARN  payment-service pg pool: acquire slow wait=1134ms in_use=10/10 idle=0 waiters=12
2026-08-03T02:50:10.425Z ERROR payment-service pg pool timeout after 2000ms acquiring connection rid=req-313500298 route=/api/v2/charge
2026-08-03T02:50:10.468Z ERROR payment-service pg pool timeout after 2000ms acquiring connection rid=req-919795579 route=/api/v2/refund
2026-08-03T02:50:11.097Z WARN  payment-service pg pool: acquire slow wait=1630ms in_use=10/10 idle=0 waiters=19
2026-08-03T02:50:12.280Z ERROR payment-service pg pool timeout after 2000ms acquiring connection rid=req-553035110 route=/api/v2/charge
2026-08-03T02:50:13.714Z WARN  payment-service pg pool: acquire slow wait=1565ms in_use=10/10 idle=0 waiters=3
2026-08-03T02:50:14.780Z ERROR payment-service pg pool timeout after 2000ms acquiring connection rid=req-336696312 route=/api/v2/refund
2026-08-03T02:50:14.516Z ERROR payment-service pg pool timeout after 2000ms acquiring connection rid=req-395310485 route=/api/v2/charge
2026-08-03T02:50:15.212Z INFO  payment-service handled /healthz status=200 latency=318ms rid=req-134126396
2026-08-03T02:50:16.691Z INFO  payment-service handled /api/v2/charge status=200 latency=804ms rid=req-266944844
2026-08-03T02:50:17.038Z INFO  payment-service handled /healthz status=200 latency=349ms rid=req-313500298
2026-08-03T02:50:17.766Z INFO  payment-service handled /api/v2/refund status=200 latency=484ms rid=req-465341213
2026-08-03T02:50:18.248Z INFO  payment-service handled /api/v2/charge status=200 latency=711ms rid=req-465341213
2026-08-03T02:50:19.174Z INFO  payment-service handled /healthz status=200 latency=435ms rid=req-826600539
2026-08-03T02:50:20.127Z WARN  payment-service pg pool: acquire slow wait=562ms in_use=10/10 idle=0 waiters=10
2026-08-03T02:50:20.011Z INFO  payment-service handled /api/v2/charge status=200 latency=837ms rid=req-209747451
2026-08-03T02:50:21.731Z INFO  payment-service handled /api/v2/status status=200 latency=332ms rid=req-193349856
2026-08-03T02:50:22.713Z WARN  payment-service pg pool: acquire slow wait=642ms in_use=10/10 idle=0 waiters=15
2026-08-03T02:50:22.678Z WARN  payment-service pg pool: acquire slow wait=1270ms in_use=10/10 idle=0 waiters=21
2026-08-03T02:50:23.454Z ERROR payment-service pg pool timeout after 2000ms acquiring connection rid=req-702632297 route=/api/v2/refund
2026-08-03T02:50:23.383Z INFO  payment-service handled /healthz status=200 latency=356ms rid=req-553035110
2026-08-03T02:50:24.014Z INFO  payment-service handled /api/v2/charge status=200 latency=581ms rid=req-219540831
2026-08-03T02:50:25.816Z INFO  payment-service handled /api/v2/charge status=200 latency=375ms rid=req-339670711
2026-08-03T02:50:26.045Z WARN  payment-service pg pool: acquire slow wait=1682ms in_use=10/10 idle=0 waiters=6
2026-08-03T02:50:26.641Z INFO  payment-service handled /api/v2/status status=200 latency=480ms rid=req-969119330
2026-08-03T02:50:27.237Z INFO  payment-service handled /healthz status=200 latency=588ms rid=req-249827706
2026-08-03T02:50:27.669Z INFO  payment-service handled /api/v2/refund status=200 latency=165ms rid=req-313500298
2026-08-03T02:50:28.673Z INFO  payment-service handled /healthz status=200 latency=375ms rid=req-395310485
2026-08-03T02:50:29.068Z WARN  payment-service pg pool: acquire slow wait=955ms in_use=10/10 idle=0 waiters=2
2026-08-03T02:50:30.549Z INFO  payment-service handled /healthz status=200 latency=254ms rid=req-331191390
2026-08-03T02:50:31.257Z ERROR payment-service pg pool timeout after 2000ms acquiring connection rid=req-106977991 route=/api/v2/charge
2026-08-03T02:50:32.397Z WARN  payment-service pg pool: acquire slow wait=1492ms in_use=10/10 idle=0 waiters=23
2026-08-03T02:50:33.340Z ERROR payment-service pg pool timeout after 2000ms acquiring connection rid=req-266944844 route=/api/v2/charge
2026-08-03T02:50:33.871Z ERROR payment-service pg pool timeout after 2000ms acquiring connection rid=req-266944844 route=/api/v2/refund
2026-08-03T02:50:34.459Z INFO  payment-service handled /api/v2/charge status=200 latency=773ms rid=req-914763202
2026-08-03T02:50:35.601Z WARN  payment-service pg pool: acquire slow wait=676ms in_use=10/10 idle=0 waiters=17
2026-08-03T02:50:35.918Z INFO  payment-service handled /api/v2/charge status=200 latency=781ms rid=req-209747451
2026-08-03T02:50:36.081Z INFO  payment-service handled /healthz status=200 latency=399ms rid=req-271432881
2026-08-03T02:50:36.384Z INFO  payment-service handled /api/v2/status status=200 latency=356ms rid=req-210053353
2026-08-03T02:50:36.284Z INFO  payment-service handled /healthz status=200 latency=486ms rid=req-890779946
2026-08-03T02:50:37.663Z ERROR payment-service pg pool timeout after 2000ms acquiring connection rid=req-126855092 route=/api/v2/refund
2026-08-03T02:50:38.350Z ERROR payment-service pg pool timeout after 2000ms acquiring connection rid=req-734036506 route=/api/v2/refund
2026-08-03T02:50:38.820Z WARN  payment-service pg pool: acquire slow wait=1561ms in_use=10/10 idle=0 waiters=8
2026-08-03T02:50:39.533Z WARN  payment-service pg pool: acquire slow wait=1445ms in_use=10/10 idle=0 waiters=13
2026-08-03T02:50:40.071Z INFO  payment-service handled /api/v2/charge status=200 latency=216ms rid=req-336696312
2026-08-03T02:50:41.093Z INFO  payment-service handled /api/v2/refund status=200 latency=359ms rid=req-890779946
2026-08-03T02:50:41.519Z WARN  payment-service pg pool: acquire slow wait=618ms in_use=10/10 idle=0 waiters=8
2026-08-03T02:50:42.738Z WARN  payment-service pg pool: acquire slow wait=837ms in_use=10/10 idle=0 waiters=6
2026-08-03T02:50:42.590Z INFO  payment-service handled /api/v2/refund status=200 latency=460ms rid=req-200604502
2026-08-03T02:50:43.081Z WARN  payment-service pg pool: acquire slow wait=756ms in_use=10/10 idle=0 waiters=16
2026-08-03T02:50:44.451Z INFO  payment-service handled /healthz status=200 latency=321ms rid=req-550455977
2026-08-03T02:50:44.159Z WARN  payment-service pg pool: acquire slow wait=1087ms in_use=10/10 idle=0 waiters=25
2026-08-03T02:50:45.437Z ERROR payment-service pg pool timeout after 2000ms acquiring connection rid=req-219540831 route=/api/v2/refund
2026-08-03T02:50:47.566Z ERROR payment-service pg pool timeout after 2000ms acquiring connection rid=req-334760738 route=/api/v2/charge
2026-08-03T02:50:47.290Z INFO  payment-service handled /healthz status=200 latency=463ms rid=req-685126461
2026-08-03T02:50:48.139Z WARN  payment-service pg pool: acquire slow wait=347ms in_use=10/10 idle=0 waiters=11
2026-08-03T02:50:49.882Z INFO  payment-service handled /api/v2/refund status=200 latency=154ms rid=req-786579303
2026-08-03T02:50:50.947Z WARN  payment-service pg pool: acquire slow wait=1206ms in_use=10/10 idle=0 waiters=13
2026-08-03T02:50:50.315Z INFO  payment-service handled /api/v2/status status=200 latency=543ms rid=req-336696312
2026-08-03T02:50:51.943Z WARN  payment-service pg pool: acquire slow wait=1037ms in_use=10/10 idle=0 waiters=2
2026-08-03T02:50:51.781Z ERROR payment-service pg pool timeout after 2000ms acquiring connection rid=req-826600539 route=/api/v2/charge
2026-08-03T02:50:52.500Z INFO  payment-service handled /api/v2/status status=200 latency=671ms rid=req-331191390
2026-08-03T02:50:53.948Z INFO  payment-service handled /api/v2/charge status=200 latency=816ms rid=req-702632297
2026-08-03T02:50:54.646Z INFO  payment-service handled /healthz status=200 latency=185ms rid=req-128492780
2026-08-03T02:50:54.466Z INFO  payment-service handled /api/v2/refund status=200 latency=417ms rid=req-965241839
2026-08-03T02:50:56.974Z INFO  payment-service handled /api/v2/refund status=200 latency=766ms rid=req-914763202
2026-08-03T02:50:56.728Z INFO  payment-service handled /api/v2/charge status=200 latency=244ms rid=req-553778756
2026-08-03T02:50:58.897Z INFO  payment-service handled /api/v2/charge status=200 latency=680ms rid=req-685582861
2026-08-03T02:50:58.512Z ERROR payment-service pg pool timeout after 2000ms acquiring connection rid=req-134126396 route=/api/v2/refund
2026-08-03T02:50:59.315Z WARN  payment-service pg pool: acquire slow wait=983ms in_use=10/10 idle=0 waiters=19
2026-08-03T02:51:00.111Z ERROR payment-service pg pool timeout after 2000ms acquiring connection rid=req-919795579 route=/api/v2/charge
2026-08-03T02:51:01.275Z ERROR payment-service pg pool timeout after 2000ms acquiring connection rid=req-746412689 route=/api/v2/charge
2026-08-03T02:51:02.006Z ERROR payment-service pg pool timeout after 2000ms acquiring connection rid=req-313500298 route=/api/v2/refund
2026-08-03T02:51:03.071Z ERROR payment-service pg pool timeout after 2000ms acquiring connection rid=req-786579303 route=/api/v2/charge
2026-08-03T02:51:04.750Z INFO  payment-service handled /healthz status=200 latency=820ms rid=req-200604502
2026-08-03T02:51:05.202Z INFO  payment-service handled /api/v2/refund status=200 latency=870ms rid=req-890779946
2026-08-03T02:51:06.580Z WARN  payment-service pg pool: acquire slow wait=425ms in_use=10/10 idle=0 waiters=15
2026-08-03T02:51:07.196Z INFO  payment-service handled /api/v2/charge status=200 latency=337ms rid=req-209747451
2026-08-03T02:51:07.641Z ERROR payment-service pg pool timeout after 2000ms acquiring connection rid=req-868820204 route=/api/v2/refund
2026-08-03T02:51:08.087Z INFO  payment-service handled /api/v2/refund status=200 latency=231ms rid=req-200604502
2026-08-03T02:51:09.240Z INFO  payment-service handled /api/v2/status status=200 latency=180ms rid=req-914763202
2026-08-03T02:51:09.062Z WARN  payment-service pg pool: acquire slow wait=406ms in_use=10/10 idle=0 waiters=1
2026-08-03T02:51:10.099Z ERROR payment-service pg pool timeout after 2000ms acquiring connection rid=req-465341213 route=/api/v2/charge
2026-08-03T02:51:10.954Z ERROR payment-service pg pool timeout after 2000ms acquiring connection rid=req-702632297 route=/api/v2/refund
2026-08-03T02:51:11.344Z ERROR payment-service pg pool timeout after 2000ms acquiring connection rid=req-965241839 route=/api/v2/refund
2026-08-03T02:51:12.963Z ERROR payment-service pg pool timeout after 2000ms acquiring connection rid=req-349817734 route=/api/v2/charge
2026-08-03T02:51:12.825Z INFO  payment-service handled /api/v2/charge status=200 latency=514ms rid=req-642621108
2026-08-03T02:51:12.026Z INFO  payment-service handled /healthz status=200 latency=892ms rid=req-890779946
2026-08-03T02:51:13.377Z ERROR payment-service pg pool timeout after 2000ms acquiring connection rid=req-131994523 route=/api/v2/charge
2026-08-03T02:51:14.423Z WARN  payment-service pg pool: acquire slow wait=1173ms in_use=10/10 idle=0 waiters=17
2026-08-03T02:51:15.368Z INFO  payment-service handled /api/v2/status status=200 latency=167ms rid=req-849621470
2026-08-03T02:51:16.694Z ERROR payment-service pg pool timeout after 2000ms acquiring connection rid=req-461415646 route=/api/v2/refund
2026-08-03T02:51:16.627Z WARN  payment-service pg pool: acquire slow wait=1019ms in_use=10/10 idle=0 waiters=24
2026-08-03T02:51:17.926Z INFO  payment-service handled /healthz status=200 latency=824ms rid=req-266944844
2026-08-03T02:51:18.890Z INFO  payment-service handled /api/v2/refund status=200 latency=879ms rid=req-210053353
2026-08-03T02:51:18.032Z WARN  payment-service pg pool: acquire slow wait=1667ms in_use=10/10 idle=0 waiters=17
2026-08-03T02:51:19.172Z ERROR payment-service pg pool timeout after 2000ms acquiring connection rid=req-334760738 route=/api/v2/refund
2026-08-03T02:51:20.249Z ERROR payment-service pg pool timeout after 2000ms acquiring connection rid=req-550455977 route=/api/v2/charge
2026-08-03T02:51:20.108Z ERROR payment-service pg pool timeout after 2000ms acquiring connection rid=req-465341213 route=/api/v2/charge
2026-08-03T02:51:21.924Z WARN  payment-service pg pool: acquire slow wait=528ms in_use=10/10 idle=0 waiters=11
2026-08-03T02:51:21.974Z INFO  payment-service handled /api/v2/status status=200 latency=831ms rid=req-550455977
2026-08-03T02:51:23.742Z INFO  payment-service handled /api/v2/refund status=200 latency=697ms rid=req-849621470
2026-08-03T02:51:23.954Z ERROR payment-service pg pool timeout after 2000ms acquiring connection rid=req-642621108 route=/api/v2/charge
2026-08-03T02:51:24.386Z ERROR payment-service pg pool timeout after 2000ms acquiring connection rid=req-395310485 route=/api/v2/refund
2026-08-03T02:51:25.669Z WARN  payment-service pg pool: acquire slow wait=1684ms in_use=10/10 idle=0 waiters=13
2026-08-03T02:51:26.228Z WARN  payment-service pg pool: acquire slow wait=1094ms in_use=10/10 idle=0 waiters=8
2026-08-03T02:51:26.758Z INFO  payment-service handled /api/v2/charge status=200 latency=241ms rid=req-642621108
2026-08-03T02:51:27.130Z INFO  payment-service handled /api/v2/charge status=200 latency=736ms rid=req-128492780
2026-08-03T02:51:28.318Z ERROR payment-service pg pool timeout after 2000ms acquiring connection rid=req-106977991 route=/api/v2/charge
2026-08-03T02:51:29.327Z WARN  payment-service pg pool: acquire slow wait=994ms in_use=10/10 idle=0 waiters=14
2026-08-03T02:51:30.109Z ERROR payment-service pg pool timeout after 2000ms acquiring connection rid=req-890779946 route=/api/v2/charge
2026-08-03T02:51:30.148Z WARN  payment-service pg pool: acquire slow wait=1143ms in_use=10/10 idle=0 waiters=11
2026-08-03T02:51:31.466Z INFO  payment-service handled /api/v2/refund status=200 latency=661ms rid=req-398362082
2026-08-03T02:51:32.316Z INFO  payment-service handled /api/v2/charge status=200 latency=763ms rid=req-349817734
2026-08-03T02:51:32.587Z WARN  payment-service pg pool: acquire slow wait=760ms in_use=10/10 idle=0 waiters=23
2026-08-03T02:51:33.721Z ERROR payment-service pg pool timeout after 2000ms acquiring connection rid=req-336696312 route=/api/v2/refund
2026-08-03T02:51:34.215Z INFO  payment-service handled /api/v2/status status=200 latency=306ms rid=req-331191390
2026-08-03T02:51:35.945Z ERROR payment-service pg pool timeout after 2000ms acquiring connection rid=req-734036506 route=/api/v2/charge
2026-08-03T02:51:36.306Z INFO  payment-service handled /healthz status=200 latency=894ms rid=req-313500298
2026-08-03T02:51:37.561Z WARN  payment-service pg pool: acquire slow wait=526ms in_use=10/10 idle=0 waiters=1
2026-08-03T02:51:38.400Z INFO  payment-service handled /healthz status=200 latency=506ms rid=req-209747451
2026-08-03T02:51:39.713Z WARN  payment-service pg pool: acquire slow wait=779ms in_use=10/10 idle=0 waiters=10
2026-08-03T02:51:40.099Z WARN  payment-service pg pool: acquire slow wait=1322ms in_use=10/10 idle=0 waiters=13
2026-08-03T02:51:40.870Z ERROR payment-service pg pool timeout after 2000ms acquiring connection rid=req-914763202 route=/api/v2/charge
2026-08-03T02:51:41.452Z INFO  payment-service handled /api/v2/refund status=200 latency=741ms rid=req-890779946
2026-08-03T02:51:42.823Z INFO  payment-service handled /api/v2/refund status=200 latency=364ms rid=req-193349856
2026-08-03T02:51:43.743Z WARN  payment-service pg pool: acquire slow wait=218ms in_use=10/10 idle=0 waiters=12
2026-08-03T02:51:44.695Z INFO  payment-service handled /api/v2/refund status=200 latency=535ms rid=req-797808098
2026-08-03T02:51:45.997Z ERROR payment-service pg pool timeout after 2000ms acquiring connection rid=req-339670711 route=/api/v2/refund
2026-08-03T02:51:46.607Z ERROR payment-service pg pool timeout after 2000ms acquiring connection rid=req-249827706 route=/api/v2/refund
2026-08-03T02:51:46.121Z INFO  payment-service handled /healthz status=200 latency=400ms rid=req-126855092
2026-08-03T02:51:47.384Z INFO  payment-service handled /api/v2/refund status=200 latency=818ms rid=req-461415646
2026-08-03T02:51:48.796Z ERROR payment-service pg pool timeout after 2000ms acquiring connection rid=req-465341213 route=/api/v2/charge
2026-08-03T02:51:48.647Z ERROR payment-service pg pool timeout after 2000ms acquiring connection rid=req-702632297 route=/api/v2/refund
2026-08-03T02:51:49.124Z INFO  payment-service handled /api/v2/charge status=200 latency=269ms rid=req-362950628
2026-08-03T02:51:50.023Z WARN  payment-service pg pool: acquire slow wait=1243ms in_use=10/10 idle=0 waiters=8
2026-08-03T02:51:51.710Z ERROR payment-service pg pool timeout after 2000ms acquiring connection rid=req-550455977 route=/api/v2/refund
2026-08-03T02:51:52.495Z ERROR payment-service pg pool timeout after 2000ms acquiring connection rid=req-895285932 route=/api/v2/refund
2026-08-03T02:51:53.128Z WARN  payment-service pg pool: acquire slow wait=811ms in_use=10/10 idle=0 waiters=19
2026-08-03T02:51:53.020Z INFO  payment-service handled /api/v2/refund status=200 latency=565ms rid=req-266944844
2026-08-03T02:51:54.065Z ERROR payment-service pg pool timeout after 2000ms acquiring connection rid=req-732719211 route=/api/v2/refund
2026-08-03T02:51:55.127Z WARN  payment-service pg pool: acquire slow wait=1661ms in_use=10/10 idle=0 waiters=21
2026-08-03T02:51:55.711Z INFO  payment-service handled /api/v2/charge status=200 latency=335ms rid=req-965241839
2026-08-03T02:51:56.040Z WARN  payment-service pg pool: acquire slow wait=843ms in_use=10/10 idle=0 waiters=4
2026-08-03T02:51:56.262Z INFO  payment-service handled /api/v2/refund status=200 latency=239ms rid=req-969119330
2026-08-03T02:51:57.372Z INFO  payment-service handled /api/v2/charge status=200 latency=668ms rid=req-334760738
2026-08-03T02:51:58.047Z INFO  payment-service handled /api/v2/charge status=200 latency=404ms rid=req-334760738
2026-08-03T02:52:00.546Z WARN  payment-service pg pool: acquire slow wait=800ms in_use=10/10 idle=0 waiters=22
2026-08-03T02:52:00.535Z WARN  payment-service pg pool: acquire slow wait=1623ms in_use=10/10 idle=0 waiters=11
2026-08-03T02:52:01.704Z ERROR payment-service pg pool timeout after 2000ms acquiring connection rid=req-965241839 route=/api/v2/charge
2026-08-03T02:52:02.192Z ERROR payment-service pg pool timeout after 2000ms acquiring connection rid=req-553035110 route=/api/v2/charge
2026-08-03T02:52:02.616Z ERROR payment-service pg pool timeout after 2000ms acquiring connection rid=req-193349856 route=/api/v2/charge
2026-08-03T02:52:03.746Z WARN  payment-service pg pool: acquire slow wait=768ms in_use=10/10 idle=0 waiters=5
2026-08-03T02:52:04.665Z INFO  payment-service handled /api/v2/status status=200 latency=416ms rid=req-702632297
2026-08-03T02:52:05.435Z INFO  payment-service handled /api/v2/charge status=200 latency=410ms rid=req-398362082
2026-08-03T02:52:06.750Z INFO  payment-service handled /api/v2/refund status=200 latency=222ms rid=req-849621470
2026-08-03T02:52:06.731Z WARN  payment-service pg pool: acquire slow wait=1522ms in_use=10/10 idle=0 waiters=7
2026-08-03T02:52:07.167Z WARN  payment-service pg pool: acquire slow wait=1247ms in_use=10/10 idle=0 waiters=20
2026-08-03T02:52:07.987Z INFO  payment-service handled /healthz status=200 latency=538ms rid=req-219540831
2026-08-03T02:52:08.700Z INFO  payment-service handled /api/v2/charge status=200 latency=694ms rid=req-249827706
2026-08-03T02:52:09.796Z INFO  payment-service handled /api/v2/charge status=200 latency=521ms rid=req-642621108
2026-08-03T02:52:09.010Z ERROR payment-service pg pool timeout after 2000ms acquiring connection rid=req-734036506 route=/api/v2/refund
2026-08-03T02:52:10.974Z ERROR payment-service pg pool timeout after 2000ms acquiring connection rid=req-734036506 route=/api/v2/refund
2026-08-03T02:52:10.602Z ERROR payment-service pg pool timeout after 2000ms acquiring connection rid=req-895285932 route=/api/v2/refund
2026-08-03T02:52:11.886Z INFO  payment-service handled /api/v2/status status=200 latency=867ms rid=req-106977991
2026-08-03T02:52:12.325Z INFO  payment-service handled /api/v2/charge status=200 latency=199ms rid=req-826600539
2026-08-03T02:52:13.564Z INFO  payment-service handled /api/v2/status status=200 latency=844ms rid=req-398704996
2026-08-03T02:52:14.265Z ERROR payment-service pg pool timeout after 2000ms acquiring connection rid=req-550455977 route=/api/v2/charge
2026-08-03T02:52:14.129Z WARN  payment-service pg pool: acquire slow wait=518ms in_use=10/10 idle=0 waiters=22
2026-08-03T02:52:14.940Z WARN  payment-service pg pool: acquire slow wait=747ms in_use=10/10 idle=0 waiters=2
2026-08-03T02:52:15.694Z ERROR payment-service pg pool timeout after 2000ms acquiring connection rid=req-331191390 route=/api/v2/charge
2026-08-03T02:52:16.362Z WARN  payment-service pg pool: acquire slow wait=574ms in_use=10/10 idle=0 waiters=15
2026-08-03T02:52:17.533Z WARN  payment-service pg pool: acquire slow wait=764ms in_use=10/10 idle=0 waiters=14
2026-08-03T02:52:18.650Z ERROR payment-service pg pool timeout after 2000ms acquiring connection rid=req-734036506 route=/api/v2/refund
2026-08-03T02:52:19.865Z ERROR payment-service pg pool timeout after 2000ms acquiring connection rid=req-868820204 route=/api/v2/refund
2026-08-03T02:52:19.589Z INFO  payment-service handled /api/v2/refund status=200 latency=245ms rid=req-826600539
2026-08-03T02:52:20.827Z WARN  payment-service pg pool: acquire slow wait=1334ms in_use=10/10 idle=0 waiters=16
2026-08-03T02:52:21.491Z ERROR payment-service pg pool timeout after 2000ms acquiring connection rid=req-797808098 route=/api/v2/charge
2026-08-03T02:52:21.714Z WARN  payment-service pg pool: acquire slow wait=1586ms in_use=10/10 idle=0 waiters=18
2026-08-03T02:52:22.435Z INFO  payment-service handled /api/v2/refund status=200 latency=157ms rid=req-331191390
2026-08-03T02:52:23.677Z WARN  payment-service pg pool: acquire slow wait=700ms in_use=10/10 idle=0 waiters=24
2026-08-03T02:52:24.621Z ERROR payment-service pg pool timeout after 2000ms acquiring connection rid=req-732719211 route=/api/v2/charge
2026-08-03T02:52:24.375Z INFO  payment-service handled /api/v2/refund status=200 latency=329ms rid=req-395310485
2026-08-03T02:52:25.507Z WARN  payment-service pg pool: acquire slow wait=304ms in_use=10/10 idle=0 waiters=14
2026-08-03T02:52:26.255Z INFO  payment-service handled /api/v2/charge status=200 latency=496ms rid=req-398362082
2026-08-03T02:52:27.306Z ERROR payment-service pg pool timeout after 2000ms acquiring connection rid=req-249827706 route=/api/v2/refund
2026-08-03T02:52:28.403Z INFO  payment-service handled /api/v2/charge status=200 latency=796ms rid=req-106977991
2026-08-03T02:52:28.868Z INFO  payment-service handled /api/v2/charge status=200 latency=624ms rid=req-271432881
2026-08-03T02:52:29.362Z INFO  payment-service handled /healthz status=200 latency=486ms rid=req-334760738
2026-08-03T02:52:29.009Z INFO  payment-service handled /api/v2/refund status=200 latency=561ms rid=req-746412689
2026-08-03T02:52:29.920Z INFO  payment-service handled /api/v2/charge status=200 latency=691ms rid=req-582334538
2026-08-03T02:52:30.787Z INFO  payment-service handled /healthz status=200 latency=157ms rid=req-210053353
2026-08-03T02:52:31.373Z INFO  payment-service handled /healthz status=200 latency=533ms rid=req-334760738
2026-08-03T02:52:31.672Z INFO  payment-service handled /api/v2/status status=200 latency=261ms rid=req-853041955
2026-08-03T02:52:32.367Z INFO  payment-service handled /api/v2/status status=200 latency=594ms rid=req-786579303
2026-08-03T02:52:33.291Z WARN  payment-service pg pool: acquire slow wait=426ms in_use=10/10 idle=0 waiters=7
2026-08-03T02:52:34.682Z INFO  payment-service handled /api/v2/status status=200 latency=182ms rid=req-826600539
2026-08-03T02:52:34.500Z INFO  payment-service handled /api/v2/status status=200 latency=271ms rid=req-868820204
2026-08-03T02:52:35.332Z ERROR payment-service pg pool timeout after 2000ms acquiring connection rid=req-331191390 route=/api/v2/charge
2026-08-03T02:52:36.134Z ERROR payment-service pg pool timeout after 2000ms acquiring connection rid=req-313500298 route=/api/v2/refund
2026-08-03T02:52:36.352Z INFO  payment-service handled /api/v2/charge status=200 latency=279ms rid=req-210053353
2026-08-03T02:52:37.694Z ERROR payment-service pg pool timeout after 2000ms acquiring connection rid=req-553035110 route=/api/v2/charge
2026-08-03T02:52:38.296Z INFO  payment-service handled /api/v2/charge status=200 latency=594ms rid=req-550455977
2026-08-03T02:52:38.156Z INFO  payment-service handled /healthz status=200 latency=403ms rid=req-271432881
2026-08-03T02:52:39.717Z INFO  payment-service handled /api/v2/status status=200 latency=267ms rid=req-134126396
2026-08-03T02:52:40.723Z ERROR payment-service pg pool timeout after 2000ms acquiring connection rid=req-685582861 route=/api/v2/refund
2026-08-03T02:52:41.644Z INFO  payment-service handled /api/v2/refund status=200 latency=343ms rid=req-914763202
2026-08-03T02:52:41.280Z INFO  payment-service handled /api/v2/refund status=200 latency=560ms rid=req-126855092
2026-08-03T02:52:43.631Z ERROR payment-service pg pool timeout after 2000ms acquiring connection rid=req-797808098 route=/api/v2/charge
2026-08-03T02:52:43.537Z ERROR payment-service pg pool timeout after 2000ms acquiring connection rid=req-702632297 route=/api/v2/refund
2026-08-03T02:52:44.344Z WARN  payment-service pg pool: acquire slow wait=673ms in_use=10/10 idle=0 waiters=8
2026-08-03T02:52:44.311Z INFO  payment-service handled /healthz status=200 latency=809ms rid=req-896233790
2026-08-03T02:52:44.252Z INFO  payment-service handled /api/v2/status status=200 latency=878ms rid=req-868820204
2026-08-03T02:52:45.676Z INFO  payment-service handled /api/v2/charge status=200 latency=150ms rid=req-896233790
2026-08-03T02:52:46.103Z INFO  payment-service handled /healthz status=200 latency=436ms rid=req-965241839
2026-08-03T02:52:47.311Z INFO  payment-service handled /healthz status=200 latency=522ms rid=req-642621108
2026-08-03T02:52:47.788Z WARN  payment-service pg pool: acquire slow wait=1598ms in_use=10/10 idle=0 waiters=18
2026-08-03T02:52:48.619Z INFO  payment-service handled /api/v2/status status=200 latency=753ms rid=req-732719211
2026-08-03T02:52:48.393Z WARN  payment-service pg pool: acquire slow wait=630ms in_use=10/10 idle=0 waiters=19
2026-08-03T02:52:49.991Z INFO  payment-service handled /api/v2/charge status=200 latency=192ms rid=req-914763202
2026-08-03T02:52:50.721Z WARN  payment-service pg pool: acquire slow wait=590ms in_use=10/10 idle=0 waiters=7
2026-08-03T02:52:51.485Z INFO  payment-service handled /api/v2/status status=200 latency=458ms rid=req-919795579
2026-08-03T02:52:52.196Z INFO  payment-service handled /api/v2/refund status=200 latency=194ms rid=req-890779946
2026-08-03T02:52:52.998Z WARN  payment-service pg pool: acquire slow wait=1755ms in_use=10/10 idle=0 waiters=18
2026-08-03T02:52:53.494Z INFO  payment-service handled /api/v2/charge status=200 latency=596ms rid=req-395310485
2026-08-03T02:52:54.170Z ERROR payment-service pg pool timeout after 2000ms acquiring connection rid=req-582334538 route=/api/v2/charge
2026-08-03T02:52:54.046Z WARN  payment-service pg pool: acquire slow wait=464ms in_use=10/10 idle=0 waiters=10
2026-08-03T02:52:55.701Z INFO  payment-service handled /api/v2/refund status=200 latency=557ms rid=req-336696312
2026-08-03T02:52:56.448Z WARN  payment-service pg pool: acquire slow wait=353ms in_use=10/10 idle=0 waiters=6
2026-08-03T02:52:57.278Z INFO  payment-service handled /healthz status=200 latency=560ms rid=req-965241839
2026-08-03T02:52:58.009Z INFO  payment-service handled /api/v2/refund status=200 latency=756ms rid=req-266944844
2026-08-03T02:52:59.310Z ERROR payment-service pg pool timeout after 2000ms acquiring connection rid=req-685126461 route=/api/v2/refund
2026-08-03T02:53:00.175Z INFO  payment-service handled /api/v2/status status=200 latency=715ms rid=req-249827706
2026-08-03T02:53:00.654Z WARN  payment-service pg pool: acquire slow wait=797ms in_use=10/10 idle=0 waiters=2
2026-08-03T02:53:00.894Z ERROR payment-service pg pool timeout after 2000ms acquiring connection rid=req-890779946 route=/api/v2/refund
2026-08-03T02:53:01.547Z WARN  payment-service pg pool: acquire slow wait=709ms in_use=10/10 idle=0 waiters=7
2026-08-03T02:53:02.995Z WARN  payment-service pg pool: acquire slow wait=1495ms in_use=10/10 idle=0 waiters=20
2026-08-03T02:53:02.418Z INFO  payment-service handled /api/v2/status status=200 latency=889ms rid=req-890779946
2026-08-03T02:53:03.843Z INFO  payment-service handled /api/v2/charge status=200 latency=790ms rid=req-786579303
2026-08-03T02:53:04.262Z WARN  payment-service pg pool: acquire slow wait=772ms in_use=10/10 idle=0 waiters=6
2026-08-03T02:53:05.597Z WARN  payment-service pg pool: acquire slow wait=1793ms in_use=10/10 idle=0 waiters=25
2026-08-03T02:53:05.263Z WARN  payment-service pg pool: acquire slow wait=982ms in_use=10/10 idle=0 waiters=21
2026-08-03T02:53:07.836Z WARN  payment-service pg pool: acquire slow wait=1328ms in_use=10/10 idle=0 waiters=7
2026-08-03T02:53:07.827Z INFO  payment-service handled /api/v2/refund status=200 latency=745ms rid=req-849621470
2026-08-03T02:53:08.743Z INFO  payment-service handled /healthz status=200 latency=387ms rid=req-919795579
2026-08-03T02:53:09.185Z INFO  payment-service handled /healthz status=200 latency=245ms rid=req-336696312
2026-08-03T02:53:10.583Z ERROR payment-service pg pool timeout after 2000ms acquiring connection rid=req-895285932 route=/api/v2/charge
2026-08-03T02:53:10.021Z WARN  payment-service pg pool: acquire slow wait=1526ms in_use=10/10 idle=0 waiters=10
2026-08-03T02:53:11.071Z ERROR payment-service pg pool timeout after 2000ms acquiring connection rid=req-313500298 route=/api/v2/charge
2026-08-03T02:53:11.102Z INFO  payment-service handled /healthz status=200 latency=810ms rid=req-313500298
2026-08-03T02:53:12.386Z INFO  payment-service handled /api/v2/charge status=200 latency=767ms rid=req-339670711
2026-08-03T02:53:13.135Z INFO  payment-service handled /api/v2/charge status=200 latency=809ms rid=req-126855092
2026-08-03T02:53:13.013Z INFO  payment-service handled /api/v2/refund status=200 latency=792ms rid=req-965241839
2026-08-03T02:53:14.837Z INFO  payment-service handled /api/v2/charge status=200 latency=705ms rid=req-461415646
2026-08-03T02:53:15.491Z WARN  payment-service pg pool: acquire slow wait=614ms in_use=10/10 idle=0 waiters=5
2026-08-03T02:53:16.339Z ERROR payment-service pg pool timeout after 2000ms acquiring connection rid=req-826600539 route=/api/v2/refund
2026-08-03T02:53:16.126Z INFO  payment-service handled /api/v2/status status=200 latency=792ms rid=req-398704996
2026-08-03T02:53:16.907Z INFO  payment-service handled /api/v2/status status=200 latency=255ms rid=req-582334538
2026-08-03T02:53:17.437Z INFO  payment-service handled /api/v2/refund status=200 latency=174ms rid=req-734036506
2026-08-03T02:53:18.393Z INFO  payment-service handled /api/v2/status status=200 latency=381ms rid=req-398362082
2026-08-03T02:53:19.173Z WARN  payment-service pg pool: acquire slow wait=430ms in_use=10/10 idle=0 waiters=16
2026-08-03T02:53:20.630Z INFO  payment-service handled /api/v2/status status=200 latency=515ms rid=req-395310485
2026-08-03T02:53:21.154Z INFO  payment-service handled /api/v2/charge status=200 latency=194ms rid=req-965241839
2026-08-03T02:53:21.695Z WARN  payment-service pg pool: acquire slow wait=1428ms in_use=10/10 idle=0 waiters=6
2026-08-03T02:53:22.639Z ERROR payment-service pg pool timeout after 2000ms acquiring connection rid=req-398362082 route=/api/v2/refund
2026-08-03T02:53:23.677Z INFO  payment-service handled /api/v2/charge status=200 latency=427ms rid=req-336696312
2026-08-03T02:53:23.796Z INFO  payment-service handled /api/v2/charge status=200 latency=152ms rid=req-210053353
2026-08-03T02:53:24.815Z INFO  payment-service handled /healthz status=200 latency=607ms rid=req-919795579
2026-08-03T02:53:25.437Z INFO  payment-service handled /api/v2/charge status=200 latency=265ms rid=req-106977991
2026-08-03T02:53:26.186Z INFO  payment-service handled /api/v2/charge status=200 latency=480ms rid=req-890779946
2026-08-03T02:53:27.710Z INFO  payment-service handled /healthz status=200 latency=584ms rid=req-550455977
2026-08-03T02:53:28.141Z WARN  payment-service pg pool: acquire slow wait=1503ms in_use=10/10 idle=0 waiters=11
2026-08-03T02:53:29.428Z WARN  payment-service pg pool: acquire slow wait=703ms in_use=10/10 idle=0 waiters=13
2026-08-03T02:53:30.549Z WARN  payment-service pg pool: acquire slow wait=1208ms in_use=10/10 idle=0 waiters=18
2026-08-03T02:53:31.795Z INFO  payment-service handled /healthz status=200 latency=689ms rid=req-106977991
2026-08-03T02:53:32.240Z WARN  payment-service pg pool: acquire slow wait=1639ms in_use=10/10 idle=0 waiters=3
2026-08-03T02:53:33.485Z INFO  payment-service handled /api/v2/charge status=200 latency=521ms rid=req-969119330
2026-08-03T02:53:34.369Z ERROR payment-service pg pool timeout after 2000ms acquiring connection rid=req-896233790 route=/api/v2/refund
2026-08-03T02:53:35.471Z ERROR payment-service pg pool timeout after 2000ms acquiring connection rid=req-890779946 route=/api/v2/refund
2026-08-03T02:53:35.215Z ERROR payment-service pg pool timeout after 2000ms acquiring connection rid=req-868820204 route=/api/v2/charge
2026-08-03T02:53:36.720Z INFO  payment-service handled /api/v2/refund status=200 latency=270ms rid=req-266944844
2026-08-03T02:53:37.380Z WARN  payment-service pg pool: acquire slow wait=1625ms in_use=10/10 idle=0 waiters=14
2026-08-03T02:53:37.891Z INFO  payment-service handled /api/v2/charge status=200 latency=638ms rid=req-965241839
2026-08-03T02:53:37.078Z INFO  payment-service handled /api/v2/refund status=200 latency=230ms rid=req-553035110
2026-08-03T02:53:37.783Z ERROR payment-service pg pool timeout after 2000ms acquiring connection rid=req-868820204 route=/api/v2/charge
2026-08-03T02:53:38.715Z WARN  payment-service pg pool: acquire slow wait=1732ms in_use=10/10 idle=0 waiters=17
2026-08-03T02:53:39.711Z INFO  payment-service handled /api/v2/status status=200 latency=604ms rid=req-553778756
2026-08-03T02:53:39.618Z INFO  payment-service handled /api/v2/charge status=200 latency=807ms rid=req-126855092
2026-08-03T02:53:40.852Z WARN  payment-service pg pool: acquire slow wait=222ms in_use=10/10 idle=0 waiters=13
2026-08-03T02:53:41.941Z ERROR payment-service pg pool timeout after 2000ms acquiring connection rid=req-685126461 route=/api/v2/refund
2026-08-03T02:53:41.278Z INFO  payment-service handled /api/v2/refund status=200 latency=583ms rid=req-826600539
2026-08-03T02:53:43.216Z WARN  payment-service pg pool: acquire slow wait=456ms in_use=10/10 idle=0 waiters=24
2026-08-03T02:53:43.999Z INFO  payment-service handled /healthz status=200 latency=338ms rid=req-461415646
2026-08-03T02:53:44.488Z ERROR payment-service pg pool timeout after 2000ms acquiring connection rid=req-266944844 route=/api/v2/refund
2026-08-03T02:53:44.055Z WARN  payment-service pg pool: acquire slow wait=979ms in_use=10/10 idle=0 waiters=6
2026-08-03T02:53:45.111Z WARN  payment-service pg pool: acquire slow wait=598ms in_use=10/10 idle=0 waiters=9
2026-08-03T02:53:46.288Z INFO  payment-service handled /api/v2/status status=200 latency=178ms rid=req-553035110
2026-08-03T02:53:46.774Z INFO  payment-service handled /api/v2/refund status=200 latency=761ms rid=req-786579303
2026-08-03T02:53:47.246Z INFO  payment-service handled /api/v2/refund status=200 latency=803ms rid=req-126855092
2026-08-03T02:53:48.577Z ERROR payment-service pg pool timeout after 2000ms acquiring connection rid=req-106977991 route=/api/v2/charge
2026-08-03T02:53:49.966Z INFO  payment-service handled /api/v2/charge status=200 latency=472ms rid=req-362950628
2026-08-03T02:53:49.981Z ERROR payment-service pg pool timeout after 2000ms acquiring connection rid=req-209747451 route=/api/v2/refund
2026-08-03T02:53:50.997Z INFO  payment-service handled /healthz status=200 latency=893ms rid=req-746412689
2026-08-03T02:53:50.918Z WARN  payment-service pg pool: acquire slow wait=878ms in_use=10/10 idle=0 waiters=14
2026-08-03T02:53:51.815Z INFO  payment-service handled /api/v2/refund status=200 latency=174ms rid=req-914763202
2026-08-03T02:53:52.165Z WARN  payment-service pg pool: acquire slow wait=276ms in_use=10/10 idle=0 waiters=10
2026-08-03T02:53:52.905Z INFO  payment-service handled /api/v2/charge status=200 latency=885ms rid=req-734036506
2026-08-03T02:53:53.735Z WARN  payment-service pg pool: acquire slow wait=488ms in_use=10/10 idle=0 waiters=25
2026-08-03T02:53:53.458Z ERROR payment-service pg pool timeout after 2000ms acquiring connection rid=req-732719211 route=/api/v2/refund
2026-08-03T02:53:54.040Z INFO  payment-service handled /api/v2/status status=200 latency=788ms rid=req-797808098
2026-08-03T02:53:55.213Z ERROR payment-service pg pool timeout after 2000ms acquiring connection rid=req-702632297 route=/api/v2/charge
2026-08-03T02:53:56.642Z WARN  payment-service pg pool: acquire slow wait=512ms in_use=10/10 idle=0 waiters=19
2026-08-03T02:53:57.891Z INFO  payment-service handled /api/v2/charge status=200 latency=296ms rid=req-199585092
2026-08-03T02:53:58.096Z ERROR payment-service pg pool timeout after 2000ms acquiring connection rid=req-362950628 route=/api/v2/refund
2026-08-03T02:53:59.286Z INFO  payment-service handled /api/v2/status status=200 latency=315ms rid=req-395310485
2026-08-03T02:53:59.790Z INFO  payment-service handled /api/v2/charge status=200 latency=333ms rid=req-331191390
2026-08-03T02:54:00.665Z ERROR payment-service pg pool timeout after 2000ms acquiring connection rid=req-134126396 route=/api/v2/refund
2026-08-03T02:54:01.040Z ERROR payment-service pg pool timeout after 2000ms acquiring connection rid=req-106977991 route=/api/v2/refund
2026-08-03T02:54:02.132Z INFO  payment-service handled /healthz status=200 latency=784ms rid=req-398362082
2026-08-03T02:54:02.382Z WARN  payment-service pg pool: acquire slow wait=1479ms in_use=10/10 idle=0 waiters=11
2026-08-03T02:54:03.043Z INFO  payment-service handled /healthz status=200 latency=419ms rid=req-398362082
2026-08-03T02:54:04.716Z WARN  payment-service pg pool: acquire slow wait=1717ms in_use=10/10 idle=0 waiters=8
2026-08-03T02:54:05.162Z INFO  payment-service handled /api/v2/charge status=200 latency=447ms rid=req-702632297
2026-08-03T02:54:05.895Z ERROR payment-service pg pool timeout after 2000ms acquiring connection rid=req-734036506 route=/api/v2/refund
2026-08-03T02:54:06.547Z INFO  payment-service handled /healthz status=200 latency=629ms rid=req-553778756
2026-08-03T02:54:07.110Z INFO  payment-service handled /api/v2/charge status=200 latency=334ms rid=req-919795579
2026-08-03T02:54:08.204Z ERROR payment-service pg pool timeout after 2000ms acquiring connection rid=req-199585092 route=/api/v2/refund
2026-08-03T02:54:09.217Z INFO  payment-service handled /api/v2/status status=200 latency=768ms rid=req-336696312
2026-08-03T02:54:10.558Z INFO  payment-service handled /api/v2/status status=200 latency=615ms rid=req-126855092
2026-08-03T02:54:10.032Z INFO  payment-service handled /api/v2/refund status=200 latency=477ms rid=req-106977991
2026-08-03T02:54:11.808Z ERROR payment-service pg pool timeout after 2000ms acquiring connection rid=req-896233790 route=/api/v2/refund
2026-08-03T02:54:12.975Z INFO  payment-service handled /api/v2/charge status=200 latency=366ms rid=req-219540831
2026-08-03T02:54:13.085Z INFO  payment-service handled /api/v2/status status=200 latency=800ms rid=req-895285932
2026-08-03T02:54:13.462Z INFO  payment-service handled /api/v2/charge status=200 latency=455ms rid=req-331191390
2026-08-03T02:54:14.188Z WARN  payment-service pg pool: acquire slow wait=1571ms in_use=10/10 idle=0 waiters=9
2026-08-03T02:54:15.304Z INFO  payment-service handled /healthz status=200 latency=500ms rid=req-209747451
2026-08-03T02:54:16.548Z INFO  payment-service handled /healthz status=200 latency=643ms rid=req-550455977
2026-08-03T02:54:17.584Z INFO  payment-service handled /healthz status=200 latency=513ms rid=req-266944844
2026-08-03T02:54:17.683Z INFO  payment-service handled /api/v2/refund status=200 latency=229ms rid=req-919795579
2026-08-03T02:54:18.918Z INFO  payment-service handled /api/v2/status status=200 latency=164ms rid=req-210053353
2026-08-03T02:54:19.416Z INFO  payment-service handled /api/v2/status status=200 latency=266ms rid=req-398362082
2026-08-03T02:54:19.649Z WARN  payment-service pg pool: acquire slow wait=1122ms in_use=10/10 idle=0 waiters=5
2026-08-03T02:54:20.223Z ERROR payment-service pg pool timeout after 2000ms acquiring connection rid=req-339670711 route=/api/v2/charge
2026-08-03T02:54:21.221Z INFO  payment-service handled /api/v2/refund status=200 latency=765ms rid=req-702632297
2026-08-03T02:54:21.379Z ERROR payment-service pg pool timeout after 2000ms acquiring connection rid=req-398362082 route=/api/v2/charge
2026-08-03T02:54:22.716Z INFO  payment-service handled /api/v2/status status=200 latency=664ms rid=req-249827706
2026-08-03T02:54:23.360Z ERROR payment-service pg pool timeout after 2000ms acquiring connection rid=req-868820204 route=/api/v2/refund
2026-08-03T02:54:23.343Z WARN  payment-service pg pool: acquire slow wait=1271ms in_use=10/10 idle=0 waiters=25
2026-08-03T02:54:24.566Z INFO  payment-service handled /healthz status=200 latency=532ms rid=req-895285932
2026-08-03T02:54:25.865Z WARN  payment-service pg pool: acquire slow wait=981ms in_use=10/10 idle=0 waiters=10
2026-08-03T02:54:25.718Z WARN  payment-service pg pool: acquire slow wait=1498ms in_use=10/10 idle=0 waiters=10
2026-08-03T02:54:26.825Z ERROR payment-service pg pool timeout after 2000ms acquiring connection rid=req-339670711 route=/api/v2/charge
2026-08-03T02:54:27.106Z INFO  payment-service handled /api/v2/charge status=200 latency=781ms rid=req-868820204
2026-08-03T02:54:28.648Z ERROR payment-service pg pool timeout after 2000ms acquiring connection rid=req-398704996 route=/api/v2/charge
2026-08-03T02:54:29.296Z WARN  payment-service pg pool: acquire slow wait=266ms in_use=10/10 idle=0 waiters=22
2026-08-03T02:54:30.117Z INFO  payment-service handled /healthz status=200 latency=714ms rid=req-702632297
2026-08-03T02:54:30.422Z INFO  payment-service handled /api/v2/charge status=200 latency=509ms rid=req-685126461
2026-08-03T02:54:31.007Z WARN  payment-service pg pool: acquire slow wait=1717ms in_use=10/10 idle=0 waiters=13
2026-08-03T02:54:32.274Z ERROR payment-service pg pool timeout after 2000ms acquiring connection rid=req-582334538 route=/api/v2/refund
2026-08-03T02:54:33.004Z INFO  payment-service handled /healthz status=200 latency=839ms rid=req-553035110
2026-08-03T02:54:34.809Z INFO  payment-service handled /api/v2/charge status=200 latency=176ms rid=req-210053353
2026-08-03T02:54:35.343Z ERROR payment-service pg pool timeout after 2000ms acquiring connection rid=req-461415646 route=/api/v2/refund
2026-08-03T02:54:35.569Z WARN  payment-service pg pool: acquire slow wait=1080ms in_use=10/10 idle=0 waiters=8
2026-08-03T02:54:37.439Z INFO  payment-service handled /healthz status=200 latency=202ms rid=req-106977991
2026-08-03T02:54:37.412Z WARN  payment-service pg pool: acquire slow wait=1691ms in_use=10/10 idle=0 waiters=6
2026-08-03T02:54:38.101Z WARN  payment-service pg pool: acquire slow wait=1095ms in_use=10/10 idle=0 waiters=8
2026-08-03T02:54:39.803Z INFO  payment-service handled /api/v2/charge status=200 latency=796ms rid=req-106977991
2026-08-03T02:54:40.971Z ERROR payment-service pg pool timeout after 2000ms acquiring connection rid=req-134126396 route=/api/v2/charge
2026-08-03T02:54:40.643Z INFO  payment-service handled /api/v2/charge status=200 latency=597ms rid=req-786579303
2026-08-03T02:54:41.025Z INFO  payment-service handled /api/v2/charge status=200 latency=735ms rid=req-702632297
2026-08-03T02:54:42.796Z INFO  payment-service handled /healthz status=200 latency=799ms rid=req-849621470
2026-08-03T02:54:43.548Z INFO  payment-service handled /api/v2/refund status=200 latency=454ms rid=req-685582861
2026-08-03T02:54:44.266Z WARN  payment-service pg pool: acquire slow wait=974ms in_use=10/10 idle=0 waiters=25
2026-08-03T02:54:44.653Z INFO  payment-service handled /api/v2/refund status=200 latency=792ms rid=req-219540831
2026-08-03T02:54:46.949Z ERROR payment-service pg pool timeout after 2000ms acquiring connection rid=req-249827706 route=/api/v2/refund
2026-08-03T02:54:46.095Z INFO  payment-service handled /api/v2/status status=200 latency=418ms rid=req-895285932
2026-08-03T02:54:47.103Z ERROR payment-service pg pool timeout after 2000ms acquiring connection rid=req-193349856 route=/api/v2/refund
2026-08-03T02:54:47.078Z INFO  payment-service handled /api/v2/charge status=200 latency=648ms rid=req-849621470
2026-08-03T02:54:48.827Z INFO  payment-service handled /api/v2/status status=200 latency=798ms rid=req-853041955
2026-08-03T02:54:48.646Z INFO  payment-service handled /api/v2/refund status=200 latency=825ms rid=req-106977991
2026-08-03T02:54:49.628Z INFO  payment-service handled /api/v2/status status=200 latency=505ms rid=req-550455977
2026-08-03T02:54:50.620Z INFO  payment-service handled /api/v2/status status=200 latency=274ms rid=req-685582861
2026-08-03T02:54:50.117Z INFO  payment-service handled /api/v2/refund status=200 latency=371ms rid=req-128492780
2026-08-03T02:54:51.745Z INFO  payment-service handled /api/v2/refund status=200 latency=375ms rid=req-362950628
2026-08-03T02:54:52.976Z INFO  payment-service handled /api/v2/status status=200 latency=643ms rid=req-685582861
2026-08-03T02:54:52.478Z WARN  payment-service pg pool: acquire slow wait=1535ms in_use=10/10 idle=0 waiters=10
2026-08-03T02:54:53.177Z INFO  payment-service handled /healthz status=200 latency=347ms rid=req-134126396
2026-08-03T02:54:54.984Z ERROR payment-service pg pool timeout after 2000ms acquiring connection rid=req-331191390 route=/api/v2/refund
2026-08-03T02:54:54.319Z WARN  payment-service pg pool: acquire slow wait=1769ms in_use=10/10 idle=0 waiters=19
2026-08-03T02:54:55.433Z INFO  payment-service handled /healthz status=200 latency=593ms rid=req-853041955
2026-08-03T02:54:55.621Z INFO  payment-service handled /api/v2/status status=200 latency=787ms rid=req-339670711
2026-08-03T02:54:56.839Z INFO  payment-service handled /api/v2/status status=200 latency=532ms rid=req-849621470
2026-08-03T02:54:56.600Z INFO  payment-service handled /api/v2/charge status=200 latency=673ms rid=req-134126396
2026-08-03T02:54:57.360Z WARN  payment-service pg pool: acquire slow wait=1521ms in_use=10/10 idle=0 waiters=17
2026-08-03T02:54:57.366Z INFO  payment-service handled /api/v2/status status=200 latency=589ms rid=req-895285932
2026-08-03T02:54:58.798Z INFO  payment-service handled /api/v2/status status=200 latency=530ms rid=req-210053353
2026-08-03T02:54:58.218Z INFO  payment-service handled /api/v2/charge status=200 latency=884ms rid=req-642621108
2026-08-03T02:54:59.394Z ERROR payment-service pg pool timeout after 2000ms acquiring connection rid=req-734036506 route=/api/v2/charge
2026-08-03T02:55:00.574Z ERROR payment-service pg pool timeout after 2000ms acquiring connection rid=req-193349856 route=/api/v2/charge
2026-08-03T02:55:00.880Z WARN  payment-service retry storm detected: 1126 pending retries in queue, backoff disabled by config RETRY_BACKOFF=none
2026-08-03T02:55:00.431Z WARN  payment-service retry storm detected: 961 pending retries in queue, backoff disabled by config RETRY_BACKOFF=none
2026-08-03T02:55:01.050Z ERROR payment-service upstream gateway returned 502 for /api/v2/refund rid=req-685582861 retry=2
2026-08-03T02:55:02.127Z ERROR payment-service upstream gateway returned 502 for /api/v2/refund rid=req-868820204 retry=1
2026-08-03T02:55:02.392Z WARN  payment-service retry storm detected: 905 pending retries in queue, backoff disabled by config RETRY_BACKOFF=none
2026-08-03T02:55:02.933Z ERROR payment-service pg pool timeout after 2000ms acquiring connection rid=req-219540831 route=/api/v2/charge
2026-08-03T02:55:03.917Z ERROR payment-service pg pool timeout after 2000ms acquiring connection rid=req-313500298 route=/api/v2/charge
2026-08-03T02:55:03.071Z ERROR payment-service upstream gateway returned 502 for /api/v2/refund rid=req-553778756 retry=1
2026-08-03T02:55:04.740Z INFO  payment-service handled /healthz status=200 latency=7ms
2026-08-03T02:55:04.081Z ERROR payment-service pg pool timeout after 2000ms acquiring connection rid=req-746412689 route=/api/v2/refund
2026-08-03T02:55:04.402Z ERROR payment-service pg pool timeout after 2000ms acquiring connection rid=req-271432881 route=/api/v2/charge
2026-08-03T02:55:05.869Z INFO  payment-service handled /healthz status=200 latency=8ms
2026-08-03T02:55:05.960Z INFO  payment-service handled /healthz status=200 latency=6ms
2026-08-03T02:55:06.142Z ERROR payment-service pg pool timeout after 2000ms acquiring connection rid=req-896233790 route=/api/v2/charge
2026-08-03T02:55:06.231Z ERROR payment-service pg pool timeout after 2000ms acquiring connection rid=req-266944844 route=/api/v2/refund
2026-08-03T02:55:06.956Z ERROR payment-service pg pool timeout after 2000ms acquiring connection rid=req-128492780 route=/api/v2/charge
2026-08-03T02:55:07.049Z ERROR payment-service pg pool timeout after 2000ms acquiring connection rid=req-126855092 route=/api/v2/charge
2026-08-03T02:55:08.276Z ERROR payment-service pg pool timeout after 2000ms acquiring connection rid=req-642621108 route=/api/v2/refund
2026-08-03T02:55:08.122Z INFO  payment-service handled /healthz status=200 latency=8ms
2026-08-03T02:55:08.652Z INFO  payment-service handled /healthz status=200 latency=7ms
2026-08-03T02:55:09.591Z ERROR payment-service pg pool timeout after 2000ms acquiring connection rid=req-732719211 route=/api/v2/charge
2026-08-03T02:55:09.231Z ERROR payment-service upstream gateway returned 502 for /api/v2/refund rid=req-349817734 retry=4
2026-08-03T02:55:09.728Z ERROR payment-service psycopg2.OperationalError: FATAL: sorry, too many clients already
Traceback (most recent call last):
  File "/app/db/pool.py", line 88, in acquire
    conn = await self._pool.acquire(timeout=2.0)
asyncpg.exceptions.TooManyConnectionsError: sorry, too many clients already
2026-08-03T02:55:09.248Z WARN  payment-service retry storm detected: 1193 pending retries in queue, backoff disabled by config RETRY_BACKOFF=none
2026-08-03T02:55:10.210Z ERROR payment-service psycopg2.OperationalError: FATAL: sorry, too many clients already
Traceback (most recent call last):
  File "/app/db/pool.py", line 88, in acquire
    conn = await self._pool.acquire(timeout=2.0)
asyncpg.exceptions.TooManyConnectionsError: sorry, too many clients already
2026-08-03T02:55:11.217Z ERROR payment-service pg pool timeout after 2000ms acquiring connection rid=req-336696312 route=/api/v2/charge
2026-08-03T02:55:11.499Z ERROR payment-service pg pool timeout after 2000ms acquiring connection rid=req-702632297 route=/api/v2/charge
2026-08-03T02:55:11.778Z ERROR payment-service pg pool timeout after 2000ms acquiring connection rid=req-914763202 route=/api/v2/refund
2026-08-03T02:55:12.671Z ERROR payment-service psycopg2.OperationalError: FATAL: sorry, too many clients already
Traceback (most recent call last):
  File "/app/db/pool.py", line 88, in acquire
    conn = await self._pool.acquire(timeout=2.0)
asyncpg.exceptions.TooManyConnectionsError: sorry, too many clients already
2026-08-03T02:55:12.394Z ERROR payment-service upstream gateway returned 502 for /api/v2/charge rid=req-734036506 retry=3
2026-08-03T02:55:13.207Z INFO  payment-service handled /healthz status=200 latency=9ms
2026-08-03T02:55:13.168Z ERROR payment-service pg pool timeout after 2000ms acquiring connection rid=req-131994523 route=/api/v2/refund
2026-08-03T02:55:14.150Z INFO  payment-service handled /healthz status=200 latency=2ms
2026-08-03T02:55:14.016Z ERROR payment-service pg pool timeout after 2000ms acquiring connection rid=req-249827706 route=/api/v2/charge
2026-08-03T02:55:15.677Z ERROR payment-service pg pool timeout after 2000ms acquiring connection rid=req-219540831 route=/api/v2/refund
2026-08-03T02:55:16.362Z ERROR payment-service upstream gateway returned 502 for /api/v2/charge rid=req-969119330 retry=1
2026-08-03T02:55:16.520Z ERROR payment-service pg pool timeout after 2000ms acquiring connection rid=req-582334538 route=/api/v2/refund
2026-08-03T02:55:16.664Z ERROR payment-service upstream gateway returned 502 for /api/v2/refund rid=req-339670711 retry=1
2026-08-03T02:55:17.301Z INFO  payment-service handled /healthz status=200 latency=4ms
2026-08-03T02:55:17.531Z ERROR payment-service pg pool timeout after 2000ms acquiring connection rid=req-131994523 route=/api/v2/refund
2026-08-03T02:55:17.254Z WARN  payment-service retry storm detected: 961 pending retries in queue, backoff disabled by config RETRY_BACKOFF=none
2026-08-03T02:55:18.589Z ERROR payment-service pg pool timeout after 2000ms acquiring connection rid=req-896233790 route=/api/v2/charge
2026-08-03T02:55:18.231Z ERROR payment-service pg pool timeout after 2000ms acquiring connection rid=req-339670711 route=/api/v2/refund
2026-08-03T02:55:19.401Z WARN  payment-service retry storm detected: 714 pending retries in queue, backoff disabled by config RETRY_BACKOFF=none
2026-08-03T02:55:19.507Z ERROR payment-service pg pool timeout after 2000ms acquiring connection rid=req-266944844 route=/api/v2/refund
2026-08-03T02:55:20.355Z ERROR payment-service psycopg2.OperationalError: FATAL: sorry, too many clients already
Traceback (most recent call last):
  File "/app/db/pool.py", line 88, in acquire
    conn = await self._pool.acquire(timeout=2.0)
asyncpg.exceptions.TooManyConnectionsError: sorry, too many clients already
2026-08-03T02:55:20.294Z ERROR payment-service psycopg2.OperationalError: FATAL: sorry, too many clients already
Traceback (most recent call last):
  File "/app/db/pool.py", line 88, in acquire
    conn = await self._pool.acquire(timeout=2.0)
asyncpg.exceptions.TooManyConnectionsError: sorry, too many clients already
2026-08-03T02:55:21.756Z ERROR payment-service pg pool timeout after 2000ms acquiring connection rid=req-582334538 route=/api/v2/refund
2026-08-03T02:55:21.174Z INFO  payment-service handled /healthz status=200 latency=4ms
2026-08-03T02:55:21.921Z ERROR payment-service pg pool timeout after 2000ms acquiring connection rid=req-895285932 route=/api/v2/refund
2026-08-03T02:55:22.438Z INFO  payment-service handled /healthz status=200 latency=8ms
2026-08-03T02:55:22.174Z ERROR payment-service pg pool timeout after 2000ms acquiring connection rid=req-134126396 route=/api/v2/charge
2026-08-03T02:55:23.992Z INFO  payment-service handled /healthz status=200 latency=6ms
2026-08-03T02:55:23.112Z ERROR payment-service pg pool timeout after 2000ms acquiring connection rid=req-553035110 route=/api/v2/refund
2026-08-03T02:55:23.855Z ERROR payment-service pg pool timeout after 2000ms acquiring connection rid=req-398362082 route=/api/v2/refund
2026-08-03T02:55:24.102Z ERROR payment-service upstream gateway returned 502 for /api/v2/charge rid=req-199585092 retry=1
2026-08-03T02:55:24.463Z ERROR payment-service psycopg2.OperationalError: FATAL: sorry, too many clients already
Traceback (most recent call last):
  File "/app/db/pool.py", line 88, in acquire
    conn = await self._pool.acquire(timeout=2.0)
asyncpg.exceptions.TooManyConnectionsError: sorry, too many clients already
2026-08-03T02:55:24.259Z ERROR payment-service upstream gateway returned 502 for /api/v2/refund rid=req-465341213 retry=4
2026-08-03T02:55:25.727Z ERROR payment-service pg pool timeout after 2000ms acquiring connection rid=req-746412689 route=/api/v2/refund
2026-08-03T02:55:25.702Z ERROR payment-service upstream gateway returned 502 for /api/v2/refund rid=req-249827706 retry=3
2026-08-03T02:55:26.420Z WARN  payment-service retry storm detected: 451 pending retries in queue, backoff disabled by config RETRY_BACKOFF=none
2026-08-03T02:55:26.365Z WARN  payment-service retry storm detected: 445 pending retries in queue, backoff disabled by config RETRY_BACKOFF=none
2026-08-03T02:55:27.368Z ERROR payment-service pg pool timeout after 2000ms acquiring connection rid=req-461415646 route=/api/v2/refund
2026-08-03T02:55:27.988Z ERROR payment-service pg pool timeout after 2000ms acquiring connection rid=req-702632297 route=/api/v2/charge
2026-08-03T02:55:27.920Z WARN  payment-service retry storm detected: 857 pending retries in queue, backoff disabled by config RETRY_BACKOFF=none
2026-08-03T02:55:28.179Z INFO  payment-service handled /healthz status=200 latency=9ms
2026-08-03T02:55:28.400Z WARN  payment-service retry storm detected: 639 pending retries in queue, backoff disabled by config RETRY_BACKOFF=none
2026-08-03T02:55:29.316Z INFO  payment-service handled /healthz status=200 latency=5ms
2026-08-03T02:55:29.351Z WARN  payment-service retry storm detected: 1018 pending retries in queue, backoff disabled by config RETRY_BACKOFF=none
2026-08-03T02:55:30.295Z ERROR payment-service pg pool timeout after 2000ms acquiring connection rid=req-685126461 route=/api/v2/refund
2026-08-03T02:55:30.477Z ERROR payment-service pg pool timeout after 2000ms acquiring connection rid=req-398362082 route=/api/v2/charge
2026-08-03T02:55:30.680Z ERROR payment-service upstream gateway returned 502 for /api/v2/refund rid=req-271432881 retry=5
2026-08-03T02:55:31.464Z ERROR payment-service upstream gateway returned 502 for /api/v2/charge rid=req-200604502 retry=1
2026-08-03T02:55:31.054Z ERROR payment-service pg pool timeout after 2000ms acquiring connection rid=req-914763202 route=/api/v2/charge
2026-08-03T02:55:31.051Z ERROR payment-service pg pool timeout after 2000ms acquiring connection rid=req-746412689 route=/api/v2/charge
2026-08-03T02:55:31.158Z ERROR payment-service upstream gateway returned 502 for /api/v2/refund rid=req-582334538 retry=5
2026-08-03T02:55:32.146Z ERROR payment-service psycopg2.OperationalError: FATAL: sorry, too many clients already
Traceback (most recent call last):
  File "/app/db/pool.py", line 88, in acquire
    conn = await self._pool.acquire(timeout=2.0)
asyncpg.exceptions.TooManyConnectionsError: sorry, too many clients already
2026-08-03T02:55:33.297Z ERROR payment-service pg pool timeout after 2000ms acquiring connection rid=req-914763202 route=/api/v2/charge
2026-08-03T02:55:33.432Z ERROR payment-service upstream gateway returned 502 for /api/v2/refund rid=req-553035110 retry=4
2026-08-03T02:55:34.942Z INFO  payment-service handled /healthz status=200 latency=5ms
2026-08-03T02:55:34.695Z ERROR payment-service pg pool timeout after 2000ms acquiring connection rid=req-106977991 route=/api/v2/refund
2026-08-03T02:55:35.699Z INFO  payment-service handled /healthz status=200 latency=3ms
2026-08-03T02:55:35.308Z ERROR payment-service pg pool timeout after 2000ms acquiring connection rid=req-868820204 route=/api/v2/charge
2026-08-03T02:55:36.558Z ERROR payment-service pg pool timeout after 2000ms acquiring connection rid=req-849621470 route=/api/v2/refund
2026-08-03T02:55:36.853Z ERROR payment-service psycopg2.OperationalError: FATAL: sorry, too many clients already
Traceback (most recent call last):
  File "/app/db/pool.py", line 88, in acquire
    conn = await self._pool.acquire(timeout=2.0)
asyncpg.exceptions.TooManyConnectionsError: sorry, too many clients already
2026-08-03T02:55:36.515Z ERROR payment-service pg pool timeout after 2000ms acquiring connection rid=req-853041955 route=/api/v2/refund
2026-08-03T02:55:37.479Z ERROR payment-service psycopg2.OperationalError: FATAL: sorry, too many clients already
Traceback (most recent call last):
  File "/app/db/pool.py", line 88, in acquire
    conn = await self._pool.acquire(timeout=2.0)
asyncpg.exceptions.TooManyConnectionsError: sorry, too many clients already
2026-08-03T02:55:37.934Z ERROR payment-service upstream gateway returned 502 for /api/v2/refund rid=req-685126461 retry=1
2026-08-03T02:55:38.090Z INFO  payment-service handled /healthz status=200 latency=7ms
2026-08-03T02:55:38.805Z WARN  payment-service retry storm detected: 609 pending retries in queue, backoff disabled by config RETRY_BACKOFF=none
2026-08-03T02:55:39.921Z ERROR payment-service upstream gateway returned 502 for /api/v2/charge rid=req-271432881 retry=5
2026-08-03T02:55:39.128Z ERROR payment-service pg pool timeout after 2000ms acquiring connection rid=req-209747451 route=/api/v2/refund
2026-08-03T02:55:40.859Z ERROR payment-service pg pool timeout after 2000ms acquiring connection rid=req-209747451 route=/api/v2/refund
2026-08-03T02:55:40.341Z ERROR payment-service pg pool timeout after 2000ms acquiring connection rid=req-553778756 route=/api/v2/charge
2026-08-03T02:55:40.707Z INFO  payment-service handled /healthz status=200 latency=8ms
2026-08-03T02:55:41.718Z ERROR payment-service pg pool timeout after 2000ms acquiring connection rid=req-461415646 route=/api/v2/charge
2026-08-03T02:55:41.139Z ERROR payment-service pg pool timeout after 2000ms acquiring connection rid=req-461415646 route=/api/v2/refund
2026-08-03T02:55:41.158Z WARN  payment-service retry storm detected: 1172 pending retries in queue, backoff disabled by config RETRY_BACKOFF=none
2026-08-03T02:55:41.638Z ERROR payment-service pg pool timeout after 2000ms acquiring connection rid=req-786579303 route=/api/v2/refund
2026-08-03T02:55:42.618Z ERROR payment-service pg pool timeout after 2000ms acquiring connection rid=req-786579303 route=/api/v2/charge
2026-08-03T02:55:43.485Z ERROR payment-service upstream gateway returned 502 for /api/v2/charge rid=req-193349856 retry=1
2026-08-03T02:55:43.307Z ERROR payment-service upstream gateway returned 502 for /api/v2/refund rid=req-896233790 retry=1
2026-08-03T02:55:43.861Z INFO  payment-service handled /healthz status=200 latency=4ms
2026-08-03T02:55:44.879Z ERROR payment-service pg pool timeout after 2000ms acquiring connection rid=req-271432881 route=/api/v2/refund
2026-08-03T02:55:44.189Z ERROR payment-service pg pool timeout after 2000ms acquiring connection rid=req-210053353 route=/api/v2/charge
2026-08-03T02:55:45.246Z ERROR payment-service psycopg2.OperationalError: FATAL: sorry, too many clients already
Traceback (most recent call last):
  File "/app/db/pool.py", line 88, in acquire
    conn = await self._pool.acquire(timeout=2.0)
asyncpg.exceptions.TooManyConnectionsError: sorry, too many clients already
2026-08-03T02:55:45.559Z ERROR payment-service psycopg2.OperationalError: FATAL: sorry, too many clients already
Traceback (most recent call last):
  File "/app/db/pool.py", line 88, in acquire
    conn = await self._pool.acquire(timeout=2.0)
asyncpg.exceptions.TooManyConnectionsError: sorry, too many clients already
2026-08-03T02:55:45.982Z ERROR payment-service upstream gateway returned 502 for /api/v2/refund rid=req-465341213 retry=1
2026-08-03T02:55:46.714Z ERROR payment-service upstream gateway returned 502 for /api/v2/refund rid=req-313500298 retry=4
2026-08-03T02:55:46.290Z ERROR payment-service upstream gateway returned 502 for /api/v2/refund rid=req-210053353 retry=1
2026-08-03T02:55:47.594Z WARN  payment-service retry storm detected: 311 pending retries in queue, backoff disabled by config RETRY_BACKOFF=none
2026-08-03T02:55:47.634Z WARN  payment-service retry storm detected: 972 pending retries in queue, backoff disabled by config RETRY_BACKOFF=none
2026-08-03T02:55:47.985Z INFO  payment-service handled /healthz status=200 latency=6ms
2026-08-03T02:55:48.283Z INFO  payment-service handled /healthz status=200 latency=8ms
2026-08-03T02:55:48.357Z ERROR payment-service pg pool timeout after 2000ms acquiring connection rid=req-582334538 route=/api/v2/charge
2026-08-03T02:55:48.360Z ERROR payment-service upstream gateway returned 502 for /api/v2/charge rid=req-895285932 retry=2
2026-08-03T02:55:49.732Z WARN  payment-service retry storm detected: 770 pending retries in queue, backoff disabled by config RETRY_BACKOFF=none
2026-08-03T02:55:50.945Z ERROR payment-service pg pool timeout after 2000ms acquiring connection rid=req-209747451 route=/api/v2/refund
2026-08-03T02:55:50.385Z INFO  payment-service handled /healthz status=200 latency=8ms
2026-08-03T02:55:51.589Z WARN  payment-service retry storm detected: 484 pending retries in queue, backoff disabled by config RETRY_BACKOFF=none
2026-08-03T02:55:52.602Z ERROR payment-service upstream gateway returned 502 for /api/v2/refund rid=req-890779946 retry=3
2026-08-03T02:55:52.069Z ERROR payment-service pg pool timeout after 2000ms acquiring connection rid=req-271432881 route=/api/v2/refund
2026-08-03T02:55:52.237Z INFO  payment-service handled /healthz status=200 latency=3ms
2026-08-03T02:55:53.331Z ERROR payment-service pg pool timeout after 2000ms acquiring connection rid=req-398362082 route=/api/v2/refund
2026-08-03T02:55:53.107Z INFO  payment-service handled /healthz status=200 latency=4ms
2026-08-03T02:55:54.944Z ERROR payment-service pg pool timeout after 2000ms acquiring connection rid=req-702632297 route=/api/v2/refund
2026-08-03T02:55:54.038Z WARN  payment-service retry storm detected: 417 pending retries in queue, backoff disabled by config RETRY_BACKOFF=none
2026-08-03T02:55:55.621Z ERROR payment-service pg pool timeout after 2000ms acquiring connection rid=req-209747451 route=/api/v2/refund
2026-08-03T02:55:55.110Z ERROR payment-service pg pool timeout after 2000ms acquiring connection rid=req-895285932 route=/api/v2/refund
2026-08-03T02:55:56.502Z ERROR payment-service upstream gateway returned 502 for /api/v2/charge rid=req-685582861 retry=3
2026-08-03T02:55:56.444Z ERROR payment-service pg pool timeout after 2000ms acquiring connection rid=req-685582861 route=/api/v2/charge
2026-08-03T02:55:57.088Z INFO  payment-service handled /healthz status=200 latency=4ms
2026-08-03T02:55:57.098Z WARN  payment-service retry storm detected: 984 pending retries in queue, backoff disabled by config RETRY_BACKOFF=none
2026-08-03T02:55:58.368Z INFO  payment-service handled /healthz status=200 latency=1ms
2026-08-03T02:55:58.073Z WARN  payment-service retry storm detected: 1185 pending retries in queue, backoff disabled by config RETRY_BACKOFF=none
2026-08-03T02:55:59.657Z WARN  payment-service retry storm detected: 1045 pending retries in queue, backoff disabled by config RETRY_BACKOFF=none
2026-08-03T02:55:59.512Z ERROR payment-service pg pool timeout after 2000ms acquiring connection rid=req-193349856 route=/api/v2/refund
2026-08-03T02:56:00.873Z WARN  payment-service retry storm detected: 872 pending retries in queue, backoff disabled by config RETRY_BACKOFF=none
2026-08-03T02:56:00.894Z ERROR payment-service pg pool timeout after 2000ms acquiring connection rid=req-797808098 route=/api/v2/refund
2026-08-03T02:56:00.103Z ERROR payment-service pg pool timeout after 2000ms acquiring connection rid=req-732719211 route=/api/v2/refund
2026-08-03T02:56:00.023Z ERROR payment-service pg pool timeout after 2000ms acquiring connection rid=req-965241839 route=/api/v2/refund
2026-08-03T02:56:00.399Z INFO  payment-service handled /healthz status=200 latency=5ms
2026-08-03T02:56:01.076Z ERROR payment-service pg pool timeout after 2000ms acquiring connection rid=req-826600539 route=/api/v2/refund
2026-08-03T02:56:01.408Z ERROR payment-service pg pool timeout after 2000ms acquiring connection rid=req-732719211 route=/api/v2/refund
2026-08-03T02:56:02.959Z ERROR payment-service upstream gateway returned 502 for /api/v2/charge rid=req-914763202 retry=4
2026-08-03T02:56:03.346Z ERROR payment-service pg pool timeout after 2000ms acquiring connection rid=req-219540831 route=/api/v2/charge
2026-08-03T02:56:03.142Z ERROR payment-service pg pool timeout after 2000ms acquiring connection rid=req-209747451 route=/api/v2/charge
2026-08-03T02:56:03.946Z INFO  payment-service handled /healthz status=200 latency=6ms
2026-08-03T02:56:04.241Z INFO  payment-service handled /healthz status=200 latency=1ms
2026-08-03T02:56:04.354Z INFO  payment-service handled /healthz status=200 latency=1ms
2026-08-03T02:56:05.908Z INFO  payment-service handled /healthz status=200 latency=2ms
2026-08-03T02:56:06.740Z INFO  payment-service handled /healthz status=200 latency=5ms
2026-08-03T02:56:06.665Z ERROR payment-service pg pool timeout after 2000ms acquiring connection rid=req-582334538 route=/api/v2/charge
2026-08-03T02:56:06.026Z ERROR payment-service upstream gateway returned 502 for /api/v2/charge rid=req-219540831 retry=1
2026-08-03T02:56:07.622Z INFO  payment-service handled /healthz status=200 latency=9ms
2026-08-03T02:56:07.018Z WARN  payment-service retry storm detected: 1055 pending retries in queue, backoff disabled by config RETRY_BACKOFF=none
2026-08-03T02:56:08.712Z ERROR payment-service pg pool timeout after 2000ms acquiring connection rid=req-199585092 route=/api/v2/refund
2026-08-03T02:56:08.562Z ERROR payment-service psycopg2.OperationalError: FATAL: sorry, too many clients already
Traceback (most recent call last):
  File "/app/db/pool.py", line 88, in acquire
    conn = await self._pool.acquire(timeout=2.0)
asyncpg.exceptions.TooManyConnectionsError: sorry, too many clients already
2026-08-03T02:56:08.351Z ERROR payment-service upstream gateway returned 502 for /api/v2/refund rid=req-746412689 retry=2
2026-08-03T02:56:09.602Z ERROR payment-service pg pool timeout after 2000ms acquiring connection rid=req-734036506 route=/api/v2/charge
2026-08-03T02:56:09.832Z ERROR payment-service upstream gateway returned 502 for /api/v2/charge rid=req-786579303 retry=2
2026-08-03T02:56:09.289Z ERROR payment-service pg pool timeout after 2000ms acquiring connection rid=req-853041955 route=/api/v2/charge
2026-08-03T02:56:09.299Z ERROR payment-service pg pool timeout after 2000ms acquiring connection rid=req-553778756 route=/api/v2/charge
2026-08-03T02:56:09.078Z ERROR payment-service upstream gateway returned 502 for /api/v2/charge rid=req-465341213 retry=1
2026-08-03T02:56:10.919Z ERROR payment-service upstream gateway returned 502 for /api/v2/refund rid=req-331191390 retry=3
2026-08-03T02:56:10.964Z ERROR payment-service pg pool timeout after 2000ms acquiring connection rid=req-331191390 route=/api/v2/refund
2026-08-03T02:56:11.669Z WARN  payment-service retry storm detected: 1189 pending retries in queue, backoff disabled by config RETRY_BACKOFF=none
2026-08-03T02:56:11.714Z INFO  payment-service handled /healthz status=200 latency=6ms
2026-08-03T02:56:11.722Z ERROR payment-service pg pool timeout after 2000ms acquiring connection rid=req-746412689 route=/api/v2/refund
2026-08-03T02:56:12.861Z ERROR payment-service upstream gateway returned 502 for /api/v2/charge rid=req-193349856 retry=2
2026-08-03T02:56:13.125Z ERROR payment-service pg pool timeout after 2000ms acquiring connection rid=req-461415646 route=/api/v2/charge
2026-08-03T02:56:13.036Z INFO  payment-service handled /healthz status=200 latency=3ms
2026-08-03T02:56:14.782Z WARN  payment-service retry storm detected: 965 pending retries in queue, backoff disabled by config RETRY_BACKOFF=none
2026-08-03T02:56:15.276Z ERROR payment-service pg pool timeout after 2000ms acquiring connection rid=req-336696312 route=/api/v2/charge
2026-08-03T02:56:15.875Z ERROR payment-service upstream gateway returned 502 for /api/v2/charge rid=req-896233790 retry=3
2026-08-03T02:56:15.045Z ERROR payment-service upstream gateway returned 502 for /api/v2/refund rid=req-702632297 retry=4
2026-08-03T02:56:16.676Z ERROR payment-service upstream gateway returned 502 for /api/v2/refund rid=req-398704996 retry=1
2026-08-03T02:56:16.772Z ERROR payment-service upstream gateway returned 502 for /api/v2/refund rid=req-219540831 retry=5
2026-08-03T02:56:17.829Z INFO  payment-service handled /healthz status=200 latency=5ms
2026-08-03T02:56:17.743Z ERROR payment-service pg pool timeout after 2000ms acquiring connection rid=req-219540831 route=/api/v2/refund
2026-08-03T02:56:18.826Z ERROR payment-service upstream gateway returned 502 for /api/v2/refund rid=req-919795579 retry=1
2026-08-03T02:56:18.434Z ERROR payment-service upstream gateway returned 502 for /api/v2/refund rid=req-398704996 retry=4
2026-08-03T02:56:19.266Z WARN  payment-service retry storm detected: 831 pending retries in queue, backoff disabled by config RETRY_BACKOFF=none
2026-08-03T02:56:19.287Z ERROR payment-service upstream gateway returned 502 for /api/v2/charge rid=req-890779946 retry=1
2026-08-03T02:56:20.255Z INFO  payment-service handled /healthz status=200 latency=2ms
2026-08-03T02:56:20.039Z ERROR payment-service pg pool timeout after 2000ms acquiring connection rid=req-106977991 route=/api/v2/refund
2026-08-03T02:56:21.012Z ERROR payment-service upstream gateway returned 502 for /api/v2/refund rid=req-553778756 retry=5
2026-08-03T02:56:21.856Z WARN  payment-service retry storm detected: 628 pending retries in queue, backoff disabled by config RETRY_BACKOFF=none
2026-08-03T02:56:21.450Z ERROR payment-service pg pool timeout after 2000ms acquiring connection rid=req-685126461 route=/api/v2/charge
2026-08-03T02:56:21.653Z ERROR payment-service pg pool timeout after 2000ms acquiring connection rid=req-746412689 route=/api/v2/refund
2026-08-03T02:56:22.283Z ERROR payment-service pg pool timeout after 2000ms acquiring connection rid=req-896233790 route=/api/v2/charge
2026-08-03T02:56:23.451Z WARN  payment-service retry storm detected: 365 pending retries in queue, backoff disabled by config RETRY_BACKOFF=none
2026-08-03T02:56:23.282Z ERROR payment-service psycopg2.OperationalError: FATAL: sorry, too many clients already
Traceback (most recent call last):
  File "/app/db/pool.py", line 88, in acquire
    conn = await self._pool.acquire(timeout=2.0)
asyncpg.exceptions.TooManyConnectionsError: sorry, too many clients already
2026-08-03T02:56:23.150Z ERROR payment-service upstream gateway returned 502 for /api/v2/charge rid=req-849621470 retry=2
2026-08-03T02:56:24.117Z WARN  payment-service retry storm detected: 538 pending retries in queue, backoff disabled by config RETRY_BACKOFF=none
2026-08-03T02:56:24.593Z ERROR payment-service pg pool timeout after 2000ms acquiring connection rid=req-582334538 route=/api/v2/refund
2026-08-03T02:56:25.062Z WARN  payment-service retry storm detected: 533 pending retries in queue, backoff disabled by config RETRY_BACKOFF=none
2026-08-03T02:56:26.016Z INFO  payment-service handled /healthz status=200 latency=5ms
2026-08-03T02:56:26.553Z INFO  payment-service handled /healthz status=200 latency=6ms
2026-08-03T02:56:27.111Z WARN  payment-service retry storm detected: 658 pending retries in queue, backoff disabled by config RETRY_BACKOFF=none
2026-08-03T02:56:27.333Z ERROR payment-service upstream gateway returned 502 for /api/v2/charge rid=req-553035110 retry=2
2026-08-03T02:56:27.073Z INFO  payment-service handled /healthz status=200 latency=7ms
2026-08-03T02:56:28.025Z INFO  payment-service handled /healthz status=200 latency=3ms
2026-08-03T02:56:28.343Z ERROR payment-service psycopg2.OperationalError: FATAL: sorry, too many clients already
Traceback (most recent call last):
  File "/app/db/pool.py", line 88, in acquire
    conn = await self._pool.acquire(timeout=2.0)
asyncpg.exceptions.TooManyConnectionsError: sorry, too many clients already
2026-08-03T02:56:29.481Z INFO  payment-service handled /healthz status=200 latency=6ms
2026-08-03T02:56:30.377Z ERROR payment-service pg pool timeout after 2000ms acquiring connection rid=req-219540831 route=/api/v2/charge
2026-08-03T02:56:30.108Z INFO  payment-service handled /healthz status=200 latency=1ms
2026-08-03T02:56:30.732Z INFO  payment-service handled /healthz status=200 latency=9ms
2026-08-03T02:56:31.850Z ERROR payment-service upstream gateway returned 502 for /api/v2/refund rid=req-193349856 retry=4
2026-08-03T02:56:32.390Z WARN  payment-service retry storm detected: 453 pending retries in queue, backoff disabled by config RETRY_BACKOFF=none
2026-08-03T02:56:32.981Z WARN  payment-service retry storm detected: 379 pending retries in queue, backoff disabled by config RETRY_BACKOFF=none
2026-08-03T02:56:33.551Z ERROR payment-service pg pool timeout after 2000ms acquiring connection rid=req-582334538 route=/api/v2/refund
2026-08-03T02:56:34.817Z INFO  payment-service handled /healthz status=200 latency=9ms
2026-08-03T02:56:34.199Z ERROR payment-service upstream gateway returned 502 for /api/v2/refund rid=req-349817734 retry=3
2026-08-03T02:56:34.248Z ERROR payment-service pg pool timeout after 2000ms acquiring connection rid=req-553035110 route=/api/v2/refund
2026-08-03T02:56:35.466Z INFO  payment-service handled /healthz status=200 latency=4ms
2026-08-03T02:56:35.455Z INFO  payment-service handled /healthz status=200 latency=4ms
2026-08-03T02:56:36.081Z INFO  payment-service handled /healthz status=200 latency=6ms
2026-08-03T02:56:36.619Z ERROR payment-service upstream gateway returned 502 for /api/v2/refund rid=req-553778756 retry=4
2026-08-03T02:56:37.235Z ERROR payment-service psycopg2.OperationalError: FATAL: sorry, too many clients already
Traceback (most recent call last):
  File "/app/db/pool.py", line 88, in acquire
    conn = await self._pool.acquire(timeout=2.0)
asyncpg.exceptions.TooManyConnectionsError: sorry, too many clients already
2026-08-03T02:56:37.947Z INFO  payment-service handled /healthz status=200 latency=3ms
2026-08-03T02:56:38.417Z ERROR payment-service psycopg2.OperationalError: FATAL: sorry, too many clients already
Traceback (most recent call last):
  File "/app/db/pool.py", line 88, in acquire
    conn = await self._pool.acquire(timeout=2.0)
asyncpg.exceptions.TooManyConnectionsError: sorry, too many clients already
2026-08-03T02:56:38.266Z WARN  payment-service retry storm detected: 920 pending retries in queue, backoff disabled by config RETRY_BACKOFF=none
2026-08-03T02:56:39.418Z ERROR payment-service pg pool timeout after 2000ms acquiring connection rid=req-249827706 route=/api/v2/charge
2026-08-03T02:56:39.647Z INFO  payment-service handled /healthz status=200 latency=8ms
2026-08-03T02:56:40.015Z ERROR payment-service pg pool timeout after 2000ms acquiring connection rid=req-895285932 route=/api/v2/refund
2026-08-03T02:56:40.129Z ERROR payment-service upstream gateway returned 502 for /api/v2/refund rid=req-461415646 retry=1
2026-08-03T02:56:41.706Z INFO  payment-service handled /healthz status=200 latency=1ms
2026-08-03T02:56:41.925Z ERROR payment-service pg pool timeout after 2000ms acquiring connection rid=req-582334538 route=/api/v2/refund
2026-08-03T02:56:41.729Z ERROR payment-service pg pool timeout after 2000ms acquiring connection rid=req-266944844 route=/api/v2/charge
2026-08-03T02:56:42.739Z ERROR payment-service pg pool timeout after 2000ms acquiring connection rid=req-642621108 route=/api/v2/charge
2026-08-03T02:56:42.363Z ERROR payment-service psycopg2.OperationalError: FATAL: sorry, too many clients already
Traceback (most recent call last):
  File "/app/db/pool.py", line 88, in acquire
    conn = await self._pool.acquire(timeout=2.0)
asyncpg.exceptions.TooManyConnectionsError: sorry, too many clients already
2026-08-03T02:56:43.758Z INFO  payment-service handled /healthz status=200 latency=8ms
2026-08-03T02:56:43.751Z ERROR payment-service pg pool timeout after 2000ms acquiring connection rid=req-550455977 route=/api/v2/charge
2026-08-03T02:56:44.938Z ERROR payment-service psycopg2.OperationalError: FATAL: sorry, too many clients already
Traceback (most recent call last):
  File "/app/db/pool.py", line 88, in acquire
    conn = await self._pool.acquire(timeout=2.0)
asyncpg.exceptions.TooManyConnectionsError: sorry, too many clients already
2026-08-03T02:56:44.607Z ERROR payment-service upstream gateway returned 502 for /api/v2/charge rid=req-786579303 retry=5
2026-08-03T02:56:45.328Z WARN  payment-service retry storm detected: 688 pending retries in queue, backoff disabled by config RETRY_BACKOFF=none
2026-08-03T02:56:45.237Z ERROR payment-service upstream gateway returned 502 for /api/v2/refund rid=req-199585092 retry=1
2026-08-03T02:56:45.292Z ERROR payment-service pg pool timeout after 2000ms acquiring connection rid=req-106977991 route=/api/v2/refund
2026-08-03T02:56:46.042Z ERROR payment-service pg pool timeout after 2000ms acquiring connection rid=req-895285932 route=/api/v2/charge
2026-08-03T02:56:46.748Z ERROR payment-service psycopg2.OperationalError: FATAL: sorry, too many clients already
Traceback (most recent call last):
  File "/app/db/pool.py", line 88, in acquire
    conn = await self._pool.acquire(timeout=2.0)
asyncpg.exceptions.TooManyConnectionsError: sorry, too many clients already
2026-08-03T02:56:47.291Z ERROR payment-service upstream gateway returned 502 for /api/v2/refund rid=req-339670711 retry=3
2026-08-03T02:56:47.229Z ERROR payment-service pg pool timeout after 2000ms acquiring connection rid=req-336696312 route=/api/v2/refund
2026-08-03T02:56:48.946Z ERROR payment-service pg pool timeout after 2000ms acquiring connection rid=req-134126396 route=/api/v2/charge
2026-08-03T02:56:48.565Z ERROR payment-service pg pool timeout after 2000ms acquiring connection rid=req-339670711 route=/api/v2/charge
2026-08-03T02:56:48.028Z ERROR payment-service psycopg2.OperationalError: FATAL: sorry, too many clients already
Traceback (most recent call last):
  File "/app/db/pool.py", line 88, in acquire
    conn = await self._pool.acquire(timeout=2.0)
asyncpg.exceptions.TooManyConnectionsError: sorry, too many clients already
2026-08-03T02:56:49.006Z ERROR payment-service pg pool timeout after 2000ms acquiring connection rid=req-398704996 route=/api/v2/charge
2026-08-03T02:56:49.208Z INFO  payment-service handled /healthz status=200 latency=6ms
2026-08-03T02:56:50.749Z INFO  payment-service handled /healthz status=200 latency=7ms
2026-08-03T02:56:50.940Z ERROR payment-service pg pool timeout after 2000ms acquiring connection rid=req-685126461 route=/api/v2/refund
2026-08-03T02:56:50.865Z ERROR payment-service psycopg2.OperationalError: FATAL: sorry, too many clients already
Traceback (most recent call last):
  File "/app/db/pool.py", line 88, in acquire
    conn = await self._pool.acquire(timeout=2.0)
asyncpg.exceptions.TooManyConnectionsError: sorry, too many clients already
2026-08-03T02:56:51.269Z INFO  payment-service handled /healthz status=200 latency=8ms
2026-08-03T02:56:51.991Z ERROR payment-service pg pool timeout after 2000ms acquiring connection rid=req-131994523 route=/api/v2/charge
2026-08-03T02:56:51.334Z ERROR payment-service pg pool timeout after 2000ms acquiring connection rid=req-734036506 route=/api/v2/charge
2026-08-03T02:56:51.723Z ERROR payment-service pg pool timeout after 2000ms acquiring connection rid=req-685126461 route=/api/v2/charge
2026-08-03T02:56:52.443Z INFO  payment-service handled /healthz status=200 latency=1ms
2026-08-03T02:56:52.533Z ERROR payment-service psycopg2.OperationalError: FATAL: sorry, too many clients already
Traceback (most recent call last):
  File "/app/db/pool.py", line 88, in acquire
    conn = await self._pool.acquire(timeout=2.0)
asyncpg.exceptions.TooManyConnectionsError: sorry, too many clients already
2026-08-03T02:56:52.971Z INFO  payment-service handled /healthz status=200 latency=1ms
2026-08-03T02:56:53.893Z ERROR payment-service pg pool timeout after 2000ms acquiring connection rid=req-890779946 route=/api/v2/refund
2026-08-03T02:56:54.481Z WARN  payment-service retry storm detected: 571 pending retries in queue, backoff disabled by config RETRY_BACKOFF=none
2026-08-03T02:56:54.289Z INFO  payment-service handled /healthz status=200 latency=8ms
2026-08-03T02:56:54.973Z WARN  payment-service retry storm detected: 390 pending retries in queue, backoff disabled by config RETRY_BACKOFF=none
2026-08-03T02:56:54.219Z ERROR payment-service psycopg2.OperationalError: FATAL: sorry, too many clients already
Traceback (most recent call last):
  File "/app/db/pool.py", line 88, in acquire
    conn = await self._pool.acquire(timeout=2.0)
asyncpg.exceptions.TooManyConnectionsError: sorry, too many clients already
2026-08-03T02:56:55.727Z ERROR payment-service pg pool timeout after 2000ms acquiring connection rid=req-969119330 route=/api/v2/charge
2026-08-03T02:56:55.646Z ERROR payment-service upstream gateway returned 502 for /api/v2/refund rid=req-271432881 retry=4
2026-08-03T02:56:55.543Z WARN  payment-service retry storm detected: 795 pending retries in queue, backoff disabled by config RETRY_BACKOFF=none
2026-08-03T02:56:56.896Z ERROR payment-service pg pool timeout after 2000ms acquiring connection rid=req-334760738 route=/api/v2/charge
2026-08-03T02:56:56.556Z ERROR payment-service upstream gateway returned 502 for /api/v2/refund rid=req-965241839 retry=3
2026-08-03T02:56:57.429Z ERROR payment-service pg pool timeout after 2000ms acquiring connection rid=req-249827706 route=/api/v2/refund
2026-08-03T02:56:57.118Z ERROR payment-service pg pool timeout after 2000ms acquiring connection rid=req-465341213 route=/api/v2/refund
2026-08-03T02:56:58.355Z INFO  payment-service handled /healthz status=200 latency=2ms
2026-08-03T02:56:58.792Z ERROR payment-service psycopg2.OperationalError: FATAL: sorry, too many clients already
Traceback (most recent call last):
  File "/app/db/pool.py", line 88, in acquire
    conn = await self._pool.acquire(timeout=2.0)
asyncpg.exceptions.TooManyConnectionsError: sorry, too many clients already
2026-08-03T02:56:59.615Z INFO  payment-service handled /healthz status=200 latency=8ms
2026-08-03T02:56:59.519Z ERROR payment-service pg pool timeout after 2000ms acquiring connection rid=req-200604502 route=/api/v2/refund
2026-08-03T02:57:00.062Z INFO  payment-service handled /healthz status=200 latency=7ms
2026-08-03T02:57:00.421Z ERROR payment-service pg pool timeout after 2000ms acquiring connection rid=req-398362082 route=/api/v2/refund
2026-08-03T02:57:00.274Z ERROR payment-service upstream gateway returned 502 for /api/v2/refund rid=req-134126396 retry=1
2026-08-03T02:57:01.315Z ERROR payment-service pg pool timeout after 2000ms acquiring connection rid=req-849621470 route=/api/v2/charge
2026-08-03T02:57:01.798Z ERROR payment-service pg pool timeout after 2000ms acquiring connection rid=req-826600539 route=/api/v2/charge
2026-08-03T02:57:02.132Z INFO  payment-service handled /healthz status=200 latency=6ms
2026-08-03T02:57:02.821Z ERROR payment-service pg pool timeout after 2000ms acquiring connection rid=req-919795579 route=/api/v2/charge
2026-08-03T02:57:03.341Z ERROR payment-service psycopg2.OperationalError: FATAL: sorry, too many clients already
Traceback (most recent call last):
  File "/app/db/pool.py", line 88, in acquire
    conn = await self._pool.acquire(timeout=2.0)
asyncpg.exceptions.TooManyConnectionsError: sorry, too many clients already
2026-08-03T02:57:03.566Z ERROR payment-service psycopg2.OperationalError: FATAL: sorry, too many clients already
Traceback (most recent call last):
  File "/app/db/pool.py", line 88, in acquire
    conn = await self._pool.acquire(timeout=2.0)
asyncpg.exceptions.TooManyConnectionsError: sorry, too many clients already
2026-08-03T02:57:04.548Z ERROR payment-service pg pool timeout after 2000ms acquiring connection rid=req-193349856 route=/api/v2/refund
2026-08-03T02:57:04.880Z ERROR payment-service pg pool timeout after 2000ms acquiring connection rid=req-398704996 route=/api/v2/refund
2026-08-03T02:57:04.339Z ERROR payment-service pg pool timeout after 2000ms acquiring connection rid=req-826600539 route=/api/v2/refund
2026-08-03T02:57:05.962Z WARN  payment-service retry storm detected: 554 pending retries in queue, backoff disabled by config RETRY_BACKOFF=none
2026-08-03T02:57:05.104Z INFO  payment-service handled /healthz status=200 latency=9ms
2026-08-03T02:57:05.043Z ERROR payment-service psycopg2.OperationalError: FATAL: sorry, too many clients already
Traceback (most recent call last):
  File "/app/db/pool.py", line 88, in acquire
    conn = await self._pool.acquire(timeout=2.0)
asyncpg.exceptions.TooManyConnectionsError: sorry, too many clients already
2026-08-03T02:57:06.034Z ERROR payment-service pg pool timeout after 2000ms acquiring connection rid=req-734036506 route=/api/v2/charge
2026-08-03T02:57:06.134Z ERROR payment-service pg pool timeout after 2000ms acquiring connection rid=req-702632297 route=/api/v2/refund
2026-08-03T02:57:07.078Z INFO  payment-service handled /healthz status=200 latency=2ms
2026-08-03T02:57:07.780Z ERROR payment-service psycopg2.OperationalError: FATAL: sorry, too many clients already
Traceback (most recent call last):
  File "/app/db/pool.py", line 88, in acquire
    conn = await self._pool.acquire(timeout=2.0)
asyncpg.exceptions.TooManyConnectionsError: sorry, too many clients already
2026-08-03T02:57:07.097Z ERROR payment-service pg pool timeout after 2000ms acquiring connection rid=req-461415646 route=/api/v2/charge
2026-08-03T02:57:08.198Z ERROR payment-service psycopg2.OperationalError: FATAL: sorry, too many clients already
Traceback (most recent call last):
  File "/app/db/pool.py", line 88, in acquire
    conn = await self._pool.acquire(timeout=2.0)
asyncpg.exceptions.TooManyConnectionsError: sorry, too many clients already
2026-08-03T02:57:09.435Z INFO  payment-service handled /healthz status=200 latency=6ms
2026-08-03T02:57:09.207Z ERROR payment-service pg pool timeout after 2000ms acquiring connection rid=req-131994523 route=/api/v2/refund
2026-08-03T02:57:09.385Z INFO  payment-service handled /healthz status=200 latency=8ms
2026-08-03T02:57:10.494Z ERROR payment-service pg pool timeout after 2000ms acquiring connection rid=req-868820204 route=/api/v2/refund
2026-08-03T02:57:10.518Z ERROR payment-service psycopg2.OperationalError: FATAL: sorry, too many clients already
Traceback (most recent call last):
  File "/app/db/pool.py", line 88, in acquire
    conn = await self._pool.acquire(timeout=2.0)
asyncpg.exceptions.TooManyConnectionsError: sorry, too many clients already
2026-08-03T02:57:10.974Z ERROR payment-service pg pool timeout after 2000ms acquiring connection rid=req-336696312 route=/api/v2/refund
2026-08-03T02:57:10.591Z ERROR payment-service upstream gateway returned 502 for /api/v2/charge rid=req-853041955 retry=2
2026-08-03T02:57:11.488Z ERROR payment-service upstream gateway returned 502 for /api/v2/charge rid=req-853041955 retry=3
2026-08-03T02:57:12.147Z WARN  payment-service retry storm detected: 640 pending retries in queue, backoff disabled by config RETRY_BACKOFF=none
2026-08-03T02:57:12.574Z INFO  payment-service handled /healthz status=200 latency=2ms
2026-08-03T02:57:13.607Z INFO  payment-service handled /healthz status=200 latency=8ms
2026-08-03T02:57:13.535Z ERROR payment-service pg pool timeout after 2000ms acquiring connection rid=req-271432881 route=/api/v2/refund
2026-08-03T02:57:14.060Z WARN  payment-service retry storm detected: 538 pending retries in queue, backoff disabled by config RETRY_BACKOFF=none
2026-08-03T02:57:14.854Z ERROR payment-service pg pool timeout after 2000ms acquiring connection rid=req-334760738 route=/api/v2/refund
2026-08-03T02:57:14.892Z ERROR payment-service pg pool timeout after 2000ms acquiring connection rid=req-106977991 route=/api/v2/refund
2026-08-03T02:57:14.575Z WARN  payment-service retry storm detected: 1073 pending retries in queue, backoff disabled by config RETRY_BACKOFF=none
2026-08-03T02:57:15.329Z ERROR payment-service upstream gateway returned 502 for /api/v2/refund rid=req-553778756 retry=2
2026-08-03T02:57:16.716Z ERROR payment-service upstream gateway returned 502 for /api/v2/charge rid=req-339670711 retry=4
2026-08-03T02:57:16.532Z ERROR payment-service pg pool timeout after 2000ms acquiring connection rid=req-786579303 route=/api/v2/charge
2026-08-03T02:57:16.039Z ERROR payment-service pg pool timeout after 2000ms acquiring connection rid=req-853041955 route=/api/v2/charge
2026-08-03T02:57:17.428Z ERROR payment-service upstream gateway returned 502 for /api/v2/refund rid=req-890779946 retry=5
2026-08-03T02:57:17.737Z ERROR payment-service pg pool timeout after 2000ms acquiring connection rid=req-797808098 route=/api/v2/refund
2026-08-03T02:57:18.330Z WARN  payment-service retry storm detected: 835 pending retries in queue, backoff disabled by config RETRY_BACKOFF=none
2026-08-03T02:57:19.535Z ERROR payment-service upstream gateway returned 502 for /api/v2/charge rid=req-210053353 retry=3
2026-08-03T02:57:19.531Z INFO  payment-service handled /healthz status=200 latency=6ms
2026-08-03T02:57:20.168Z ERROR payment-service upstream gateway returned 502 for /api/v2/charge rid=req-642621108 retry=2
2026-08-03T02:57:20.325Z INFO  payment-service handled /healthz status=200 latency=1ms
2026-08-03T02:57:21.319Z ERROR payment-service pg pool timeout after 2000ms acquiring connection rid=req-395310485 route=/api/v2/charge
2026-08-03T02:57:21.338Z ERROR payment-service pg pool timeout after 2000ms acquiring connection rid=req-339670711 route=/api/v2/refund
2026-08-03T02:57:21.160Z WARN  payment-service retry storm detected: 908 pending retries in queue, backoff disabled by config RETRY_BACKOFF=none
2026-08-03T02:57:22.353Z WARN  payment-service retry storm detected: 531 pending retries in queue, backoff disabled by config RETRY_BACKOFF=none
2026-08-03T02:57:22.291Z INFO  payment-service handled /healthz status=200 latency=5ms
2026-08-03T02:57:23.376Z INFO  payment-service handled /healthz status=200 latency=5ms
2026-08-03T02:57:23.656Z ERROR payment-service upstream gateway returned 502 for /api/v2/refund rid=req-969119330 retry=5
2026-08-03T02:57:24.748Z ERROR payment-service pg pool timeout after 2000ms acquiring connection rid=req-210053353 route=/api/v2/charge
2026-08-03T02:57:24.129Z ERROR payment-service pg pool timeout after 2000ms acquiring connection rid=req-106977991 route=/api/v2/charge
2026-08-03T02:57:25.392Z WARN  payment-service retry storm detected: 1084 pending retries in queue, backoff disabled by config RETRY_BACKOFF=none
2026-08-03T02:57:25.606Z ERROR payment-service psycopg2.OperationalError: FATAL: sorry, too many clients already
Traceback (most recent call last):
  File "/app/db/pool.py", line 88, in acquire
    conn = await self._pool.acquire(timeout=2.0)
asyncpg.exceptions.TooManyConnectionsError: sorry, too many clients already
2026-08-03T02:57:26.214Z INFO  payment-service handled /healthz status=200 latency=8ms
2026-08-03T02:57:26.221Z ERROR payment-service psycopg2.OperationalError: FATAL: sorry, too many clients already
Traceback (most recent call last):
  File "/app/db/pool.py", line 88, in acquire
    conn = await self._pool.acquire(timeout=2.0)
asyncpg.exceptions.TooManyConnectionsError: sorry, too many clients already
2026-08-03T02:57:26.146Z INFO  payment-service handled /healthz status=200 latency=3ms
2026-08-03T02:57:26.079Z INFO  payment-service handled /healthz status=200 latency=6ms
2026-08-03T02:57:27.435Z ERROR payment-service pg pool timeout after 2000ms acquiring connection rid=req-582334538 route=/api/v2/refund
2026-08-03T02:57:28.246Z ERROR payment-service pg pool timeout after 2000ms acquiring connection rid=req-582334538 route=/api/v2/charge
2026-08-03T02:57:28.363Z ERROR payment-service upstream gateway returned 502 for /api/v2/refund rid=req-331191390 retry=4
2026-08-03T02:57:28.978Z ERROR payment-service upstream gateway returned 502 for /api/v2/charge rid=req-965241839 retry=2
2026-08-03T02:57:29.728Z WARN  payment-service retry storm detected: 584 pending retries in queue, backoff disabled by config RETRY_BACKOFF=none
2026-08-03T02:57:29.701Z ERROR payment-service upstream gateway returned 502 for /api/v2/refund rid=req-336696312 retry=3
2026-08-03T02:57:29.182Z INFO  payment-service handled /healthz status=200 latency=6ms
2026-08-03T02:57:29.745Z ERROR payment-service upstream gateway returned 502 for /api/v2/refund rid=req-199585092 retry=3
2026-08-03T02:57:29.942Z WARN  payment-service retry storm detected: 1197 pending retries in queue, backoff disabled by config RETRY_BACKOFF=none
2026-08-03T02:57:30.200Z ERROR payment-service upstream gateway returned 502 for /api/v2/charge rid=req-461415646 retry=1
2026-08-03T02:57:31.336Z ERROR payment-service upstream gateway returned 502 for /api/v2/charge rid=req-914763202 retry=3
2026-08-03T02:57:31.621Z ERROR payment-service upstream gateway returned 502 for /api/v2/refund rid=req-582334538 retry=1
2026-08-03T02:57:31.490Z WARN  payment-service retry storm detected: 957 pending retries in queue, backoff disabled by config RETRY_BACKOFF=none
2026-08-03T02:57:31.280Z INFO  payment-service handled /healthz status=200 latency=5ms
2026-08-03T02:57:32.883Z INFO  payment-service handled /healthz status=200 latency=1ms
2026-08-03T02:57:33.484Z ERROR payment-service upstream gateway returned 502 for /api/v2/refund rid=req-336696312 retry=2
2026-08-03T02:57:33.826Z WARN  payment-service retry storm detected: 858 pending retries in queue, backoff disabled by config RETRY_BACKOFF=none
2026-08-03T02:57:33.891Z ERROR payment-service upstream gateway returned 502 for /api/v2/charge rid=req-331191390 retry=2
2026-08-03T02:57:34.454Z ERROR payment-service pg pool timeout after 2000ms acquiring connection rid=req-249827706 route=/api/v2/charge
2026-08-03T02:57:35.873Z ERROR payment-service pg pool timeout after 2000ms acquiring connection rid=req-339670711 route=/api/v2/refund
2026-08-03T02:57:35.340Z WARN  payment-service retry storm detected: 317 pending retries in queue, backoff disabled by config RETRY_BACKOFF=none
2026-08-03T02:57:36.919Z INFO  payment-service handled /healthz status=200 latency=6ms
2026-08-03T02:57:36.528Z INFO  payment-service handled /healthz status=200 latency=6ms
2026-08-03T02:57:36.857Z WARN  payment-service retry storm detected: 726 pending retries in queue, backoff disabled by config RETRY_BACKOFF=none
2026-08-03T02:57:37.746Z ERROR payment-service pg pool timeout after 2000ms acquiring connection rid=req-685582861 route=/api/v2/charge
2026-08-03T02:57:37.623Z ERROR payment-service pg pool timeout after 2000ms acquiring connection rid=req-126855092 route=/api/v2/refund
2026-08-03T02:57:37.318Z ERROR payment-service upstream gateway returned 502 for /api/v2/charge rid=req-849621470 retry=1
2026-08-03T02:57:38.856Z ERROR payment-service upstream gateway returned 502 for /api/v2/refund rid=req-685126461 retry=5
2026-08-03T02:57:38.090Z WARN  payment-service retry storm detected: 774 pending retries in queue, backoff disabled by config RETRY_BACKOFF=none
2026-08-03T02:57:38.190Z ERROR payment-service pg pool timeout after 2000ms acquiring connection rid=req-919795579 route=/api/v2/charge
2026-08-03T02:57:39.785Z WARN  payment-service retry storm detected: 320 pending retries in queue, backoff disabled by config RETRY_BACKOFF=none
2026-08-03T02:57:39.471Z ERROR payment-service pg pool timeout after 2000ms acquiring connection rid=req-849621470 route=/api/v2/refund
2026-08-03T02:57:39.252Z ERROR payment-service psycopg2.OperationalError: FATAL: sorry, too many clients already
Traceback (most recent call last):
  File "/app/db/pool.py", line 88, in acquire
    conn = await self._pool.acquire(timeout=2.0)
asyncpg.exceptions.TooManyConnectionsError: sorry, too many clients already
2026-08-03T02:57:39.195Z WARN  payment-service retry storm detected: 1185 pending retries in queue, backoff disabled by config RETRY_BACKOFF=none
2026-08-03T02:57:40.317Z ERROR payment-service psycopg2.OperationalError: FATAL: sorry, too many clients already
Traceback (most recent call last):
  File "/app/db/pool.py", line 88, in acquire
    conn = await self._pool.acquire(timeout=2.0)
asyncpg.exceptions.TooManyConnectionsError: sorry, too many clients already
2026-08-03T02:57:40.182Z ERROR payment-service psycopg2.OperationalError: FATAL: sorry, too many clients already
Traceback (most recent call last):
  File "/app/db/pool.py", line 88, in acquire
    conn = await self._pool.acquire(timeout=2.0)
asyncpg.exceptions.TooManyConnectionsError: sorry, too many clients already
2026-08-03T02:57:40.231Z WARN  payment-service retry storm detected: 723 pending retries in queue, backoff disabled by config RETRY_BACKOFF=none
2026-08-03T02:57:41.302Z ERROR payment-service pg pool timeout after 2000ms acquiring connection rid=req-685582861 route=/api/v2/charge
2026-08-03T02:57:41.592Z ERROR payment-service upstream gateway returned 502 for /api/v2/charge rid=req-336696312 retry=3
2026-08-03T02:57:42.535Z ERROR payment-service psycopg2.OperationalError: FATAL: sorry, too many clients already
Traceback (most recent call last):
  File "/app/db/pool.py", line 88, in acquire
    conn = await self._pool.acquire(timeout=2.0)
asyncpg.exceptions.TooManyConnectionsError: sorry, too many clients already
2026-08-03T02:57:42.174Z WARN  payment-service retry storm detected: 1151 pending retries in queue, backoff disabled by config RETRY_BACKOFF=none
2026-08-03T02:57:42.159Z INFO  payment-service handled /healthz status=200 latency=7ms
2026-08-03T02:57:43.355Z ERROR payment-service pg pool timeout after 2000ms acquiring connection rid=req-266944844 route=/api/v2/refund
2026-08-03T02:57:43.212Z WARN  payment-service retry storm detected: 595 pending retries in queue, backoff disabled by config RETRY_BACKOFF=none
2026-08-03T02:57:44.849Z INFO  payment-service handled /healthz status=200 latency=9ms
2026-08-03T02:57:44.264Z ERROR payment-service pg pool timeout after 2000ms acquiring connection rid=req-582334538 route=/api/v2/charge
2026-08-03T02:57:45.486Z ERROR payment-service pg pool timeout after 2000ms acquiring connection rid=req-249827706 route=/api/v2/charge
2026-08-03T02:57:45.577Z WARN  payment-service retry storm detected: 681 pending retries in queue, backoff disabled by config RETRY_BACKOFF=none
2026-08-03T02:57:45.330Z WARN  payment-service retry storm detected: 334 pending retries in queue, backoff disabled by config RETRY_BACKOFF=none
2026-08-03T02:57:46.922Z WARN  payment-service retry storm detected: 1190 pending retries in queue, backoff disabled by config RETRY_BACKOFF=none
2026-08-03T02:57:46.191Z ERROR payment-service upstream gateway returned 502 for /api/v2/refund rid=req-642621108 retry=1
2026-08-03T02:57:47.770Z ERROR payment-service pg pool timeout after 2000ms acquiring connection rid=req-685126461 route=/api/v2/charge
2026-08-03T02:57:47.607Z INFO  payment-service handled /healthz status=200 latency=8ms
2026-08-03T02:57:47.258Z ERROR payment-service upstream gateway returned 502 for /api/v2/refund rid=req-550455977 retry=2
2026-08-03T02:57:48.694Z WARN  payment-service retry storm detected: 794 pending retries in queue, backoff disabled by config RETRY_BACKOFF=none
2026-08-03T02:57:48.431Z ERROR payment-service pg pool timeout after 2000ms acquiring connection rid=req-734036506 route=/api/v2/charge
2026-08-03T02:57:49.607Z ERROR payment-service pg pool timeout after 2000ms acquiring connection rid=req-106977991 route=/api/v2/refund
2026-08-03T02:57:49.203Z ERROR payment-service upstream gateway returned 502 for /api/v2/refund rid=req-965241839 retry=5
2026-08-03T02:57:49.133Z WARN  payment-service retry storm detected: 442 pending retries in queue, backoff disabled by config RETRY_BACKOFF=none
2026-08-03T02:57:50.055Z ERROR payment-service psycopg2.OperationalError: FATAL: sorry, too many clients already
Traceback (most recent call last):
  File "/app/db/pool.py", line 88, in acquire
    conn = await self._pool.acquire(timeout=2.0)
asyncpg.exceptions.TooManyConnectionsError: sorry, too many clients already
2026-08-03T02:57:51.820Z ERROR payment-service pg pool timeout after 2000ms acquiring connection rid=req-199585092 route=/api/v2/charge
2026-08-03T02:57:51.205Z ERROR payment-service upstream gateway returned 502 for /api/v2/refund rid=req-786579303 retry=2
2026-08-03T02:57:52.241Z ERROR payment-service pg pool timeout after 2000ms acquiring connection rid=req-362950628 route=/api/v2/charge
2026-08-03T02:57:53.865Z ERROR payment-service upstream gateway returned 502 for /api/v2/charge rid=req-210053353 retry=5
2026-08-03T02:57:53.102Z ERROR payment-service pg pool timeout after 2000ms acquiring connection rid=req-826600539 route=/api/v2/refund
2026-08-03T02:57:54.217Z WARN  payment-service retry storm detected: 1015 pending retries in queue, backoff disabled by config RETRY_BACKOFF=none
2026-08-03T02:57:54.474Z WARN  payment-service retry storm detected: 1151 pending retries in queue, backoff disabled by config RETRY_BACKOFF=none
2026-08-03T02:57:55.098Z ERROR payment-service psycopg2.OperationalError: FATAL: sorry, too many clients already
Traceback (most recent call last):
  File "/app/db/pool.py", line 88, in acquire
    conn = await self._pool.acquire(timeout=2.0)
asyncpg.exceptions.TooManyConnectionsError: sorry, too many clients already
2026-08-03T02:57:55.791Z ERROR payment-service pg pool timeout after 2000ms acquiring connection rid=req-890779946 route=/api/v2/refund
2026-08-03T02:57:56.611Z ERROR payment-service pg pool timeout after 2000ms acquiring connection rid=req-398362082 route=/api/v2/refund
2026-08-03T02:57:56.227Z ERROR payment-service pg pool timeout after 2000ms acquiring connection rid=req-336696312 route=/api/v2/charge
2026-08-03T02:57:57.370Z ERROR payment-service pg pool timeout after 2000ms acquiring connection rid=req-553035110 route=/api/v2/refund
2026-08-03T02:57:57.936Z INFO  payment-service handled /healthz status=200 latency=7ms
2026-08-03T02:57:57.045Z ERROR payment-service pg pool timeout after 2000ms acquiring connection rid=req-336696312 route=/api/v2/charge
2026-08-03T02:57:58.435Z ERROR payment-service upstream gateway returned 502 for /api/v2/refund rid=req-702632297 retry=2
2026-08-03T02:57:58.035Z ERROR payment-service pg pool timeout after 2000ms acquiring connection rid=req-398362082 route=/api/v2/refund
2026-08-03T02:57:58.167Z INFO  payment-service handled /healthz status=200 latency=3ms
2026-08-03T02:57:58.354Z ERROR payment-service upstream gateway returned 502 for /api/v2/charge rid=req-685126461 retry=1
2026-08-03T02:57:59.164Z ERROR payment-service pg pool timeout after 2000ms acquiring connection rid=req-313500298 route=/api/v2/charge
2026-08-03T02:57:59.702Z WARN  payment-service retry storm detected: 693 pending retries in queue, backoff disabled by config RETRY_BACKOFF=none
2026-08-03T02:58:00.310Z ERROR payment-service upstream gateway returned 502 for /api/v2/refund rid=req-797808098 retry=1
2026-08-03T02:58:00.118Z ERROR payment-service psycopg2.OperationalError: FATAL: sorry, too many clients already
Traceback (most recent call last):
  File "/app/db/pool.py", line 88, in acquire
    conn = await self._pool.acquire(timeout=2.0)
asyncpg.exceptions.TooManyConnectionsError: sorry, too many clients already
2026-08-03T02:58:01.514Z INFO  payment-service handled /healthz status=200 latency=8ms
2026-08-03T02:58:01.114Z ERROR payment-service upstream gateway returned 502 for /api/v2/refund rid=req-398704996 retry=3
2026-08-03T02:58:02.777Z INFO  payment-service handled /healthz status=200 latency=9ms
2026-08-03T02:58:02.007Z WARN  payment-service retry storm detected: 453 pending retries in queue, backoff disabled by config RETRY_BACKOFF=none
2026-08-03T02:58:02.202Z INFO  payment-service handled /healthz status=200 latency=5ms
2026-08-03T02:58:03.465Z WARN  payment-service retry storm detected: 1193 pending retries in queue, backoff disabled by config RETRY_BACKOFF=none
2026-08-03T02:58:03.471Z ERROR payment-service upstream gateway returned 502 for /api/v2/charge rid=req-249827706 retry=4
2026-08-03T02:58:04.258Z INFO  payment-service handled /healthz status=200 latency=6ms
2026-08-03T02:58:04.838Z WARN  payment-service retry storm detected: 1085 pending retries in queue, backoff disabled by config RETRY_BACKOFF=none
2026-08-03T02:58:04.427Z ERROR payment-service pg pool timeout after 2000ms acquiring connection rid=req-200604502 route=/api/v2/refund
2026-08-03T02:58:04.610Z ERROR payment-service pg pool timeout after 2000ms acquiring connection rid=req-849621470 route=/api/v2/charge
2026-08-03T02:58:04.544Z ERROR payment-service psycopg2.OperationalError: FATAL: sorry, too many clients already
Traceback (most recent call last):
  File "/app/db/pool.py", line 88, in acquire
    conn = await self._pool.acquire(timeout=2.0)
asyncpg.exceptions.TooManyConnectionsError: sorry, too many clients already
2026-08-03T02:58:05.129Z ERROR payment-service pg pool timeout after 2000ms acquiring connection rid=req-362950628 route=/api/v2/charge
2026-08-03T02:58:06.914Z WARN  payment-service retry storm detected: 741 pending retries in queue, backoff disabled by config RETRY_BACKOFF=none
2026-08-03T02:58:06.940Z INFO  payment-service handled /healthz status=200 latency=4ms
2026-08-03T02:58:07.582Z INFO  payment-service handled /healthz status=200 latency=9ms
2026-08-03T02:58:07.150Z ERROR payment-service pg pool timeout after 2000ms acquiring connection rid=req-128492780 route=/api/v2/charge
2026-08-03T02:58:08.831Z ERROR payment-service psycopg2.OperationalError: FATAL: sorry, too many clients already
Traceback (most recent call last):
  File "/app/db/pool.py", line 88, in acquire
    conn = await self._pool.acquire(timeout=2.0)
asyncpg.exceptions.TooManyConnectionsError: sorry, too many clients already
2026-08-03T02:58:08.432Z ERROR payment-service upstream gateway returned 502 for /api/v2/charge rid=req-642621108 retry=3
2026-08-03T02:58:09.738Z ERROR payment-service pg pool timeout after 2000ms acquiring connection rid=req-461415646 route=/api/v2/refund
2026-08-03T02:58:09.988Z INFO  payment-service handled /healthz status=200 latency=7ms
2026-08-03T02:58:09.630Z ERROR payment-service pg pool timeout after 2000ms acquiring connection rid=req-134126396 route=/api/v2/refund
2026-08-03T02:58:10.710Z INFO  payment-service handled /healthz status=200 latency=4ms
2026-08-03T02:58:10.281Z ERROR payment-service upstream gateway returned 502 for /api/v2/refund rid=req-193349856 retry=4
2026-08-03T02:58:11.283Z ERROR payment-service psycopg2.OperationalError: FATAL: sorry, too many clients already
Traceback (most recent call last):
  File "/app/db/pool.py", line 88, in acquire
    conn = await self._pool.acquire(timeout=2.0)
asyncpg.exceptions.TooManyConnectionsError: sorry, too many clients already
2026-08-03T02:58:12.694Z ERROR payment-service pg pool timeout after 2000ms acquiring connection rid=req-313500298 route=/api/v2/charge
2026-08-03T02:58:12.800Z ERROR payment-service pg pool timeout after 2000ms acquiring connection rid=req-193349856 route=/api/v2/charge
2026-08-03T02:58:12.613Z ERROR payment-service pg pool timeout after 2000ms acquiring connection rid=req-131994523 route=/api/v2/refund
2026-08-03T02:58:13.226Z WARN  payment-service retry storm detected: 399 pending retries in queue, backoff disabled by config RETRY_BACKOFF=none
2026-08-03T02:58:13.226Z ERROR payment-service psycopg2.OperationalError: FATAL: sorry, too many clients already
Traceback (most recent call last):
  File "/app/db/pool.py", line 88, in acquire
    conn = await self._pool.acquire(timeout=2.0)
asyncpg.exceptions.TooManyConnectionsError: sorry, too many clients already
2026-08-03T02:58:13.602Z ERROR payment-service pg pool timeout after 2000ms acquiring connection rid=req-331191390 route=/api/v2/refund
2026-08-03T02:58:14.398Z WARN  payment-service retry storm detected: 854 pending retries in queue, backoff disabled by config RETRY_BACKOFF=none
2026-08-03T02:58:14.348Z WARN  payment-service retry storm detected: 651 pending retries in queue, backoff disabled by config RETRY_BACKOFF=none
2026-08-03T02:58:14.473Z INFO  payment-service handled /healthz status=200 latency=3ms
2026-08-03T02:58:15.261Z ERROR payment-service upstream gateway returned 502 for /api/v2/charge rid=req-398362082 retry=4
2026-08-03T02:58:16.990Z WARN  payment-service retry storm detected: 885 pending retries in queue, backoff disabled by config RETRY_BACKOFF=none
2026-08-03T02:58:16.765Z ERROR payment-service upstream gateway returned 502 for /api/v2/refund rid=req-362950628 retry=2
2026-08-03T02:58:16.462Z ERROR payment-service upstream gateway returned 502 for /api/v2/refund rid=req-209747451 retry=3
2026-08-03T02:58:17.639Z ERROR payment-service pg pool timeout after 2000ms acquiring connection rid=req-271432881 route=/api/v2/charge
2026-08-03T02:58:17.569Z ERROR payment-service upstream gateway returned 502 for /api/v2/charge rid=req-209747451 retry=3
2026-08-03T02:58:18.943Z INFO  payment-service handled /healthz status=200 latency=7ms
2026-08-03T02:58:18.223Z ERROR payment-service upstream gateway returned 502 for /api/v2/charge rid=req-339670711 retry=4
2026-08-03T02:58:19.885Z ERROR payment-service pg pool timeout after 2000ms acquiring connection rid=req-200604502 route=/api/v2/charge
2026-08-03T02:58:19.752Z ERROR payment-service psycopg2.OperationalError: FATAL: sorry, too many clients already
Traceback (most recent call last):
  File "/app/db/pool.py", line 88, in acquire
    conn = await self._pool.acquire(timeout=2.0)
asyncpg.exceptions.TooManyConnectionsError: sorry, too many clients already
2026-08-03T02:58:20.769Z WARN  payment-service retry storm detected: 660 pending retries in queue, backoff disabled by config RETRY_BACKOFF=none
2026-08-03T02:58:20.327Z INFO  payment-service handled /healthz status=200 latency=5ms
2026-08-03T02:58:21.905Z WARN  payment-service retry storm detected: 980 pending retries in queue, backoff disabled by config RETRY_BACKOFF=none
2026-08-03T02:58:21.325Z WARN  payment-service retry storm detected: 951 pending retries in queue, backoff disabled by config RETRY_BACKOFF=none
2026-08-03T02:58:22.774Z ERROR payment-service upstream gateway returned 502 for /api/v2/charge rid=req-313500298 retry=4
2026-08-03T02:58:22.160Z INFO  payment-service handled /healthz status=200 latency=8ms
2026-08-03T02:58:23.545Z ERROR payment-service pg pool timeout after 2000ms acquiring connection rid=req-200604502 route=/api/v2/charge
2026-08-03T02:58:23.671Z ERROR payment-service psycopg2.OperationalError: FATAL: sorry, too many clients already
Traceback (most recent call last):
  File "/app/db/pool.py", line 88, in acquire
    conn = await self._pool.acquire(timeout=2.0)
asyncpg.exceptions.TooManyConnectionsError: sorry, too many clients already
2026-08-03T02:58:24.594Z INFO  payment-service handled /healthz status=200 latency=7ms
2026-08-03T02:58:24.193Z INFO  payment-service handled /healthz status=200 latency=7ms
2026-08-03T02:58:25.624Z WARN  payment-service retry storm detected: 441 pending retries in queue, backoff disabled by config RETRY_BACKOFF=none
2026-08-03T02:58:25.968Z INFO  payment-service handled /healthz status=200 latency=7ms
2026-08-03T02:58:25.582Z WARN  payment-service retry storm detected: 470 pending retries in queue, backoff disabled by config RETRY_BACKOFF=none
2026-08-03T02:58:26.023Z WARN  payment-service retry storm detected: 679 pending retries in queue, backoff disabled by config RETRY_BACKOFF=none
2026-08-03T02:58:27.565Z INFO  payment-service handled /healthz status=200 latency=7ms
2026-08-03T02:58:27.377Z ERROR payment-service pg pool timeout after 2000ms acquiring connection rid=req-826600539 route=/api/v2/refund
2026-08-03T02:58:28.330Z ERROR payment-service pg pool timeout after 2000ms acquiring connection rid=req-550455977 route=/api/v2/charge
2026-08-03T02:58:28.591Z ERROR payment-service pg pool timeout after 2000ms acquiring connection rid=req-219540831 route=/api/v2/charge
2026-08-03T02:58:28.247Z ERROR payment-service pg pool timeout after 2000ms acquiring connection rid=req-965241839 route=/api/v2/refund
2026-08-03T02:58:29.656Z INFO  payment-service handled /healthz status=200 latency=9ms
2026-08-03T02:58:29.893Z WARN  payment-service retry storm detected: 639 pending retries in queue, backoff disabled by config RETRY_BACKOFF=none
2026-08-03T02:58:30.007Z ERROR payment-service pg pool timeout after 2000ms acquiring connection rid=req-685126461 route=/api/v2/charge
2026-08-03T02:58:31.887Z WARN  payment-service retry storm detected: 716 pending retries in queue, backoff disabled by config RETRY_BACKOFF=none
2026-08-03T02:58:31.980Z ERROR payment-service upstream gateway returned 502 for /api/v2/refund rid=req-395310485 retry=4
2026-08-03T02:58:31.123Z ERROR payment-service psycopg2.OperationalError: FATAL: sorry, too many clients already
Traceback (most recent call last):
  File "/app/db/pool.py", line 88, in acquire
    conn = await self._pool.acquire(timeout=2.0)
asyncpg.exceptions.TooManyConnectionsError: sorry, too many clients already
2026-08-03T02:58:32.731Z WARN  payment-service retry storm detected: 846 pending retries in queue, backoff disabled by config RETRY_BACKOFF=none
2026-08-03T02:58:32.848Z ERROR payment-service upstream gateway returned 502 for /api/v2/charge rid=req-200604502 retry=4
2026-08-03T02:58:33.372Z ERROR payment-service psycopg2.OperationalError: FATAL: sorry, too many clients already
Traceback (most recent call last):
  File "/app/db/pool.py", line 88, in acquire
    conn = await self._pool.acquire(timeout=2.0)
asyncpg.exceptions.TooManyConnectionsError: sorry, too many clients already
2026-08-03T02:58:33.438Z INFO  payment-service handled /healthz status=200 latency=8ms
2026-08-03T02:58:34.739Z ERROR payment-service pg pool timeout after 2000ms acquiring connection rid=req-134126396 route=/api/v2/charge
2026-08-03T02:58:34.814Z ERROR payment-service upstream gateway returned 502 for /api/v2/refund rid=req-210053353 retry=2
2026-08-03T02:58:34.469Z ERROR payment-service pg pool timeout after 2000ms acquiring connection rid=req-642621108 route=/api/v2/charge
2026-08-03T02:58:35.350Z ERROR payment-service upstream gateway returned 502 for /api/v2/charge rid=req-209747451 retry=3
2026-08-03T02:58:35.581Z ERROR payment-service upstream gateway returned 502 for /api/v2/refund rid=req-266944844 retry=3
2026-08-03T02:58:36.534Z ERROR payment-service pg pool timeout after 2000ms acquiring connection rid=req-890779946 route=/api/v2/charge
2026-08-03T02:58:36.730Z ERROR payment-service pg pool timeout after 2000ms acquiring connection rid=req-128492780 route=/api/v2/refund
2026-08-03T02:58:36.581Z INFO  payment-service handled /healthz status=200 latency=3ms
2026-08-03T02:58:37.158Z ERROR payment-service upstream gateway returned 502 for /api/v2/refund rid=req-398362082 retry=3
2026-08-03T02:58:37.622Z WARN  payment-service retry storm detected: 450 pending retries in queue, backoff disabled by config RETRY_BACKOFF=none
2026-08-03T02:58:38.597Z ERROR payment-service upstream gateway returned 502 for /api/v2/charge rid=req-219540831 retry=2
2026-08-03T02:58:38.372Z WARN  payment-service retry storm detected: 565 pending retries in queue, backoff disabled by config RETRY_BACKOFF=none
2026-08-03T02:58:39.529Z ERROR payment-service psycopg2.OperationalError: FATAL: sorry, too many clients already
Traceback (most recent call last):
  File "/app/db/pool.py", line 88, in acquire
    conn = await self._pool.acquire(timeout=2.0)
asyncpg.exceptions.TooManyConnectionsError: sorry, too many clients already
2026-08-03T02:58:39.995Z WARN  payment-service retry storm detected: 474 pending retries in queue, backoff disabled by config RETRY_BACKOFF=none
2026-08-03T02:58:39.535Z ERROR payment-service pg pool timeout after 2000ms acquiring connection rid=req-582334538 route=/api/v2/refund
2026-08-03T02:58:40.663Z INFO  payment-service handled /healthz status=200 latency=8ms
2026-08-03T02:58:40.014Z ERROR payment-service upstream gateway returned 502 for /api/v2/charge rid=req-550455977 retry=4
2026-08-03T02:58:41.211Z ERROR payment-service pg pool timeout after 2000ms acquiring connection rid=req-734036506 route=/api/v2/refund
2026-08-03T02:58:41.665Z ERROR payment-service pg pool timeout after 2000ms acquiring connection rid=req-199585092 route=/api/v2/charge
2026-08-03T02:58:41.919Z ERROR payment-service upstream gateway returned 502 for /api/v2/charge rid=req-461415646 retry=5
2026-08-03T02:58:41.408Z ERROR payment-service pg pool timeout after 2000ms acquiring connection rid=req-465341213 route=/api/v2/charge
2026-08-03T02:58:42.068Z INFO  payment-service handled /healthz status=200 latency=9ms
2026-08-03T02:58:42.893Z INFO  payment-service handled /healthz status=200 latency=9ms
2026-08-03T02:58:42.457Z ERROR payment-service psycopg2.OperationalError: FATAL: sorry, too many clients already
Traceback (most recent call last):
  File "/app/db/pool.py", line 88, in acquire
    conn = await self._pool.acquire(timeout=2.0)
asyncpg.exceptions.TooManyConnectionsError: sorry, too many clients already
2026-08-03T02:58:43.706Z ERROR payment-service pg pool timeout after 2000ms acquiring connection rid=req-134126396 route=/api/v2/charge
2026-08-03T02:58:44.706Z INFO  payment-service handled /healthz status=200 latency=4ms
2026-08-03T02:58:44.565Z ERROR payment-service pg pool timeout after 2000ms acquiring connection rid=req-965241839 route=/api/v2/refund
2026-08-03T02:58:44.750Z ERROR payment-service psycopg2.OperationalError: FATAL: sorry, too many clients already
Traceback (most recent call last):
  File "/app/db/pool.py", line 88, in acquire
    conn = await self._pool.acquire(timeout=2.0)
asyncpg.exceptions.TooManyConnectionsError: sorry, too many clients already
2026-08-03T02:58:45.062Z ERROR payment-service pg pool timeout after 2000ms acquiring connection rid=req-890779946 route=/api/v2/refund
2026-08-03T02:58:45.475Z ERROR payment-service pg pool timeout after 2000ms acquiring connection rid=req-209747451 route=/api/v2/refund
2026-08-03T02:58:46.326Z INFO  payment-service handled /healthz status=200 latency=1ms
2026-08-03T02:58:46.452Z ERROR payment-service pg pool timeout after 2000ms acquiring connection rid=req-550455977 route=/api/v2/charge
2026-08-03T02:58:46.612Z ERROR payment-service pg pool timeout after 2000ms acquiring connection rid=req-398704996 route=/api/v2/charge
2026-08-03T02:58:47.440Z WARN  payment-service retry storm detected: 895 pending retries in queue, backoff disabled by config RETRY_BACKOFF=none
2026-08-03T02:58:47.603Z ERROR payment-service pg pool timeout after 2000ms acquiring connection rid=req-853041955 route=/api/v2/charge
2026-08-03T02:58:48.000Z WARN  payment-service retry storm detected: 767 pending retries in queue, backoff disabled by config RETRY_BACKOFF=none
2026-08-03T02:58:48.336Z ERROR payment-service upstream gateway returned 502 for /api/v2/refund rid=req-336696312 retry=2
2026-08-03T02:58:49.254Z ERROR payment-service upstream gateway returned 502 for /api/v2/refund rid=req-134126396 retry=5
2026-08-03T02:58:49.316Z WARN  payment-service retry storm detected: 815 pending retries in queue, backoff disabled by config RETRY_BACKOFF=none
2026-08-03T02:58:50.499Z ERROR payment-service pg pool timeout after 2000ms acquiring connection rid=req-209747451 route=/api/v2/charge
2026-08-03T02:58:50.481Z INFO  payment-service handled /healthz status=200 latency=9ms
2026-08-03T02:58:50.689Z ERROR payment-service pg pool timeout after 2000ms acquiring connection rid=req-209747451 route=/api/v2/refund
2026-08-03T02:58:51.350Z INFO  payment-service handled /healthz status=200 latency=8ms
2026-08-03T02:58:51.781Z ERROR payment-service upstream gateway returned 502 for /api/v2/charge rid=req-685582861 retry=1
2026-08-03T02:58:51.784Z ERROR payment-service pg pool timeout after 2000ms acquiring connection rid=req-334760738 route=/api/v2/refund
2026-08-03T02:58:52.584Z ERROR payment-service pg pool timeout after 2000ms acquiring connection rid=req-334760738 route=/api/v2/charge
2026-08-03T02:58:52.804Z ERROR payment-service pg pool timeout after 2000ms acquiring connection rid=req-685582861 route=/api/v2/refund
2026-08-03T02:58:53.333Z ERROR payment-service pg pool timeout after 2000ms acquiring connection rid=req-465341213 route=/api/v2/charge
2026-08-03T02:58:53.798Z INFO  payment-service handled /healthz status=200 latency=7ms
2026-08-03T02:58:54.956Z ERROR payment-service pg pool timeout after 2000ms acquiring connection rid=req-134126396 route=/api/v2/refund
2026-08-03T02:58:55.341Z ERROR payment-service pg pool timeout after 2000ms acquiring connection rid=req-210053353 route=/api/v2/refund
2026-08-03T02:58:55.460Z INFO  payment-service handled /healthz status=200 latency=6ms
2026-08-03T02:58:56.427Z WARN  payment-service retry storm detected: 1080 pending retries in queue, backoff disabled by config RETRY_BACKOFF=none
2026-08-03T02:58:56.991Z INFO  payment-service handled /healthz status=200 latency=1ms
2026-08-03T02:58:56.998Z WARN  payment-service retry storm detected: 443 pending retries in queue, backoff disabled by config RETRY_BACKOFF=none
2026-08-03T02:58:57.213Z ERROR payment-service pg pool timeout after 2000ms acquiring connection rid=req-331191390 route=/api/v2/charge
2026-08-03T02:58:57.329Z ERROR payment-service pg pool timeout after 2000ms acquiring connection rid=req-128492780 route=/api/v2/charge
2026-08-03T02:58:58.515Z ERROR payment-service upstream gateway returned 502 for /api/v2/charge rid=req-193349856 retry=5
2026-08-03T02:58:58.164Z ERROR payment-service pg pool timeout after 2000ms acquiring connection rid=req-395310485 route=/api/v2/charge
2026-08-03T02:58:58.704Z ERROR payment-service upstream gateway returned 502 for /api/v2/refund rid=req-126855092 retry=4
2026-08-03T02:58:59.255Z ERROR payment-service psycopg2.OperationalError: FATAL: sorry, too many clients already
Traceback (most recent call last):
  File "/app/db/pool.py", line 88, in acquire
    conn = await self._pool.acquire(timeout=2.0)
asyncpg.exceptions.TooManyConnectionsError: sorry, too many clients already
2026-08-03T02:58:59.060Z WARN  payment-service retry storm detected: 684 pending retries in queue, backoff disabled by config RETRY_BACKOFF=none
2026-08-03T02:59:00.550Z WARN  payment-service retry storm detected: 582 pending retries in queue, backoff disabled by config RETRY_BACKOFF=none
2026-08-03T02:59:00.483Z INFO  payment-service handled /healthz status=200 latency=2ms
2026-08-03T02:59:00.332Z ERROR payment-service psycopg2.OperationalError: FATAL: sorry, too many clients already
Traceback (most recent call last):
  File "/app/db/pool.py", line 88, in acquire
    conn = await self._pool.acquire(timeout=2.0)
asyncpg.exceptions.TooManyConnectionsError: sorry, too many clients already
2026-08-03T02:59:01.844Z ERROR payment-service psycopg2.OperationalError: FATAL: sorry, too many clients already
Traceback (most recent call last):
  File "/app/db/pool.py", line 88, in acquire
    conn = await self._pool.acquire(timeout=2.0)
asyncpg.exceptions.TooManyConnectionsError: sorry, too many clients already
2026-08-03T02:59:01.575Z ERROR payment-service pg pool timeout after 2000ms acquiring connection rid=req-334760738 route=/api/v2/charge
2026-08-03T02:59:01.570Z ERROR payment-service pg pool timeout after 2000ms acquiring connection rid=req-106977991 route=/api/v2/refund
2026-08-03T02:59:02.790Z ERROR payment-service pg pool timeout after 2000ms acquiring connection rid=req-219540831 route=/api/v2/charge
2026-08-03T02:59:02.980Z INFO  payment-service handled /healthz status=200 latency=6ms
2026-08-03T02:59:03.765Z INFO  payment-service handled /healthz status=200 latency=8ms
2026-08-03T02:59:04.471Z ERROR payment-service pg pool timeout after 2000ms acquiring connection rid=req-685126461 route=/api/v2/charge
2026-08-03T02:59:04.261Z ERROR payment-service pg pool timeout after 2000ms acquiring connection rid=req-331191390 route=/api/v2/refund
2026-08-03T02:59:05.122Z INFO  payment-service handled /healthz status=200 latency=3ms
2026-08-03T02:59:05.061Z ERROR payment-service upstream gateway returned 502 for /api/v2/refund rid=req-896233790 retry=5
2026-08-03T02:59:06.032Z ERROR payment-service upstream gateway returned 502 for /api/v2/charge rid=req-106977991 retry=4
2026-08-03T02:59:07.809Z INFO  payment-service handled /healthz status=200 latency=6ms
2026-08-03T02:59:07.752Z ERROR payment-service pg pool timeout after 2000ms acquiring connection rid=req-642621108 route=/api/v2/charge
2026-08-03T02:59:07.544Z ERROR payment-service pg pool timeout after 2000ms acquiring connection rid=req-969119330 route=/api/v2/charge
2026-08-03T02:59:08.624Z ERROR payment-service upstream gateway returned 502 for /api/v2/charge rid=req-106977991 retry=4
2026-08-03T02:59:08.837Z ERROR payment-service pg pool timeout after 2000ms acquiring connection rid=req-395310485 route=/api/v2/refund
2026-08-03T02:59:08.074Z ERROR payment-service upstream gateway returned 502 for /api/v2/charge rid=req-553778756 retry=3
2026-08-03T02:59:09.540Z WARN  payment-service retry storm detected: 764 pending retries in queue, backoff disabled by config RETRY_BACKOFF=none
2026-08-03T02:59:09.971Z ERROR payment-service psycopg2.OperationalError: FATAL: sorry, too many clients already
Traceback (most recent call last):
  File "/app/db/pool.py", line 88, in acquire
    conn = await self._pool.acquire(timeout=2.0)
asyncpg.exceptions.TooManyConnectionsError: sorry, too many clients already
2026-08-03T02:59:10.006Z ERROR payment-service pg pool timeout after 2000ms acquiring connection rid=req-106977991 route=/api/v2/refund
2026-08-03T02:59:10.437Z ERROR payment-service upstream gateway returned 502 for /api/v2/charge rid=req-734036506 retry=3
2026-08-03T02:59:10.545Z INFO  payment-service handled /healthz status=200 latency=6ms
2026-08-03T02:59:11.841Z WARN  payment-service retry storm detected: 1088 pending retries in queue, backoff disabled by config RETRY_BACKOFF=none
2026-08-03T02:59:11.211Z ERROR payment-service upstream gateway returned 502 for /api/v2/charge rid=req-685582861 retry=2
2026-08-03T02:59:12.798Z ERROR payment-service pg pool timeout after 2000ms acquiring connection rid=req-398704996 route=/api/v2/charge
2026-08-03T02:59:12.891Z ERROR payment-service pg pool timeout after 2000ms acquiring connection rid=req-395310485 route=/api/v2/refund
2026-08-03T02:59:12.310Z ERROR payment-service pg pool timeout after 2000ms acquiring connection rid=req-193349856 route=/api/v2/charge
2026-08-03T02:59:12.958Z INFO  payment-service handled /healthz status=200 latency=4ms
2026-08-03T02:59:13.027Z ERROR payment-service psycopg2.OperationalError: FATAL: sorry, too many clients already
Traceback (most recent call last):
  File "/app/db/pool.py", line 88, in acquire
    conn = await self._pool.acquire(timeout=2.0)
asyncpg.exceptions.TooManyConnectionsError: sorry, too many clients already
2026-08-03T02:59:13.126Z INFO  payment-service handled /healthz status=200 latency=8ms
2026-08-03T02:59:14.389Z ERROR payment-service upstream gateway returned 502 for /api/v2/refund rid=req-461415646 retry=2
2026-08-03T02:59:14.604Z ERROR payment-service upstream gateway returned 502 for /api/v2/charge rid=req-193349856 retry=4
2026-08-03T02:59:15.166Z ERROR payment-service pg pool timeout after 2000ms acquiring connection rid=req-895285932 route=/api/v2/charge
2026-08-03T02:59:15.767Z ERROR payment-service pg pool timeout after 2000ms acquiring connection rid=req-336696312 route=/api/v2/refund
2026-08-03T02:59:16.368Z ERROR payment-service upstream gateway returned 502 for /api/v2/charge rid=req-362950628 retry=5
2026-08-03T02:59:17.389Z ERROR payment-service upstream gateway returned 502 for /api/v2/refund rid=req-219540831 retry=1
2026-08-03T02:59:17.968Z ERROR payment-service upstream gateway returned 502 for /api/v2/charge rid=req-746412689 retry=3
2026-08-03T02:59:18.234Z ERROR payment-service pg pool timeout after 2000ms acquiring connection rid=req-553778756 route=/api/v2/refund
2026-08-03T02:59:18.896Z ERROR payment-service pg pool timeout after 2000ms acquiring connection rid=req-553778756 route=/api/v2/refund
2026-08-03T02:59:19.747Z INFO  payment-service handled /healthz status=200 latency=5ms
2026-08-03T02:59:19.181Z ERROR payment-service pg pool timeout after 2000ms acquiring connection rid=req-210053353 route=/api/v2/charge
2026-08-03T02:59:20.711Z ERROR payment-service pg pool timeout after 2000ms acquiring connection rid=req-210053353 route=/api/v2/charge
2026-08-03T02:59:20.887Z ERROR payment-service pg pool timeout after 2000ms acquiring connection rid=req-965241839 route=/api/v2/charge
2026-08-03T02:59:21.843Z ERROR payment-service pg pool timeout after 2000ms acquiring connection rid=req-271432881 route=/api/v2/refund
2026-08-03T02:59:21.759Z ERROR payment-service pg pool timeout after 2000ms acquiring connection rid=req-732719211 route=/api/v2/charge
2026-08-03T02:59:22.900Z WARN  payment-service retry storm detected: 673 pending retries in queue, backoff disabled by config RETRY_BACKOFF=none
2026-08-03T02:59:23.030Z ERROR payment-service psycopg2.OperationalError: FATAL: sorry, too many clients already
Traceback (most recent call last):
  File "/app/db/pool.py", line 88, in acquire
    conn = await self._pool.acquire(timeout=2.0)
asyncpg.exceptions.TooManyConnectionsError: sorry, too many clients already
2026-08-03T02:59:23.930Z ERROR payment-service pg pool timeout after 2000ms acquiring connection rid=req-849621470 route=/api/v2/refund
2026-08-03T02:59:24.802Z WARN  payment-service retry storm detected: 329 pending retries in queue, backoff disabled by config RETRY_BACKOFF=none
2026-08-03T02:59:24.752Z ERROR payment-service pg pool timeout after 2000ms acquiring connection rid=req-550455977 route=/api/v2/charge
2026-08-03T02:59:25.552Z INFO  payment-service handled /healthz status=200 latency=1ms
2026-08-03T02:59:25.173Z WARN  payment-service retry storm detected: 837 pending retries in queue, backoff disabled by config RETRY_BACKOFF=none
2026-08-03T02:59:25.429Z ERROR payment-service pg pool timeout after 2000ms acquiring connection rid=req-734036506 route=/api/v2/charge
2026-08-03T02:59:26.425Z ERROR payment-service pg pool timeout after 2000ms acquiring connection rid=req-550455977 route=/api/v2/refund
2026-08-03T02:59:27.318Z ERROR payment-service upstream gateway returned 502 for /api/v2/charge rid=req-965241839 retry=1
2026-08-03T02:59:27.131Z INFO  payment-service handled /healthz status=200 latency=5ms
2026-08-03T02:59:27.766Z ERROR payment-service upstream gateway returned 502 for /api/v2/charge rid=req-550455977 retry=4
2026-08-03T02:59:28.224Z WARN  payment-service retry storm detected: 428 pending retries in queue, backoff disabled by config RETRY_BACKOFF=none
2026-08-03T02:59:29.230Z INFO  payment-service handled /healthz status=200 latency=3ms
2026-08-03T02:59:29.734Z ERROR payment-service psycopg2.OperationalError: FATAL: sorry, too many clients already
Traceback (most recent call last):
  File "/app/db/pool.py", line 88, in acquire
    conn = await self._pool.acquire(timeout=2.0)
asyncpg.exceptions.TooManyConnectionsError: sorry, too many clients already
2026-08-03T02:59:29.255Z INFO  payment-service handled /healthz status=200 latency=2ms
2026-08-03T02:59:30.336Z ERROR payment-service pg pool timeout after 2000ms acquiring connection rid=req-465341213 route=/api/v2/refund
2026-08-03T02:59:30.335Z ERROR payment-service upstream gateway returned 502 for /api/v2/refund rid=req-209747451 retry=2
2026-08-03T02:59:31.754Z WARN  payment-service retry storm detected: 893 pending retries in queue, backoff disabled by config RETRY_BACKOFF=none
2026-08-03T02:59:31.813Z ERROR payment-service pg pool timeout after 2000ms acquiring connection rid=req-702632297 route=/api/v2/charge
2026-08-03T02:59:32.855Z ERROR payment-service pg pool timeout after 2000ms acquiring connection rid=req-210053353 route=/api/v2/charge
2026-08-03T02:59:32.585Z ERROR payment-service pg pool timeout after 2000ms acquiring connection rid=req-349817734 route=/api/v2/charge
2026-08-03T02:59:33.643Z INFO  payment-service handled /healthz status=200 latency=4ms
2026-08-03T02:59:34.462Z INFO  payment-service handled /healthz status=200 latency=7ms
2026-08-03T02:59:34.120Z ERROR payment-service upstream gateway returned 502 for /api/v2/refund rid=req-398704996 retry=4
2026-08-03T02:59:35.946Z WARN  payment-service retry storm detected: 826 pending retries in queue, backoff disabled by config RETRY_BACKOFF=none
2026-08-03T02:59:35.261Z INFO  payment-service handled /healthz status=200 latency=3ms
2026-08-03T02:59:36.467Z INFO  payment-service handled /healthz status=200 latency=9ms
2026-08-03T02:59:36.781Z WARN  payment-service retry storm detected: 650 pending retries in queue, backoff disabled by config RETRY_BACKOFF=none
2026-08-03T02:59:37.657Z ERROR payment-service pg pool timeout after 2000ms acquiring connection rid=req-128492780 route=/api/v2/refund
2026-08-03T02:59:37.849Z ERROR payment-service upstream gateway returned 502 for /api/v2/charge rid=req-734036506 retry=4
2026-08-03T02:59:37.129Z WARN  payment-service retry storm detected: 602 pending retries in queue, backoff disabled by config RETRY_BACKOFF=none
2026-08-03T02:59:38.989Z ERROR payment-service pg pool timeout after 2000ms acquiring connection rid=req-797808098 route=/api/v2/charge
2026-08-03T02:59:38.145Z ERROR payment-service upstream gateway returned 502 for /api/v2/refund rid=req-582334538 retry=2
2026-08-03T02:59:39.751Z ERROR payment-service pg pool timeout after 2000ms acquiring connection rid=req-219540831 route=/api/v2/charge
2026-08-03T02:59:40.537Z ERROR payment-service upstream gateway returned 502 for /api/v2/charge rid=req-106977991 retry=5
2026-08-03T02:59:40.170Z ERROR payment-service upstream gateway returned 502 for /api/v2/charge rid=req-266944844 retry=5
2026-08-03T02:59:40.863Z ERROR payment-service pg pool timeout after 2000ms acquiring connection rid=req-826600539 route=/api/v2/charge
2026-08-03T02:59:41.553Z ERROR payment-service psycopg2.OperationalError: FATAL: sorry, too many clients already
Traceback (most recent call last):
  File "/app/db/pool.py", line 88, in acquire
    conn = await self._pool.acquire(timeout=2.0)
asyncpg.exceptions.TooManyConnectionsError: sorry, too many clients already
2026-08-03T02:59:42.207Z WARN  payment-service retry storm detected: 1178 pending retries in queue, backoff disabled by config RETRY_BACKOFF=none
2026-08-03T02:59:42.303Z INFO  payment-service handled /healthz status=200 latency=7ms
2026-08-03T02:59:42.329Z ERROR payment-service upstream gateway returned 502 for /api/v2/refund rid=req-550455977 retry=4
2026-08-03T02:59:43.076Z INFO  payment-service handled /healthz status=200 latency=1ms
2026-08-03T02:59:43.213Z WARN  payment-service retry storm detected: 619 pending retries in queue, backoff disabled by config RETRY_BACKOFF=none
2026-08-03T02:59:44.060Z WARN  payment-service retry storm detected: 368 pending retries in queue, backoff disabled by config RETRY_BACKOFF=none
2026-08-03T02:59:44.782Z ERROR payment-service pg pool timeout after 2000ms acquiring connection rid=req-550455977 route=/api/v2/charge
2026-08-03T02:59:45.400Z INFO  payment-service handled /healthz status=200 latency=4ms
2026-08-03T02:59:46.605Z WARN  payment-service retry storm detected: 700 pending retries in queue, backoff disabled by config RETRY_BACKOFF=none
2026-08-03T02:59:46.231Z INFO  payment-service handled /healthz status=200 latency=2ms
2026-08-03T02:59:47.743Z ERROR payment-service pg pool timeout after 2000ms acquiring connection rid=req-313500298 route=/api/v2/charge
2026-08-03T02:59:47.210Z INFO  payment-service handled /healthz status=200 latency=3ms
2026-08-03T02:59:48.335Z WARN  payment-service retry storm detected: 1078 pending retries in queue, backoff disabled by config RETRY_BACKOFF=none
2026-08-03T02:59:48.790Z ERROR payment-service pg pool timeout after 2000ms acquiring connection rid=req-334760738 route=/api/v2/charge
2026-08-03T02:59:48.554Z ERROR payment-service upstream gateway returned 502 for /api/v2/refund rid=req-334760738 retry=1
2026-08-03T02:59:49.896Z ERROR payment-service upstream gateway returned 502 for /api/v2/charge rid=req-209747451 retry=3
2026-08-03T02:59:49.858Z INFO  payment-service handled /healthz status=200 latency=7ms
2026-08-03T02:59:50.599Z ERROR payment-service pg pool timeout after 2000ms acquiring connection rid=req-685126461 route=/api/v2/refund
2026-08-03T02:59:50.886Z ERROR payment-service psycopg2.OperationalError: FATAL: sorry, too many clients already
Traceback (most recent call last):
  File "/app/db/pool.py", line 88, in acquire
    conn = await self._pool.acquire(timeout=2.0)
asyncpg.exceptions.TooManyConnectionsError: sorry, too many clients already
2026-08-03T02:59:51.230Z ERROR payment-service psycopg2.OperationalError: FATAL: sorry, too many clients already
Traceback (most recent call last):
  File "/app/db/pool.py", line 88, in acquire
    conn = await self._pool.acquire(timeout=2.0)
asyncpg.exceptions.TooManyConnectionsError: sorry, too many clients already
2026-08-03T02:59:51.247Z ERROR payment-service pg pool timeout after 2000ms acquiring connection rid=req-919795579 route=/api/v2/refund
2026-08-03T02:59:52.718Z WARN  payment-service retry storm detected: 1156 pending retries in queue, backoff disabled by config RETRY_BACKOFF=none
2026-08-03T02:59:53.862Z ERROR payment-service upstream gateway returned 502 for /api/v2/charge rid=req-199585092 retry=3
2026-08-03T02:59:53.429Z ERROR payment-service pg pool timeout after 2000ms acquiring connection rid=req-134126396 route=/api/v2/refund
2026-08-03T02:59:54.013Z ERROR payment-service pg pool timeout after 2000ms acquiring connection rid=req-746412689 route=/api/v2/charge
2026-08-03T02:59:54.599Z INFO  payment-service handled /healthz status=200 latency=4ms
2026-08-03T02:59:55.272Z WARN  payment-service retry storm detected: 981 pending retries in queue, backoff disabled by config RETRY_BACKOFF=none
2026-08-03T02:59:55.725Z ERROR payment-service psycopg2.OperationalError: FATAL: sorry, too many clients already
Traceback (most recent call last):
  File "/app/db/pool.py", line 88, in acquire
    conn = await self._pool.acquire(timeout=2.0)
asyncpg.exceptions.TooManyConnectionsError: sorry, too many clients already
2026-08-03T02:59:55.384Z WARN  payment-service retry storm detected: 879 pending retries in queue, backoff disabled by config RETRY_BACKOFF=none
2026-08-03T02:59:56.043Z INFO  payment-service handled /healthz status=200 latency=7ms
2026-08-03T02:59:56.658Z WARN  payment-service retry storm detected: 1112 pending retries in queue, backoff disabled by config RETRY_BACKOFF=none
2026-08-03T02:59:57.989Z WARN  payment-service retry storm detected: 420 pending retries in queue, backoff disabled by config RETRY_BACKOFF=none
2026-08-03T02:59:58.355Z ERROR payment-service upstream gateway returned 502 for /api/v2/refund rid=req-313500298 retry=1
2026-08-03T02:59:58.038Z ERROR payment-service upstream gateway returned 502 for /api/v2/refund rid=req-106977991 retry=5
2026-08-03T02:59:59.685Z INFO  payment-service handled /healthz status=200 latency=7ms
2026-08-03T03:00:00.645Z ERROR payment-service pg pool timeout after 2000ms acquiring connection rid=req-895285932 route=/api/v2/charge
2026-08-03T03:00:00.746Z ERROR payment-service pg pool timeout after 2000ms acquiring connection rid=req-868820204 route=/api/v2/charge
2026-08-03T03:00:01.838Z INFO  payment-service handled /healthz status=200 latency=6ms
2026-08-03T03:00:01.802Z ERROR payment-service upstream gateway returned 502 for /api/v2/charge rid=req-131994523 retry=4
2026-08-03T03:00:02.214Z ERROR payment-service upstream gateway returned 502 for /api/v2/refund rid=req-199585092 retry=2
2026-08-03T03:00:02.758Z INFO  payment-service handled /healthz status=200 latency=6ms
2026-08-03T03:00:02.877Z ERROR payment-service pg pool timeout after 2000ms acquiring connection rid=req-895285932 route=/api/v2/refund
2026-08-03T03:00:03.103Z ERROR payment-service upstream gateway returned 502 for /api/v2/charge rid=req-349817734 retry=3
2026-08-03T03:00:03.636Z ERROR payment-service pg pool timeout after 2000ms acquiring connection rid=req-313500298 route=/api/v2/refund
2026-08-03T03:00:04.271Z ERROR payment-service pg pool timeout after 2000ms acquiring connection rid=req-702632297 route=/api/v2/charge
2026-08-03T03:00:04.772Z ERROR payment-service upstream gateway returned 502 for /api/v2/refund rid=req-853041955 retry=3
2026-08-03T03:00:05.194Z ERROR payment-service pg pool timeout after 2000ms acquiring connection rid=req-219540831 route=/api/v2/charge
2026-08-03T03:00:05.303Z INFO  payment-service handled /healthz status=200 latency=9ms
2026-08-03T03:00:06.203Z ERROR payment-service upstream gateway returned 502 for /api/v2/refund rid=req-271432881 retry=1
2026-08-03T03:00:06.936Z ERROR payment-service psycopg2.OperationalError: FATAL: sorry, too many clients already
Traceback (most recent call last):
  File "/app/db/pool.py", line 88, in acquire
    conn = await self._pool.acquire(timeout=2.0)
asyncpg.exceptions.TooManyConnectionsError: sorry, too many clients already
2026-08-03T03:00:07.545Z ERROR payment-service upstream gateway returned 502 for /api/v2/refund rid=req-210053353 retry=3
2026-08-03T03:00:07.865Z ERROR payment-service pg pool timeout after 2000ms acquiring connection rid=req-702632297 route=/api/v2/charge
2026-08-03T03:00:08.628Z INFO  payment-service handled /healthz status=200 latency=5ms
2026-08-03T03:00:08.845Z ERROR payment-service pg pool timeout after 2000ms acquiring connection rid=req-734036506 route=/api/v2/refund
2026-08-03T03:00:08.229Z ERROR payment-service upstream gateway returned 502 for /api/v2/refund rid=req-219540831 retry=4
2026-08-03T03:00:09.896Z INFO  payment-service handled /healthz status=200 latency=4ms
2026-08-03T03:00:09.148Z WARN  payment-service retry storm detected: 521 pending retries in queue, backoff disabled by config RETRY_BACKOFF=none
2026-08-03T03:00:09.858Z ERROR payment-service pg pool timeout after 2000ms acquiring connection rid=req-219540831 route=/api/v2/refund
2026-08-03T03:00:10.196Z WARN  payment-service retry storm detected: 881 pending retries in queue, backoff disabled by config RETRY_BACKOFF=none
2026-08-03T03:00:10.642Z INFO  payment-service handled /healthz status=200 latency=7ms
2026-08-03T03:00:11.764Z INFO  payment-service handled /healthz status=200 latency=7ms
2026-08-03T03:00:11.372Z ERROR payment-service psycopg2.OperationalError: FATAL: sorry, too many clients already
Traceback (most recent call last):
  File "/app/db/pool.py", line 88, in acquire
    conn = await self._pool.acquire(timeout=2.0)
asyncpg.exceptions.TooManyConnectionsError: sorry, too many clients already
2026-08-03T03:00:12.921Z ERROR payment-service pg pool timeout after 2000ms acquiring connection rid=req-128492780 route=/api/v2/refund
2026-08-03T03:00:12.078Z ERROR payment-service pg pool timeout after 2000ms acquiring connection rid=req-398704996 route=/api/v2/refund
2026-08-03T03:00:13.814Z ERROR payment-service pg pool timeout after 2000ms acquiring connection rid=req-266944844 route=/api/v2/charge
2026-08-03T03:00:14.548Z ERROR payment-service pg pool timeout after 2000ms acquiring connection rid=req-582334538 route=/api/v2/refund
2026-08-03T03:00:14.737Z INFO  payment-service handled /healthz status=200 latency=4ms
2026-08-03T03:00:14.999Z ERROR payment-service psycopg2.OperationalError: FATAL: sorry, too many clients already
Traceback (most recent call last):
  File "/app/db/pool.py", line 88, in acquire
    conn = await self._pool.acquire(timeout=2.0)
asyncpg.exceptions.TooManyConnectionsError: sorry, too many clients already
2026-08-03T03:00:15.275Z INFO  payment-service handled /healthz status=200 latency=8ms
2026-08-03T03:00:15.509Z ERROR payment-service pg pool timeout after 2000ms acquiring connection rid=req-271432881 route=/api/v2/refund
2026-08-03T03:00:16.573Z ERROR payment-service pg pool timeout after 2000ms acquiring connection rid=req-826600539 route=/api/v2/charge
2026-08-03T03:00:16.488Z WARN  payment-service retry storm detected: 655 pending retries in queue, backoff disabled by config RETRY_BACKOFF=none
2026-08-03T03:00:17.066Z ERROR payment-service pg pool timeout after 2000ms acquiring connection rid=req-398362082 route=/api/v2/refund
2026-08-03T03:00:18.730Z ERROR payment-service pg pool timeout after 2000ms acquiring connection rid=req-134126396 route=/api/v2/charge
2026-08-03T03:00:18.677Z ERROR payment-service upstream gateway returned 502 for /api/v2/charge rid=req-313500298 retry=2
2026-08-03T03:00:19.583Z ERROR payment-service upstream gateway returned 502 for /api/v2/refund rid=req-642621108 retry=2
2026-08-03T03:00:19.697Z ERROR payment-service upstream gateway returned 502 for /api/v2/refund rid=req-210053353 retry=5
2026-08-03T03:00:20.729Z INFO  payment-service handled /healthz status=200 latency=1ms
2026-08-03T03:00:21.072Z WARN  payment-service retry storm detected: 1093 pending retries in queue, backoff disabled by config RETRY_BACKOFF=none
2026-08-03T03:00:21.254Z ERROR payment-service upstream gateway returned 502 for /api/v2/charge rid=req-919795579 retry=2
2026-08-03T03:00:22.183Z ERROR payment-service psycopg2.OperationalError: FATAL: sorry, too many clients already
Traceback (most recent call last):
  File "/app/db/pool.py", line 88, in acquire
    conn = await self._pool.acquire(timeout=2.0)
asyncpg.exceptions.TooManyConnectionsError: sorry, too many clients already
2026-08-03T03:00:23.339Z ERROR payment-service pg pool timeout after 2000ms acquiring connection rid=req-336696312 route=/api/v2/charge
2026-08-03T03:00:23.824Z INFO  payment-service handled /healthz status=200 latency=7ms
2026-08-03T03:00:23.867Z WARN  payment-service retry storm detected: 441 pending retries in queue, backoff disabled by config RETRY_BACKOFF=none
2026-08-03T03:00:23.724Z ERROR payment-service pg pool timeout after 2000ms acquiring connection rid=req-746412689 route=/api/v2/charge
2026-08-03T03:00:24.266Z ERROR payment-service pg pool timeout after 2000ms acquiring connection rid=req-362950628 route=/api/v2/charge
2026-08-03T03:00:24.347Z ERROR payment-service pg pool timeout after 2000ms acquiring connection rid=req-553778756 route=/api/v2/charge
2026-08-03T03:00:25.900Z ERROR payment-service pg pool timeout after 2000ms acquiring connection rid=req-134126396 route=/api/v2/charge
2026-08-03T03:00:25.699Z INFO  payment-service handled /healthz status=200 latency=1ms
2026-08-03T03:00:25.004Z ERROR payment-service pg pool timeout after 2000ms acquiring connection rid=req-732719211 route=/api/v2/charge
2026-08-03T03:00:26.879Z ERROR payment-service pg pool timeout after 2000ms acquiring connection rid=req-106977991 route=/api/v2/refund
2026-08-03T03:00:26.186Z ERROR payment-service pg pool timeout after 2000ms acquiring connection rid=req-849621470 route=/api/v2/refund
2026-08-03T03:00:26.893Z INFO  payment-service handled /healthz status=200 latency=2ms
2026-08-03T03:00:27.912Z ERROR payment-service pg pool timeout after 2000ms acquiring connection rid=req-128492780 route=/api/v2/charge
2026-08-03T03:00:27.519Z INFO  payment-service handled /healthz status=200 latency=3ms
2026-08-03T03:00:28.637Z INFO  payment-service handled /healthz status=200 latency=1ms
2026-08-03T03:00:28.110Z ERROR payment-service upstream gateway returned 502 for /api/v2/charge rid=req-334760738 retry=3
2026-08-03T03:00:28.921Z ERROR payment-service pg pool timeout after 2000ms acquiring connection rid=req-732719211 route=/api/v2/charge
2026-08-03T03:00:28.960Z ERROR payment-service pg pool timeout after 2000ms acquiring connection rid=req-210053353 route=/api/v2/refund
2026-08-03T03:00:29.398Z WARN  payment-service retry storm detected: 1151 pending retries in queue, backoff disabled by config RETRY_BACKOFF=none
2026-08-03T03:00:29.067Z INFO  payment-service handled /healthz status=200 latency=9ms
2026-08-03T03:00:30.813Z ERROR payment-service upstream gateway returned 502 for /api/v2/charge rid=req-336696312 retry=2
2026-08-03T03:00:30.101Z ERROR payment-service upstream gateway returned 502 for /api/v2/refund rid=req-465341213 retry=5
2026-08-03T03:00:31.933Z ERROR payment-service pg pool timeout after 2000ms acquiring connection rid=req-553778756 route=/api/v2/refund
2026-08-03T03:00:31.534Z WARN  payment-service retry storm detected: 844 pending retries in queue, backoff disabled by config RETRY_BACKOFF=none
2026-08-03T03:00:32.138Z ERROR payment-service upstream gateway returned 502 for /api/v2/charge rid=req-200604502 retry=3
2026-08-03T03:00:32.413Z ERROR payment-service pg pool timeout after 2000ms acquiring connection rid=req-849621470 route=/api/v2/refund
2026-08-03T03:00:32.106Z ERROR payment-service pg pool timeout after 2000ms acquiring connection rid=req-219540831 route=/api/v2/refund
2026-08-03T03:00:33.805Z ERROR payment-service upstream gateway returned 502 for /api/v2/refund rid=req-334760738 retry=4
2026-08-03T03:00:33.715Z ERROR payment-service psycopg2.OperationalError: FATAL: sorry, too many clients already
Traceback (most recent call last):
  File "/app/db/pool.py", line 88, in acquire
    conn = await self._pool.acquire(timeout=2.0)
asyncpg.exceptions.TooManyConnectionsError: sorry, too many clients already
2026-08-03T03:00:34.969Z INFO  payment-service handled /healthz status=200 latency=4ms
2026-08-03T03:00:34.177Z INFO  payment-service handled /healthz status=200 latency=9ms
2026-08-03T03:00:34.547Z ERROR payment-service psycopg2.OperationalError: FATAL: sorry, too many clients already
Traceback (most recent call last):
  File "/app/db/pool.py", line 88, in acquire
    conn = await self._pool.acquire(timeout=2.0)
asyncpg.exceptions.TooManyConnectionsError: sorry, too many clients already
2026-08-03T03:00:34.192Z INFO  payment-service handled /healthz status=200 latency=7ms
2026-08-03T03:00:35.536Z ERROR payment-service upstream gateway returned 502 for /api/v2/refund rid=req-461415646 retry=5
2026-08-03T03:00:35.468Z ERROR payment-service upstream gateway returned 502 for /api/v2/charge rid=req-193349856 retry=1
2026-08-03T03:00:36.074Z INFO  payment-service handled /healthz status=200 latency=6ms
2026-08-03T03:00:37.210Z ERROR payment-service upstream gateway returned 502 for /api/v2/charge rid=req-126855092 retry=4
2026-08-03T03:00:37.926Z ERROR payment-service pg pool timeout after 2000ms acquiring connection rid=req-200604502 route=/api/v2/charge
2026-08-03T03:00:38.181Z INFO  payment-service handled /healthz status=200 latency=6ms
2026-08-03T03:00:39.939Z INFO  payment-service handled /healthz status=200 latency=6ms
2026-08-03T03:00:39.636Z ERROR payment-service pg pool timeout after 2000ms acquiring connection rid=req-210053353 route=/api/v2/charge
2026-08-03T03:00:40.696Z INFO  payment-service handled /healthz status=200 latency=7ms
2026-08-03T03:00:40.209Z INFO  payment-service handled /healthz status=200 latency=5ms
2026-08-03T03:00:41.419Z WARN  payment-service retry storm detected: 579 pending retries in queue, backoff disabled by config RETRY_BACKOFF=none
2026-08-03T03:00:42.862Z ERROR payment-service upstream gateway returned 502 for /api/v2/refund rid=req-702632297 retry=3
2026-08-03T03:00:42.259Z INFO  payment-service handled /healthz status=200 latency=8ms
2026-08-03T03:00:43.042Z WARN  payment-service retry storm detected: 704 pending retries in queue, backoff disabled by config RETRY_BACKOFF=none
2026-08-03T03:00:43.118Z ERROR payment-service upstream gateway returned 502 for /api/v2/charge rid=req-395310485 retry=1
2026-08-03T03:00:44.068Z ERROR payment-service psycopg2.OperationalError: FATAL: sorry, too many clients already
Traceback (most recent call last):
  File "/app/db/pool.py", line 88, in acquire
    conn = await self._pool.acquire(timeout=2.0)
asyncpg.exceptions.TooManyConnectionsError: sorry, too many clients already
2026-08-03T03:00:44.978Z ERROR payment-service pg pool timeout after 2000ms acquiring connection rid=req-461415646 route=/api/v2/refund
2026-08-03T03:00:44.291Z INFO  payment-service handled /healthz status=200 latency=7ms
2026-08-03T03:00:45.111Z ERROR payment-service pg pool timeout after 2000ms acquiring connection rid=req-106977991 route=/api/v2/refund
2026-08-03T03:00:46.866Z ERROR payment-service upstream gateway returned 502 for /api/v2/charge rid=req-362950628 retry=5
2026-08-03T03:00:46.490Z ERROR payment-service pg pool timeout after 2000ms acquiring connection rid=req-126855092 route=/api/v2/refund
2026-08-03T03:00:46.085Z ERROR payment-service pg pool timeout after 2000ms acquiring connection rid=req-702632297 route=/api/v2/charge
2026-08-03T03:00:47.446Z INFO  payment-service handled /healthz status=200 latency=4ms
2026-08-03T03:00:47.787Z ERROR payment-service upstream gateway returned 502 for /api/v2/charge rid=req-853041955 retry=5
2026-08-03T03:00:48.786Z INFO  payment-service handled /healthz status=200 latency=4ms
2026-08-03T03:00:48.971Z ERROR payment-service pg pool timeout after 2000ms acquiring connection rid=req-106977991 route=/api/v2/charge
2026-08-03T03:00:48.943Z INFO  payment-service handled /healthz status=200 latency=5ms
2026-08-03T03:00:48.156Z ERROR payment-service upstream gateway returned 502 for /api/v2/charge rid=req-313500298 retry=4
2026-08-03T03:00:49.343Z ERROR payment-service upstream gateway returned 502 for /api/v2/charge rid=req-895285932 retry=2
2026-08-03T03:00:50.616Z ERROR payment-service upstream gateway returned 502 for /api/v2/refund rid=req-395310485 retry=2
2026-08-03T03:00:50.560Z WARN  payment-service retry storm detected: 446 pending retries in queue, backoff disabled by config RETRY_BACKOFF=none
2026-08-03T03:00:51.419Z ERROR payment-service pg pool timeout after 2000ms acquiring connection rid=req-398362082 route=/api/v2/charge
2026-08-03T03:00:51.741Z ERROR payment-service pg pool timeout after 2000ms acquiring connection rid=req-919795579 route=/api/v2/charge
2026-08-03T03:00:52.006Z ERROR payment-service upstream gateway returned 502 for /api/v2/charge rid=req-339670711 retry=2
2026-08-03T03:00:52.396Z WARN  payment-service retry storm detected: 1133 pending retries in queue, backoff disabled by config RETRY_BACKOFF=none
2026-08-03T03:00:53.577Z ERROR payment-service pg pool timeout after 2000ms acquiring connection rid=req-734036506 route=/api/v2/charge
2026-08-03T03:00:53.289Z ERROR payment-service pg pool timeout after 2000ms acquiring connection rid=req-550455977 route=/api/v2/refund
2026-08-03T03:00:54.627Z ERROR payment-service upstream gateway returned 502 for /api/v2/charge rid=req-398362082 retry=4
2026-08-03T03:00:54.490Z INFO  payment-service handled /healthz status=200 latency=8ms
2026-08-03T03:00:55.229Z ERROR payment-service pg pool timeout after 2000ms acquiring connection rid=req-398704996 route=/api/v2/refund
2026-08-03T03:00:55.986Z WARN  payment-service retry storm detected: 478 pending retries in queue, backoff disabled by config RETRY_BACKOFF=none
2026-08-03T03:00:56.376Z INFO  payment-service handled /healthz status=200 latency=3ms
2026-08-03T03:00:57.470Z ERROR payment-service upstream gateway returned 502 for /api/v2/refund rid=req-210053353 retry=1
2026-08-03T03:00:57.411Z INFO  payment-service handled /healthz status=200 latency=4ms
2026-08-03T03:00:57.964Z WARN  payment-service retry storm detected: 513 pending retries in queue, backoff disabled by config RETRY_BACKOFF=none
2026-08-03T03:00:58.751Z INFO  payment-service handled /healthz status=200 latency=8ms
2026-08-03T03:00:58.372Z INFO  payment-service handled /healthz status=200 latency=8ms
2026-08-03T03:00:58.740Z WARN  payment-service retry storm detected: 436 pending retries in queue, backoff disabled by config RETRY_BACKOFF=none
2026-08-03T03:00:59.582Z ERROR payment-service pg pool timeout after 2000ms acquiring connection rid=req-331191390 route=/api/v2/charge
2026-08-03T03:00:59.921Z INFO  payment-service handled /healthz status=200 latency=6ms
2026-08-03T03:00:59.383Z INFO  payment-service handled /healthz status=200 latency=7ms
2026-08-03T03:01:00.111Z ERROR payment-service pg pool timeout after 2000ms acquiring connection rid=req-210053353 route=/api/v2/refund
2026-08-03T03:01:01.222Z ERROR payment-service upstream gateway returned 502 for /api/v2/refund rid=req-896233790 retry=2
2026-08-03T03:01:01.959Z INFO  payment-service handled /healthz status=200 latency=7ms
2026-08-03T03:01:01.710Z ERROR payment-service pg pool timeout after 2000ms acquiring connection rid=req-853041955 route=/api/v2/charge
2026-08-03T03:01:02.279Z WARN  payment-service retry storm detected: 476 pending retries in queue, backoff disabled by config RETRY_BACKOFF=none
2026-08-03T03:01:02.159Z WARN  payment-service retry storm detected: 1087 pending retries in queue, backoff disabled by config RETRY_BACKOFF=none
2026-08-03T03:01:03.202Z WARN  payment-service retry storm detected: 1120 pending retries in queue, backoff disabled by config RETRY_BACKOFF=none
2026-08-03T03:01:03.780Z ERROR payment-service pg pool timeout after 2000ms acquiring connection rid=req-553035110 route=/api/v2/charge
2026-08-03T03:01:04.692Z ERROR payment-service pg pool timeout after 2000ms acquiring connection rid=req-209747451 route=/api/v2/charge
2026-08-03T03:01:04.942Z ERROR payment-service pg pool timeout after 2000ms acquiring connection rid=req-219540831 route=/api/v2/charge
2026-08-03T03:01:05.953Z ERROR payment-service pg pool timeout after 2000ms acquiring connection rid=req-362950628 route=/api/v2/refund
2026-08-03T03:01:05.314Z ERROR payment-service pg pool timeout after 2000ms acquiring connection rid=req-210053353 route=/api/v2/charge
2026-08-03T03:01:06.486Z ERROR payment-service upstream gateway returned 502 for /api/v2/refund rid=req-914763202 retry=4
2026-08-03T03:01:06.821Z ERROR payment-service pg pool timeout after 2000ms acquiring connection rid=req-334760738 route=/api/v2/charge
2026-08-03T03:01:07.167Z INFO  payment-service handled /healthz status=200 latency=3ms
2026-08-03T03:01:07.565Z ERROR payment-service upstream gateway returned 502 for /api/v2/refund rid=req-826600539 retry=5
2026-08-03T03:01:08.706Z WARN  payment-service retry storm detected: 587 pending retries in queue, backoff disabled by config RETRY_BACKOFF=none
2026-08-03T03:01:09.931Z ERROR payment-service pg pool timeout after 2000ms acquiring connection rid=req-249827706 route=/api/v2/charge
2026-08-03T03:01:09.138Z ERROR payment-service psycopg2.OperationalError: FATAL: sorry, too many clients already
Traceback (most recent call last):
  File "/app/db/pool.py", line 88, in acquire
    conn = await self._pool.acquire(timeout=2.0)
asyncpg.exceptions.TooManyConnectionsError: sorry, too many clients already
2026-08-03T03:01:10.600Z ERROR payment-service upstream gateway returned 502 for /api/v2/refund rid=req-826600539 retry=1
2026-08-03T03:01:10.598Z INFO  payment-service handled /healthz status=200 latency=8ms
2026-08-03T03:01:11.352Z ERROR payment-service upstream gateway returned 502 for /api/v2/charge rid=req-336696312 retry=5
2026-08-03T03:01:12.070Z INFO  payment-service handled /healthz status=200 latency=6ms
2026-08-03T03:01:12.403Z WARN  payment-service retry storm detected: 993 pending retries in queue, backoff disabled by config RETRY_BACKOFF=none
2026-08-03T03:01:13.984Z ERROR payment-service pg pool timeout after 2000ms acquiring connection rid=req-465341213 route=/api/v2/charge
2026-08-03T03:01:13.617Z ERROR payment-service pg pool timeout after 2000ms acquiring connection rid=req-362950628 route=/api/v2/refund
2026-08-03T03:01:14.871Z ERROR payment-service upstream gateway returned 502 for /api/v2/refund rid=req-826600539 retry=3
2026-08-03T03:01:14.927Z ERROR payment-service upstream gateway returned 502 for /api/v2/charge rid=req-336696312 retry=3
2026-08-03T03:01:14.313Z WARN  payment-service retry storm detected: 1017 pending retries in queue, backoff disabled by config RETRY_BACKOFF=none
2026-08-03T03:01:15.041Z INFO  payment-service handled /healthz status=200 latency=6ms
2026-08-03T03:01:15.675Z INFO  payment-service handled /healthz status=200 latency=8ms
2026-08-03T03:01:15.892Z WARN  payment-service retry storm detected: 433 pending retries in queue, backoff disabled by config RETRY_BACKOFF=none
2026-08-03T03:01:16.587Z WARN  payment-service retry storm detected: 1052 pending retries in queue, backoff disabled by config RETRY_BACKOFF=none
2026-08-03T03:01:16.036Z ERROR payment-service upstream gateway returned 502 for /api/v2/refund rid=req-702632297 retry=4
2026-08-03T03:01:17.375Z ERROR payment-service pg pool timeout after 2000ms acquiring connection rid=req-702632297 route=/api/v2/refund
2026-08-03T03:01:17.416Z INFO  payment-service handled /healthz status=200 latency=7ms
2026-08-03T03:01:18.565Z ERROR payment-service pg pool timeout after 2000ms acquiring connection rid=req-746412689 route=/api/v2/refund
2026-08-03T03:01:18.940Z ERROR payment-service pg pool timeout after 2000ms acquiring connection rid=req-362950628 route=/api/v2/refund
2026-08-03T03:01:19.882Z INFO  payment-service handled /healthz status=200 latency=6ms
2026-08-03T03:01:19.248Z ERROR payment-service pg pool timeout after 2000ms acquiring connection rid=req-890779946 route=/api/v2/charge
2026-08-03T03:01:19.797Z ERROR payment-service upstream gateway returned 502 for /api/v2/charge rid=req-106977991 retry=2
2026-08-03T03:01:19.754Z ERROR payment-service pg pool timeout after 2000ms acquiring connection rid=req-919795579 route=/api/v2/charge
2026-08-03T03:01:20.159Z INFO  payment-service handled /healthz status=200 latency=2ms
2026-08-03T03:01:21.646Z INFO  payment-service handled /healthz status=200 latency=8ms
2026-08-03T03:01:21.108Z ERROR payment-service psycopg2.OperationalError: FATAL: sorry, too many clients already
Traceback (most recent call last):
  File "/app/db/pool.py", line 88, in acquire
    conn = await self._pool.acquire(timeout=2.0)
asyncpg.exceptions.TooManyConnectionsError: sorry, too many clients already
2026-08-03T03:01:22.940Z ERROR payment-service pg pool timeout after 2000ms acquiring connection rid=req-890779946 route=/api/v2/charge
2026-08-03T03:01:22.003Z ERROR payment-service pg pool timeout after 2000ms acquiring connection rid=req-362950628 route=/api/v2/charge
2026-08-03T03:01:23.051Z WARN  payment-service retry storm detected: 515 pending retries in queue, backoff disabled by config RETRY_BACKOFF=none
2026-08-03T03:01:23.725Z ERROR payment-service upstream gateway returned 502 for /api/v2/charge rid=req-550455977 retry=2
2026-08-03T03:01:24.480Z WARN  payment-service retry storm detected: 490 pending retries in queue, backoff disabled by config RETRY_BACKOFF=none
2026-08-03T03:01:25.881Z WARN  payment-service retry storm detected: 1185 pending retries in queue, backoff disabled by config RETRY_BACKOFF=none
2026-08-03T03:01:25.180Z ERROR payment-service pg pool timeout after 2000ms acquiring connection rid=req-786579303 route=/api/v2/charge
2026-08-03T03:01:25.716Z ERROR payment-service pg pool timeout after 2000ms acquiring connection rid=req-398704996 route=/api/v2/charge
2026-08-03T03:01:26.192Z ERROR payment-service psycopg2.OperationalError: FATAL: sorry, too many clients already
Traceback (most recent call last):
  File "/app/db/pool.py", line 88, in acquire
    conn = await self._pool.acquire(timeout=2.0)
asyncpg.exceptions.TooManyConnectionsError: sorry, too many clients already
2026-08-03T03:01:26.404Z ERROR payment-service pg pool timeout after 2000ms acquiring connection rid=req-734036506 route=/api/v2/charge
2026-08-03T03:01:26.422Z WARN  payment-service retry storm detected: 915 pending retries in queue, backoff disabled by config RETRY_BACKOFF=none
2026-08-03T03:01:27.844Z ERROR payment-service pg pool timeout after 2000ms acquiring connection rid=req-797808098 route=/api/v2/refund
2026-08-03T03:01:27.288Z ERROR payment-service pg pool timeout after 2000ms acquiring connection rid=req-786579303 route=/api/v2/refund
2026-08-03T03:01:28.352Z ERROR payment-service pg pool timeout after 2000ms acquiring connection rid=req-395310485 route=/api/v2/refund
2026-08-03T03:01:29.081Z ERROR payment-service pg pool timeout after 2000ms acquiring connection rid=req-209747451 route=/api/v2/refund
2026-08-03T03:01:29.012Z INFO  payment-service handled /healthz status=200 latency=8ms
2026-08-03T03:01:30.602Z WARN  payment-service retry storm detected: 626 pending retries in queue, backoff disabled by config RETRY_BACKOFF=none
2026-08-03T03:01:31.582Z INFO  payment-service handled /healthz status=200 latency=2ms
2026-08-03T03:01:31.366Z INFO  payment-service handled /healthz status=200 latency=8ms
2026-08-03T03:01:31.320Z ERROR payment-service upstream gateway returned 502 for /api/v2/refund rid=req-334760738 retry=4
2026-08-03T03:01:32.233Z ERROR payment-service psycopg2.OperationalError: FATAL: sorry, too many clients already
Traceback (most recent call last):
  File "/app/db/pool.py", line 88, in acquire
    conn = await self._pool.acquire(timeout=2.0)
asyncpg.exceptions.TooManyConnectionsError: sorry, too many clients already
2026-08-03T03:01:32.476Z ERROR payment-service pg pool timeout after 2000ms acquiring connection rid=req-746412689 route=/api/v2/refund
2026-08-03T03:01:33.889Z ERROR payment-service pg pool timeout after 2000ms acquiring connection rid=req-313500298 route=/api/v2/refund
2026-08-03T03:01:34.429Z ERROR payment-service upstream gateway returned 502 for /api/v2/charge rid=req-461415646 retry=4
2026-08-03T03:01:35.390Z INFO  payment-service handled /healthz status=200 latency=6ms
2026-08-03T03:01:35.374Z WARN  payment-service retry storm detected: 709 pending retries in queue, backoff disabled by config RETRY_BACKOFF=none
2026-08-03T03:01:36.677Z ERROR payment-service psycopg2.OperationalError: FATAL: sorry, too many clients already
Traceback (most recent call last):
  File "/app/db/pool.py", line 88, in acquire
    conn = await self._pool.acquire(timeout=2.0)
asyncpg.exceptions.TooManyConnectionsError: sorry, too many clients already
2026-08-03T03:01:36.097Z ERROR payment-service pg pool timeout after 2000ms acquiring connection rid=req-895285932 route=/api/v2/charge
2026-08-03T03:01:36.022Z ERROR payment-service upstream gateway returned 502 for /api/v2/refund rid=req-642621108 retry=2
2026-08-03T03:01:37.233Z ERROR payment-service pg pool timeout after 2000ms acquiring connection rid=req-969119330 route=/api/v2/refund
2026-08-03T03:01:37.443Z WARN  payment-service retry storm detected: 811 pending retries in queue, backoff disabled by config RETRY_BACKOFF=none
2026-08-03T03:01:37.992Z INFO  payment-service handled /healthz status=200 latency=8ms
2026-08-03T03:01:38.722Z ERROR payment-service upstream gateway returned 502 for /api/v2/charge rid=req-395310485 retry=3
2026-08-03T03:01:38.822Z ERROR payment-service pg pool timeout after 2000ms acquiring connection rid=req-553035110 route=/api/v2/refund
2026-08-03T03:01:39.346Z ERROR payment-service upstream gateway returned 502 for /api/v2/refund rid=req-849621470 retry=2
2026-08-03T03:01:39.626Z WARN  payment-service retry storm detected: 739 pending retries in queue, backoff disabled by config RETRY_BACKOFF=none
2026-08-03T03:01:39.742Z ERROR payment-service pg pool timeout after 2000ms acquiring connection rid=req-200604502 route=/api/v2/refund
2026-08-03T03:01:40.378Z WARN  payment-service retry storm detected: 431 pending retries in queue, backoff disabled by config RETRY_BACKOFF=none
2026-08-03T03:01:40.427Z ERROR payment-service upstream gateway returned 502 for /api/v2/charge rid=req-853041955 retry=3
2026-08-03T03:01:41.931Z INFO  payment-service handled /healthz status=200 latency=4ms
2026-08-03T03:01:41.568Z ERROR payment-service pg pool timeout after 2000ms acquiring connection rid=req-550455977 route=/api/v2/refund
2026-08-03T03:01:42.715Z ERROR payment-service psycopg2.OperationalError: FATAL: sorry, too many clients already
Traceback (most recent call last):
  File "/app/db/pool.py", line 88, in acquire
    conn = await self._pool.acquire(timeout=2.0)
asyncpg.exceptions.TooManyConnectionsError: sorry, too many clients already
2026-08-03T03:01:42.725Z ERROR payment-service pg pool timeout after 2000ms acquiring connection rid=req-349817734 route=/api/v2/charge
2026-08-03T03:01:42.576Z ERROR payment-service pg pool timeout after 2000ms acquiring connection rid=req-553035110 route=/api/v2/refund
2026-08-03T03:01:43.393Z ERROR payment-service pg pool timeout after 2000ms acquiring connection rid=req-582334538 route=/api/v2/charge
2026-08-03T03:01:43.541Z WARN  payment-service retry storm detected: 383 pending retries in queue, backoff disabled by config RETRY_BACKOFF=none
2026-08-03T03:01:44.272Z WARN  payment-service retry storm detected: 1045 pending retries in queue, backoff disabled by config RETRY_BACKOFF=none
2026-08-03T03:01:44.728Z ERROR payment-service upstream gateway returned 502 for /api/v2/charge rid=req-199585092 retry=3
2026-08-03T03:01:44.485Z INFO  payment-service handled /healthz status=200 latency=1ms
2026-08-03T03:01:45.364Z WARN  payment-service retry storm detected: 635 pending retries in queue, backoff disabled by config RETRY_BACKOFF=none
2026-08-03T03:01:45.496Z ERROR payment-service upstream gateway returned 502 for /api/v2/charge rid=req-131994523 retry=3
2026-08-03T03:01:46.204Z WARN  payment-service retry storm detected: 849 pending retries in queue, backoff disabled by config RETRY_BACKOFF=none
2026-08-03T03:01:47.619Z WARN  payment-service retry storm detected: 911 pending retries in queue, backoff disabled by config RETRY_BACKOFF=none
2026-08-03T03:01:47.753Z ERROR payment-service psycopg2.OperationalError: FATAL: sorry, too many clients already
Traceback (most recent call last):
  File "/app/db/pool.py", line 88, in acquire
    conn = await self._pool.acquire(timeout=2.0)
asyncpg.exceptions.TooManyConnectionsError: sorry, too many clients already
2026-08-03T03:01:48.433Z ERROR payment-service upstream gateway returned 502 for /api/v2/refund rid=req-553035110 retry=4
2026-08-03T03:01:48.267Z INFO  payment-service handled /healthz status=200 latency=5ms
2026-08-03T03:01:48.080Z ERROR payment-service pg pool timeout after 2000ms acquiring connection rid=req-219540831 route=/api/v2/refund
2026-08-03T03:01:49.151Z ERROR payment-service psycopg2.OperationalError: FATAL: sorry, too many clients already
Traceback (most recent call last):
  File "/app/db/pool.py", line 88, in acquire
    conn = await self._pool.acquire(timeout=2.0)
asyncpg.exceptions.TooManyConnectionsError: sorry, too many clients already
2026-08-03T03:01:49.776Z ERROR payment-service upstream gateway returned 502 for /api/v2/charge rid=req-965241839 retry=4
2026-08-03T03:01:49.282Z INFO  payment-service handled /healthz status=200 latency=8ms
2026-08-03T03:01:50.166Z WARN  payment-service retry storm detected: 591 pending retries in queue, backoff disabled by config RETRY_BACKOFF=none
2026-08-03T03:01:50.053Z ERROR payment-service pg pool timeout after 2000ms acquiring connection rid=req-219540831 route=/api/v2/charge
2026-08-03T03:01:51.145Z WARN  payment-service retry storm detected: 677 pending retries in queue, backoff disabled by config RETRY_BACKOFF=none
2026-08-03T03:01:51.563Z ERROR payment-service psycopg2.OperationalError: FATAL: sorry, too many clients already
Traceback (most recent call last):
  File "/app/db/pool.py", line 88, in acquire
    conn = await self._pool.acquire(timeout=2.0)
asyncpg.exceptions.TooManyConnectionsError: sorry, too many clients already
2026-08-03T03:01:51.334Z ERROR payment-service upstream gateway returned 502 for /api/v2/refund rid=req-313500298 retry=2
2026-08-03T03:01:52.659Z ERROR payment-service psycopg2.OperationalError: FATAL: sorry, too many clients already
Traceback (most recent call last):
  File "/app/db/pool.py", line 88, in acquire
    conn = await self._pool.acquire(timeout=2.0)
asyncpg.exceptions.TooManyConnectionsError: sorry, too many clients already
2026-08-03T03:01:52.040Z WARN  payment-service retry storm detected: 882 pending retries in queue, backoff disabled by config RETRY_BACKOFF=none
2026-08-03T03:01:53.508Z ERROR payment-service pg pool timeout after 2000ms acquiring connection rid=req-331191390 route=/api/v2/charge
2026-08-03T03:01:53.535Z ERROR payment-service pg pool timeout after 2000ms acquiring connection rid=req-210053353 route=/api/v2/charge
2026-08-03T03:01:53.094Z ERROR payment-service psycopg2.OperationalError: FATAL: sorry, too many clients already
Traceback (most recent call last):
  File "/app/db/pool.py", line 88, in acquire
    conn = await self._pool.acquire(timeout=2.0)
asyncpg.exceptions.TooManyConnectionsError: sorry, too many clients already
2026-08-03T03:01:54.083Z INFO  payment-service handled /healthz status=200 latency=6ms
2026-08-03T03:01:54.504Z ERROR payment-service psycopg2.OperationalError: FATAL: sorry, too many clients already
Traceback (most recent call last):
  File "/app/db/pool.py", line 88, in acquire
    conn = await self._pool.acquire(timeout=2.0)
asyncpg.exceptions.TooManyConnectionsError: sorry, too many clients already
2026-08-03T03:01:55.711Z ERROR payment-service pg pool timeout after 2000ms acquiring connection rid=req-868820204 route=/api/v2/refund
2026-08-03T03:01:55.459Z INFO  payment-service handled /healthz status=200 latency=4ms
2026-08-03T03:01:55.889Z ERROR payment-service psycopg2.OperationalError: FATAL: sorry, too many clients already
Traceback (most recent call last):
  File "/app/db/pool.py", line 88, in acquire
    conn = await self._pool.acquire(timeout=2.0)
asyncpg.exceptions.TooManyConnectionsError: sorry, too many clients already
2026-08-03T03:01:55.053Z ERROR payment-service pg pool timeout after 2000ms acquiring connection rid=req-553778756 route=/api/v2/charge
2026-08-03T03:01:56.043Z WARN  payment-service retry storm detected: 790 pending retries in queue, backoff disabled by config RETRY_BACKOFF=none
2026-08-03T03:01:56.972Z ERROR payment-service psycopg2.OperationalError: FATAL: sorry, too many clients already
Traceback (most recent call last):
  File "/app/db/pool.py", line 88, in acquire
    conn = await self._pool.acquire(timeout=2.0)
asyncpg.exceptions.TooManyConnectionsError: sorry, too many clients already
2026-08-03T03:01:56.327Z INFO  payment-service handled /healthz status=200 latency=9ms
2026-08-03T03:01:57.686Z ERROR payment-service psycopg2.OperationalError: FATAL: sorry, too many clients already
Traceback (most recent call last):
  File "/app/db/pool.py", line 88, in acquire
    conn = await self._pool.acquire(timeout=2.0)
asyncpg.exceptions.TooManyConnectionsError: sorry, too many clients already
2026-08-03T03:01:57.685Z ERROR payment-service upstream gateway returned 502 for /api/v2/refund rid=req-336696312 retry=1
2026-08-03T03:01:58.603Z ERROR payment-service upstream gateway returned 502 for /api/v2/charge rid=req-126855092 retry=2
2026-08-03T03:01:58.357Z ERROR payment-service pg pool timeout after 2000ms acquiring connection rid=req-336696312 route=/api/v2/charge
2026-08-03T03:01:58.521Z WARN  payment-service retry storm detected: 676 pending retries in queue, backoff disabled by config RETRY_BACKOFF=none
2026-08-03T03:01:59.549Z ERROR payment-service pg pool timeout after 2000ms acquiring connection rid=req-193349856 route=/api/v2/charge
2026-08-03T03:01:59.288Z WARN  payment-service retry storm detected: 937 pending retries in queue, backoff disabled by config RETRY_BACKOFF=none
2026-08-03T03:01:59.772Z ERROR payment-service upstream gateway returned 502 for /api/v2/refund rid=req-826600539 retry=2
2026-08-03T03:02:00.402Z ERROR payment-service pg pool timeout after 2000ms acquiring connection rid=req-349817734 route=/api/v2/refund
2026-08-03T03:02:00.617Z ERROR payment-service pg pool timeout after 2000ms acquiring connection rid=req-219540831 route=/api/v2/refund
2026-08-03T03:02:01.415Z WARN  payment-service retry storm detected: 1088 pending retries in queue, backoff disabled by config RETRY_BACKOFF=none
2026-08-03T03:02:01.760Z ERROR payment-service pg pool timeout after 2000ms acquiring connection rid=req-702632297 route=/api/v2/charge
2026-08-03T03:02:02.852Z ERROR payment-service pg pool timeout after 2000ms acquiring connection rid=req-209747451 route=/api/v2/refund
2026-08-03T03:02:02.369Z ERROR payment-service pg pool timeout after 2000ms acquiring connection rid=req-914763202 route=/api/v2/refund
2026-08-03T03:02:03.580Z WARN  payment-service retry storm detected: 535 pending retries in queue, backoff disabled by config RETRY_BACKOFF=none
2026-08-03T03:02:04.523Z INFO  payment-service handled /healthz status=200 latency=4ms
2026-08-03T03:02:04.211Z ERROR payment-service pg pool timeout after 2000ms acquiring connection rid=req-895285932 route=/api/v2/refund
2026-08-03T03:02:04.737Z ERROR payment-service psycopg2.OperationalError: FATAL: sorry, too many clients already
Traceback (most recent call last):
  File "/app/db/pool.py", line 88, in acquire
    conn = await self._pool.acquire(timeout=2.0)
asyncpg.exceptions.TooManyConnectionsError: sorry, too many clients already
2026-08-03T03:02:05.942Z INFO  payment-service handled /healthz status=200 latency=3ms
2026-08-03T03:02:05.814Z WARN  payment-service retry storm detected: 592 pending retries in queue, backoff disabled by config RETRY_BACKOFF=none
2026-08-03T03:02:06.079Z INFO  payment-service handled /healthz status=200 latency=4ms
2026-08-03T03:02:06.634Z INFO  payment-service handled /healthz status=200 latency=1ms
2026-08-03T03:02:06.310Z ERROR payment-service pg pool timeout after 2000ms acquiring connection rid=req-131994523 route=/api/v2/charge
2026-08-03T03:02:07.984Z ERROR payment-service psycopg2.OperationalError: FATAL: sorry, too many clients already
Traceback (most recent call last):
  File "/app/db/pool.py", line 88, in acquire
    conn = await self._pool.acquire(timeout=2.0)
asyncpg.exceptions.TooManyConnectionsError: sorry, too many clients already
2026-08-03T03:02:07.994Z ERROR payment-service pg pool timeout after 2000ms acquiring connection rid=req-193349856 route=/api/v2/charge
2026-08-03T03:02:07.286Z INFO  payment-service handled /healthz status=200 latency=2ms
2026-08-03T03:02:08.920Z ERROR payment-service pg pool timeout after 2000ms acquiring connection rid=req-199585092 route=/api/v2/charge
2026-08-03T03:02:08.123Z ERROR payment-service pg pool timeout after 2000ms acquiring connection rid=req-685126461 route=/api/v2/charge
2026-08-03T03:02:09.698Z ERROR payment-service psycopg2.OperationalError: FATAL: sorry, too many clients already
Traceback (most recent call last):
  File "/app/db/pool.py", line 88, in acquire
    conn = await self._pool.acquire(timeout=2.0)
asyncpg.exceptions.TooManyConnectionsError: sorry, too many clients already
2026-08-03T03:02:09.178Z INFO  payment-service handled /healthz status=200 latency=8ms
2026-08-03T03:02:10.890Z ERROR payment-service pg pool timeout after 2000ms acquiring connection rid=req-553035110 route=/api/v2/refund
2026-08-03T03:02:10.276Z WARN  payment-service retry storm detected: 579 pending retries in queue, backoff disabled by config RETRY_BACKOFF=none
2026-08-03T03:02:10.748Z WARN  payment-service retry storm detected: 364 pending retries in queue, backoff disabled by config RETRY_BACKOFF=none
2026-08-03T03:02:11.030Z ERROR payment-service pg pool timeout after 2000ms acquiring connection rid=req-313500298 route=/api/v2/refund
2026-08-03T03:02:11.996Z ERROR payment-service upstream gateway returned 502 for /api/v2/refund rid=req-868820204 retry=2
2026-08-03T03:02:11.982Z INFO  payment-service handled /healthz status=200 latency=2ms
2026-08-03T03:02:12.207Z ERROR payment-service pg pool timeout after 2000ms acquiring connection rid=req-200604502 route=/api/v2/refund
2026-08-03T03:02:12.240Z ERROR payment-service pg pool timeout after 2000ms acquiring connection rid=req-131994523 route=/api/v2/charge
2026-08-03T03:02:13.894Z INFO  payment-service handled /healthz status=200 latency=1ms
2026-08-03T03:02:14.974Z INFO  payment-service handled /healthz status=200 latency=9ms
2026-08-03T03:02:14.732Z ERROR payment-service psycopg2.OperationalError: FATAL: sorry, too many clients already
Traceback (most recent call last):
  File "/app/db/pool.py", line 88, in acquire
    conn = await self._pool.acquire(timeout=2.0)
asyncpg.exceptions.TooManyConnectionsError: sorry, too many clients already
2026-08-03T03:02:15.612Z ERROR payment-service pg pool timeout after 2000ms acquiring connection rid=req-128492780 route=/api/v2/charge
2026-08-03T03:02:15.167Z INFO  payment-service handled /healthz status=200 latency=9ms
2026-08-03T03:02:16.553Z INFO  payment-service handled /healthz status=200 latency=9ms
2026-08-03T03:02:16.355Z ERROR payment-service psycopg2.OperationalError: FATAL: sorry, too many clients already
Traceback (most recent call last):
  File "/app/db/pool.py", line 88, in acquire
    conn = await self._pool.acquire(timeout=2.0)
asyncpg.exceptions.TooManyConnectionsError: sorry, too many clients already
2026-08-03T03:02:16.478Z WARN  payment-service retry storm detected: 681 pending retries in queue, backoff disabled by config RETRY_BACKOFF=none
2026-08-03T03:02:17.151Z ERROR payment-service psycopg2.OperationalError: FATAL: sorry, too many clients already
Traceback (most recent call last):
  File "/app/db/pool.py", line 88, in acquire
    conn = await self._pool.acquire(timeout=2.0)
asyncpg.exceptions.TooManyConnectionsError: sorry, too many clients already
2026-08-03T03:02:18.506Z ERROR payment-service psycopg2.OperationalError: FATAL: sorry, too many clients already
Traceback (most recent call last):
  File "/app/db/pool.py", line 88, in acquire
    conn = await self._pool.acquire(timeout=2.0)
asyncpg.exceptions.TooManyConnectionsError: sorry, too many clients already
2026-08-03T03:02:18.259Z ERROR payment-service upstream gateway returned 502 for /api/v2/refund rid=req-362950628 retry=5
2026-08-03T03:02:19.461Z ERROR payment-service pg pool timeout after 2000ms acquiring connection rid=req-746412689 route=/api/v2/refund
2026-08-03T03:02:20.911Z INFO  payment-service handled /healthz status=200 latency=3ms
2026-08-03T03:02:20.553Z ERROR payment-service upstream gateway returned 502 for /api/v2/charge rid=req-965241839 retry=3
2026-08-03T03:02:20.871Z ERROR payment-service psycopg2.OperationalError: FATAL: sorry, too many clients already
Traceback (most recent call last):
  File "/app/db/pool.py", line 88, in acquire
    conn = await self._pool.acquire(timeout=2.0)
asyncpg.exceptions.TooManyConnectionsError: sorry, too many clients already
2026-08-03T03:02:21.083Z ERROR payment-service pg pool timeout after 2000ms acquiring connection rid=req-193349856 route=/api/v2/refund
2026-08-03T03:02:22.557Z INFO  payment-service handled /healthz status=200 latency=9ms
2026-08-03T03:02:22.956Z ERROR payment-service pg pool timeout after 2000ms acquiring connection rid=req-786579303 route=/api/v2/refund
2026-08-03T03:02:22.700Z INFO  payment-service handled /healthz status=200 latency=4ms
2026-08-03T03:02:23.749Z ERROR payment-service pg pool timeout after 2000ms acquiring connection rid=req-249827706 route=/api/v2/refund
2026-08-03T03:02:23.224Z ERROR payment-service upstream gateway returned 502 for /api/v2/refund rid=req-732719211 retry=4
2026-08-03T03:02:24.704Z ERROR payment-service psycopg2.OperationalError: FATAL: sorry, too many clients already
Traceback (most recent call last):
  File "/app/db/pool.py", line 88, in acquire
    conn = await self._pool.acquire(timeout=2.0)
asyncpg.exceptions.TooManyConnectionsError: sorry, too many clients already
2026-08-03T03:02:25.159Z ERROR payment-service pg pool timeout after 2000ms acquiring connection rid=req-849621470 route=/api/v2/refund
2026-08-03T03:02:25.733Z INFO  payment-service handled /healthz status=200 latency=4ms
2026-08-03T03:02:25.516Z ERROR payment-service psycopg2.OperationalError: FATAL: sorry, too many clients already
Traceback (most recent call last):
  File "/app/db/pool.py", line 88, in acquire
    conn = await self._pool.acquire(timeout=2.0)
asyncpg.exceptions.TooManyConnectionsError: sorry, too many clients already
2026-08-03T03:02:26.247Z ERROR payment-service upstream gateway returned 502 for /api/v2/charge rid=req-266944844 retry=3
2026-08-03T03:02:27.974Z ERROR payment-service pg pool timeout after 2000ms acquiring connection rid=req-193349856 route=/api/v2/charge
2026-08-03T03:02:27.123Z ERROR payment-service pg pool timeout after 2000ms acquiring connection rid=req-219540831 route=/api/v2/refund
2026-08-03T03:02:28.068Z INFO  payment-service handled /healthz status=200 latency=2ms
2026-08-03T03:02:28.967Z INFO  payment-service handled /healthz status=200 latency=7ms
2026-08-03T03:02:28.383Z ERROR payment-service upstream gateway returned 502 for /api/v2/refund rid=req-642621108 retry=4
2026-08-03T03:02:28.607Z ERROR payment-service upstream gateway returned 502 for /api/v2/refund rid=req-849621470 retry=5
2026-08-03T03:02:29.359Z ERROR payment-service upstream gateway returned 502 for /api/v2/charge rid=req-336696312 retry=3
2026-08-03T03:02:29.881Z ERROR payment-service psycopg2.OperationalError: FATAL: sorry, too many clients already
Traceback (most recent call last):
  File "/app/db/pool.py", line 88, in acquire
    conn = await self._pool.acquire(timeout=2.0)
asyncpg.exceptions.TooManyConnectionsError: sorry, too many clients already
2026-08-03T03:02:29.788Z ERROR payment-service psycopg2.OperationalError: FATAL: sorry, too many clients already
Traceback (most recent call last):
  File "/app/db/pool.py", line 88, in acquire
    conn = await self._pool.acquire(timeout=2.0)
asyncpg.exceptions.TooManyConnectionsError: sorry, too many clients already
2026-08-03T03:02:30.901Z WARN  payment-service retry storm detected: 935 pending retries in queue, backoff disabled by config RETRY_BACKOFF=none
2026-08-03T03:02:30.027Z INFO  payment-service handled /healthz status=200 latency=8ms
2026-08-03T03:02:30.486Z INFO  payment-service handled /healthz status=200 latency=2ms
2026-08-03T03:02:30.465Z ERROR payment-service pg pool timeout after 2000ms acquiring connection rid=req-553035110 route=/api/v2/charge
2026-08-03T03:02:31.035Z ERROR payment-service pg pool timeout after 2000ms acquiring connection rid=req-965241839 route=/api/v2/refund
2026-08-03T03:02:31.875Z WARN  payment-service retry storm detected: 1020 pending retries in queue, backoff disabled by config RETRY_BACKOFF=none
2026-08-03T03:02:32.010Z WARN  payment-service retry storm detected: 397 pending retries in queue, backoff disabled by config RETRY_BACKOFF=none
2026-08-03T03:02:32.799Z WARN  payment-service retry storm detected: 991 pending retries in queue, backoff disabled by config RETRY_BACKOFF=none
2026-08-03T03:02:32.474Z ERROR payment-service upstream gateway returned 502 for /api/v2/charge rid=req-582334538 retry=2
2026-08-03T03:02:33.947Z WARN  payment-service retry storm detected: 1120 pending retries in queue, backoff disabled by config RETRY_BACKOFF=none
2026-08-03T03:02:33.259Z ERROR payment-service psycopg2.OperationalError: FATAL: sorry, too many clients already
Traceback (most recent call last):
  File "/app/db/pool.py", line 88, in acquire
    conn = await self._pool.acquire(timeout=2.0)
asyncpg.exceptions.TooManyConnectionsError: sorry, too many clients already
2026-08-03T03:02:34.178Z WARN  payment-service retry storm detected: 802 pending retries in queue, backoff disabled by config RETRY_BACKOFF=none
2026-08-03T03:02:34.297Z ERROR payment-service pg pool timeout after 2000ms acquiring connection rid=req-826600539 route=/api/v2/charge
2026-08-03T03:02:35.493Z ERROR payment-service upstream gateway returned 502 for /api/v2/charge rid=req-395310485 retry=2
2026-08-03T03:02:35.791Z ERROR payment-service pg pool timeout after 2000ms acquiring connection rid=req-199585092 route=/api/v2/charge
2026-08-03T03:02:36.886Z ERROR payment-service pg pool timeout after 2000ms acquiring connection rid=req-734036506 route=/api/v2/refund
2026-08-03T03:02:36.730Z INFO  payment-service handled /healthz status=200 latency=4ms
2026-08-03T03:02:37.933Z ERROR payment-service psycopg2.OperationalError: FATAL: sorry, too many clients already
Traceback (most recent call last):
  File "/app/db/pool.py", line 88, in acquire
    conn = await self._pool.acquire(timeout=2.0)
asyncpg.exceptions.TooManyConnectionsError: sorry, too many clients already
2026-08-03T03:02:37.448Z ERROR payment-service pg pool timeout after 2000ms acquiring connection rid=req-890779946 route=/api/v2/charge
2026-08-03T03:02:37.440Z ERROR payment-service psycopg2.OperationalError: FATAL: sorry, too many clients already
Traceback (most recent call last):
  File "/app/db/pool.py", line 88, in acquire
    conn = await self._pool.acquire(timeout=2.0)
asyncpg.exceptions.TooManyConnectionsError: sorry, too many clients already
2026-08-03T03:02:37.108Z ERROR payment-service upstream gateway returned 502 for /api/v2/refund rid=req-849621470 retry=5
2026-08-03T03:02:38.068Z ERROR payment-service pg pool timeout after 2000ms acquiring connection rid=req-797808098 route=/api/v2/refund
2026-08-03T03:02:38.486Z ERROR payment-service pg pool timeout after 2000ms acquiring connection rid=req-465341213 route=/api/v2/refund
2026-08-03T03:02:38.123Z INFO  payment-service handled /healthz status=200 latency=3ms
2026-08-03T03:02:38.456Z ERROR payment-service pg pool timeout after 2000ms acquiring connection rid=req-895285932 route=/api/v2/charge
2026-08-03T03:02:39.994Z ERROR payment-service upstream gateway returned 502 for /api/v2/refund rid=req-550455977 retry=1
2026-08-03T03:02:40.573Z ERROR payment-service pg pool timeout after 2000ms acquiring connection rid=req-868820204 route=/api/v2/charge
2026-08-03T03:02:40.764Z ERROR payment-service pg pool timeout after 2000ms acquiring connection rid=req-334760738 route=/api/v2/charge
2026-08-03T03:02:40.115Z ERROR payment-service pg pool timeout after 2000ms acquiring connection rid=req-896233790 route=/api/v2/charge
2026-08-03T03:02:41.310Z ERROR payment-service pg pool timeout after 2000ms acquiring connection rid=req-732719211 route=/api/v2/charge
2026-08-03T03:02:42.820Z ERROR payment-service pg pool timeout after 2000ms acquiring connection rid=req-553035110 route=/api/v2/refund
2026-08-03T03:02:42.490Z WARN  payment-service retry storm detected: 789 pending retries in queue, backoff disabled by config RETRY_BACKOFF=none
2026-08-03T03:02:42.149Z ERROR payment-service pg pool timeout after 2000ms acquiring connection rid=req-969119330 route=/api/v2/charge
2026-08-03T03:02:43.881Z INFO  payment-service handled /healthz status=200 latency=3ms
2026-08-03T03:02:43.252Z ERROR payment-service upstream gateway returned 502 for /api/v2/charge rid=req-106977991 retry=2
2026-08-03T03:02:44.416Z ERROR payment-service upstream gateway returned 502 for /api/v2/refund rid=req-734036506 retry=3
2026-08-03T03:02:44.028Z ERROR payment-service upstream gateway returned 502 for /api/v2/refund rid=req-199585092 retry=4
2026-08-03T03:02:44.382Z ERROR payment-service psycopg2.OperationalError: FATAL: sorry, too many clients already
Traceback (most recent call last):
  File "/app/db/pool.py", line 88, in acquire
    conn = await self._pool.acquire(timeout=2.0)
asyncpg.exceptions.TooManyConnectionsError: sorry, too many clients already
2026-08-03T03:02:45.230Z WARN  payment-service retry storm detected: 1187 pending retries in queue, backoff disabled by config RETRY_BACKOFF=none
2026-08-03T03:02:45.661Z ERROR payment-service pg pool timeout after 2000ms acquiring connection rid=req-271432881 route=/api/v2/refund
2026-08-03T03:02:46.613Z WARN  payment-service retry storm detected: 547 pending retries in queue, backoff disabled by config RETRY_BACKOFF=none
2026-08-03T03:02:46.031Z ERROR payment-service upstream gateway returned 502 for /api/v2/charge rid=req-797808098 retry=5
2026-08-03T03:02:47.913Z WARN  payment-service retry storm detected: 1021 pending retries in queue, backoff disabled by config RETRY_BACKOFF=none
2026-08-03T03:02:47.040Z ERROR payment-service psycopg2.OperationalError: FATAL: sorry, too many clients already
Traceback (most recent call last):
  File "/app/db/pool.py", line 88, in acquire
    conn = await self._pool.acquire(timeout=2.0)
asyncpg.exceptions.TooManyConnectionsError: sorry, too many clients already
2026-08-03T03:02:48.310Z ERROR payment-service upstream gateway returned 502 for /api/v2/refund rid=req-553778756 retry=3
2026-08-03T03:02:48.875Z WARN  payment-service retry storm detected: 615 pending retries in queue, backoff disabled by config RETRY_BACKOFF=none
2026-08-03T03:02:49.711Z ERROR payment-service upstream gateway returned 502 for /api/v2/refund rid=req-209747451 retry=5
2026-08-03T03:02:50.676Z WARN  payment-service retry storm detected: 913 pending retries in queue, backoff disabled by config RETRY_BACKOFF=none
2026-08-03T03:02:50.708Z ERROR payment-service pg pool timeout after 2000ms acquiring connection rid=req-642621108 route=/api/v2/charge
2026-08-03T03:02:51.257Z ERROR payment-service pg pool timeout after 2000ms acquiring connection rid=req-732719211 route=/api/v2/charge
2026-08-03T03:02:51.608Z INFO  payment-service handled /healthz status=200 latency=5ms
2026-08-03T03:02:52.579Z ERROR payment-service pg pool timeout after 2000ms acquiring connection rid=req-349817734 route=/api/v2/charge
2026-08-03T03:02:52.845Z INFO  payment-service handled /healthz status=200 latency=4ms
2026-08-03T03:02:52.270Z WARN  payment-service retry storm detected: 585 pending retries in queue, backoff disabled by config RETRY_BACKOFF=none
2026-08-03T03:02:53.786Z WARN  payment-service retry storm detected: 492 pending retries in queue, backoff disabled by config RETRY_BACKOFF=none
2026-08-03T03:02:53.821Z ERROR payment-service psycopg2.OperationalError: FATAL: sorry, too many clients already
Traceback (most recent call last):
  File "/app/db/pool.py", line 88, in acquire
    conn = await self._pool.acquire(timeout=2.0)
asyncpg.exceptions.TooManyConnectionsError: sorry, too many clients already
2026-08-03T03:02:54.729Z ERROR payment-service pg pool timeout after 2000ms acquiring connection rid=req-398362082 route=/api/v2/refund
2026-08-03T03:02:54.120Z ERROR payment-service pg pool timeout after 2000ms acquiring connection rid=req-685126461 route=/api/v2/charge
2026-08-03T03:02:55.210Z INFO  payment-service handled /healthz status=200 latency=4ms
2026-08-03T03:02:56.187Z WARN  payment-service retry storm detected: 645 pending retries in queue, backoff disabled by config RETRY_BACKOFF=none
2026-08-03T03:02:56.251Z INFO  payment-service handled /healthz status=200 latency=6ms
2026-08-03T03:02:57.954Z ERROR payment-service psycopg2.OperationalError: FATAL: sorry, too many clients already
Traceback (most recent call last):
  File "/app/db/pool.py", line 88, in acquire
    conn = await self._pool.acquire(timeout=2.0)
asyncpg.exceptions.TooManyConnectionsError: sorry, too many clients already
2026-08-03T03:02:57.073Z ERROR payment-service upstream gateway returned 502 for /api/v2/charge rid=req-134126396 retry=5
2026-08-03T03:02:57.402Z INFO  payment-service handled /healthz status=200 latency=9ms
2026-08-03T03:02:58.465Z ERROR payment-service pg pool timeout after 2000ms acquiring connection rid=req-134126396 route=/api/v2/refund
2026-08-03T03:02:58.283Z WARN  payment-service retry storm detected: 1140 pending retries in queue, backoff disabled by config RETRY_BACKOFF=none
2026-08-03T03:02:59.643Z ERROR payment-service upstream gateway returned 502 for /api/v2/refund rid=req-896233790 retry=4
2026-08-03T03:03:00.447Z WARN  payment-service retry storm detected: 787 pending retries in queue, backoff disabled by config RETRY_BACKOFF=none
2026-08-03T03:03:00.370Z ERROR payment-service pg pool timeout after 2000ms acquiring connection rid=req-895285932 route=/api/v2/charge
2026-08-03T03:03:01.867Z INFO  payment-service handled /healthz status=200 latency=1ms
2026-08-03T03:03:01.130Z ERROR payment-service pg pool timeout after 2000ms acquiring connection rid=req-398704996 route=/api/v2/refund
2026-08-03T03:03:01.209Z INFO  payment-service handled /healthz status=200 latency=7ms
2026-08-03T03:03:01.010Z WARN  payment-service retry storm detected: 361 pending retries in queue, backoff disabled by config RETRY_BACKOFF=none
2026-08-03T03:03:02.291Z INFO  payment-service handled /healthz status=200 latency=5ms
2026-08-03T03:03:02.950Z ERROR payment-service pg pool timeout after 2000ms acquiring connection rid=req-271432881 route=/api/v2/refund
2026-08-03T03:03:03.023Z INFO  payment-service handled /healthz status=200 latency=3ms
2026-08-03T03:03:03.825Z ERROR payment-service pg pool timeout after 2000ms acquiring connection rid=req-734036506 route=/api/v2/charge
2026-08-03T03:03:04.584Z ERROR payment-service upstream gateway returned 502 for /api/v2/charge rid=req-826600539 retry=1
2026-08-03T03:03:04.828Z INFO  payment-service handled /healthz status=200 latency=5ms
2026-08-03T03:03:05.247Z ERROR payment-service pg pool timeout after 2000ms acquiring connection rid=req-868820204 route=/api/v2/charge
2026-08-03T03:03:05.286Z ERROR payment-service pg pool timeout after 2000ms acquiring connection rid=req-895285932 route=/api/v2/charge
2026-08-03T03:03:05.593Z ERROR payment-service pg pool timeout after 2000ms acquiring connection rid=req-334760738 route=/api/v2/refund
2026-08-03T03:03:06.218Z INFO  payment-service handled /healthz status=200 latency=8ms
2026-08-03T03:03:06.729Z INFO  payment-service handled /healthz status=200 latency=7ms
2026-08-03T03:03:07.023Z ERROR payment-service pg pool timeout after 2000ms acquiring connection rid=req-702632297 route=/api/v2/refund
2026-08-03T03:03:07.447Z ERROR payment-service pg pool timeout after 2000ms acquiring connection rid=req-398362082 route=/api/v2/refund
2026-08-03T03:03:08.519Z ERROR payment-service upstream gateway returned 502 for /api/v2/refund rid=req-219540831 retry=4
2026-08-03T03:03:09.381Z INFO  payment-service handled /healthz status=200 latency=4ms
2026-08-03T03:03:09.172Z ERROR payment-service pg pool timeout after 2000ms acquiring connection rid=req-266944844 route=/api/v2/refund
2026-08-03T03:03:09.414Z ERROR payment-service pg pool timeout after 2000ms acquiring connection rid=req-349817734 route=/api/v2/refund
2026-08-03T03:03:10.920Z ERROR payment-service psycopg2.OperationalError: FATAL: sorry, too many clients already
Traceback (most recent call last):
  File "/app/db/pool.py", line 88, in acquire
    conn = await self._pool.acquire(timeout=2.0)
asyncpg.exceptions.TooManyConnectionsError: sorry, too many clients already
2026-08-03T03:03:10.983Z WARN  payment-service retry storm detected: 780 pending retries in queue, backoff disabled by config RETRY_BACKOFF=none
2026-08-03T03:03:10.660Z INFO  payment-service handled /healthz status=200 latency=4ms
2026-08-03T03:03:11.353Z ERROR payment-service upstream gateway returned 502 for /api/v2/charge rid=req-702632297 retry=5
2026-08-03T03:03:11.931Z ERROR payment-service pg pool timeout after 2000ms acquiring connection rid=req-797808098 route=/api/v2/refund
2026-08-03T03:03:11.375Z ERROR payment-service upstream gateway returned 502 for /api/v2/refund rid=req-734036506 retry=3
2026-08-03T03:03:12.224Z ERROR payment-service pg pool timeout after 2000ms acquiring connection rid=req-826600539 route=/api/v2/charge
2026-08-03T03:03:13.543Z WARN  payment-service retry storm detected: 913 pending retries in queue, backoff disabled by config RETRY_BACKOFF=none
2026-08-03T03:03:13.373Z INFO  payment-service handled /healthz status=200 latency=7ms
2026-08-03T03:03:14.094Z ERROR payment-service pg pool timeout after 2000ms acquiring connection rid=req-331191390 route=/api/v2/charge
2026-08-03T03:03:14.081Z WARN  payment-service retry storm detected: 556 pending retries in queue, backoff disabled by config RETRY_BACKOFF=none
2026-08-03T03:03:15.145Z ERROR payment-service pg pool timeout after 2000ms acquiring connection rid=req-210053353 route=/api/v2/refund
2026-08-03T03:03:15.419Z ERROR payment-service pg pool timeout after 2000ms acquiring connection rid=req-895285932 route=/api/v2/charge
2026-08-03T03:03:16.053Z ERROR payment-service upstream gateway returned 502 for /api/v2/charge rid=req-362950628 retry=5
2026-08-03T03:03:16.892Z ERROR payment-service psycopg2.OperationalError: FATAL: sorry, too many clients already
Traceback (most recent call last):
  File "/app/db/pool.py", line 88, in acquire
    conn = await self._pool.acquire(timeout=2.0)
asyncpg.exceptions.TooManyConnectionsError: sorry, too many clients already
2026-08-03T03:03:17.295Z INFO  payment-service handled /healthz status=200 latency=3ms
2026-08-03T03:03:17.241Z INFO  payment-service handled /healthz status=200 latency=3ms
2026-08-03T03:03:17.068Z INFO  payment-service handled /healthz status=200 latency=2ms
2026-08-03T03:03:18.797Z ERROR payment-service pg pool timeout after 2000ms acquiring connection rid=req-895285932 route=/api/v2/charge
2026-08-03T03:03:19.740Z ERROR payment-service psycopg2.OperationalError: FATAL: sorry, too many clients already
Traceback (most recent call last):
  File "/app/db/pool.py", line 88, in acquire
    conn = await self._pool.acquire(timeout=2.0)
asyncpg.exceptions.TooManyConnectionsError: sorry, too many clients already
2026-08-03T03:03:19.333Z ERROR payment-service upstream gateway returned 502 for /api/v2/charge rid=req-553035110 retry=1
2026-08-03T03:03:19.525Z ERROR payment-service psycopg2.OperationalError: FATAL: sorry, too many clients already
Traceback (most recent call last):
  File "/app/db/pool.py", line 88, in acquire
    conn = await self._pool.acquire(timeout=2.0)
asyncpg.exceptions.TooManyConnectionsError: sorry, too many clients already
2026-08-03T03:03:20.171Z ERROR payment-service upstream gateway returned 502 for /api/v2/charge rid=req-313500298 retry=2
2026-08-03T03:03:20.882Z ERROR payment-service pg pool timeout after 2000ms acquiring connection rid=req-890779946 route=/api/v2/charge
2026-08-03T03:03:21.465Z ERROR payment-service upstream gateway returned 502 for /api/v2/refund rid=req-685126461 retry=2
2026-08-03T03:03:21.655Z ERROR payment-service pg pool timeout after 2000ms acquiring connection rid=req-553035110 route=/api/v2/charge
2026-08-03T03:03:22.000Z ERROR payment-service pg pool timeout after 2000ms acquiring connection rid=req-702632297 route=/api/v2/charge
2026-08-03T03:03:22.563Z ERROR payment-service upstream gateway returned 502 for /api/v2/refund rid=req-398362082 retry=4
2026-08-03T03:03:22.362Z ERROR payment-service upstream gateway returned 502 for /api/v2/refund rid=req-553778756 retry=5
2026-08-03T03:03:23.767Z WARN  payment-service retry storm detected: 1157 pending retries in queue, backoff disabled by config RETRY_BACKOFF=none
2026-08-03T03:03:23.515Z ERROR payment-service pg pool timeout after 2000ms acquiring connection rid=req-868820204 route=/api/v2/charge
2026-08-03T03:03:24.075Z ERROR payment-service pg pool timeout after 2000ms acquiring connection rid=req-126855092 route=/api/v2/charge
2026-08-03T03:03:25.925Z ERROR payment-service upstream gateway returned 502 for /api/v2/refund rid=req-249827706 retry=5
2026-08-03T03:03:25.498Z ERROR payment-service upstream gateway returned 502 for /api/v2/refund rid=req-219540831 retry=3
2026-08-03T03:03:25.460Z ERROR payment-service pg pool timeout after 2000ms acquiring connection rid=req-797808098 route=/api/v2/charge
2026-08-03T03:03:26.767Z ERROR payment-service psycopg2.OperationalError: FATAL: sorry, too many clients already
Traceback (most recent call last):
  File "/app/db/pool.py", line 88, in acquire
    conn = await self._pool.acquire(timeout=2.0)
asyncpg.exceptions.TooManyConnectionsError: sorry, too many clients already
2026-08-03T03:03:26.405Z ERROR payment-service psycopg2.OperationalError: FATAL: sorry, too many clients already
Traceback (most recent call last):
  File "/app/db/pool.py", line 88, in acquire
    conn = await self._pool.acquire(timeout=2.0)
asyncpg.exceptions.TooManyConnectionsError: sorry, too many clients already
2026-08-03T03:03:26.258Z ERROR payment-service pg pool timeout after 2000ms acquiring connection rid=req-734036506 route=/api/v2/refund
2026-08-03T03:03:27.474Z ERROR payment-service upstream gateway returned 502 for /api/v2/refund rid=req-128492780 retry=2
2026-08-03T03:03:27.970Z INFO  payment-service handled /healthz status=200 latency=4ms
2026-08-03T03:03:27.302Z WARN  payment-service retry storm detected: 403 pending retries in queue, backoff disabled by config RETRY_BACKOFF=none
2026-08-03T03:03:28.079Z ERROR payment-service upstream gateway returned 502 for /api/v2/refund rid=req-553778756 retry=4
2026-08-03T03:03:28.069Z ERROR payment-service upstream gateway returned 502 for /api/v2/refund rid=req-126855092 retry=4
2026-08-03T03:03:28.011Z ERROR payment-service pg pool timeout after 2000ms acquiring connection rid=req-582334538 route=/api/v2/charge
2026-08-03T03:03:29.061Z ERROR payment-service pg pool timeout after 2000ms acquiring connection rid=req-331191390 route=/api/v2/refund
2026-08-03T03:03:29.024Z ERROR payment-service pg pool timeout after 2000ms acquiring connection rid=req-732719211 route=/api/v2/refund
2026-08-03T03:03:30.355Z ERROR payment-service pg pool timeout after 2000ms acquiring connection rid=req-271432881 route=/api/v2/refund
2026-08-03T03:03:30.904Z ERROR payment-service pg pool timeout after 2000ms acquiring connection rid=req-896233790 route=/api/v2/charge
2026-08-03T03:03:31.746Z ERROR payment-service upstream gateway returned 502 for /api/v2/charge rid=req-465341213 retry=5
2026-08-03T03:03:31.676Z ERROR payment-service upstream gateway returned 502 for /api/v2/charge rid=req-702632297 retry=3
2026-08-03T03:03:32.650Z ERROR payment-service psycopg2.OperationalError: FATAL: sorry, too many clients already
Traceback (most recent call last):
  File "/app/db/pool.py", line 88, in acquire
    conn = await self._pool.acquire(timeout=2.0)
asyncpg.exceptions.TooManyConnectionsError: sorry, too many clients already
2026-08-03T03:03:32.631Z ERROR payment-service pg pool timeout after 2000ms acquiring connection rid=req-685582861 route=/api/v2/charge
2026-08-03T03:03:33.012Z ERROR payment-service upstream gateway returned 502 for /api/v2/charge rid=req-126855092 retry=3
2026-08-03T03:03:33.427Z ERROR payment-service pg pool timeout after 2000ms acquiring connection rid=req-106977991 route=/api/v2/charge
2026-08-03T03:03:34.560Z INFO  payment-service handled /healthz status=200 latency=7ms
2026-08-03T03:03:35.000Z INFO  payment-service handled /healthz status=200 latency=4ms
2026-08-03T03:03:35.744Z ERROR payment-service pg pool timeout after 2000ms acquiring connection rid=req-126855092 route=/api/v2/refund
2026-08-03T03:03:36.947Z ERROR payment-service pg pool timeout after 2000ms acquiring connection rid=req-685126461 route=/api/v2/charge
2026-08-03T03:03:36.831Z ERROR payment-service pg pool timeout after 2000ms acquiring connection rid=req-465341213 route=/api/v2/refund
2026-08-03T03:03:37.871Z WARN  payment-service retry storm detected: 681 pending retries in queue, backoff disabled by config RETRY_BACKOFF=none
2026-08-03T03:03:37.561Z INFO  payment-service handled /healthz status=200 latency=9ms
2026-08-03T03:03:38.646Z INFO  payment-service handled /healthz status=200 latency=6ms
2026-08-03T03:03:39.231Z ERROR payment-service upstream gateway returned 502 for /api/v2/refund rid=req-965241839 retry=2
2026-08-03T03:03:39.307Z ERROR payment-service upstream gateway returned 502 for /api/v2/refund rid=req-642621108 retry=5
2026-08-03T03:03:40.414Z ERROR payment-service psycopg2.OperationalError: FATAL: sorry, too many clients already
Traceback (most recent call last):
  File "/app/db/pool.py", line 88, in acquire
    conn = await self._pool.acquire(timeout=2.0)
asyncpg.exceptions.TooManyConnectionsError: sorry, too many clients already
2026-08-03T03:03:40.883Z WARN  payment-service retry storm detected: 1120 pending retries in queue, backoff disabled by config RETRY_BACKOFF=none
2026-08-03T03:03:40.228Z INFO  payment-service handled /healthz status=200 latency=9ms
2026-08-03T03:03:41.926Z ERROR payment-service pg pool timeout after 2000ms acquiring connection rid=req-553035110 route=/api/v2/refund
2026-08-03T03:03:41.422Z ERROR payment-service pg pool timeout after 2000ms acquiring connection rid=req-398704996 route=/api/v2/refund
2026-08-03T03:03:42.248Z ERROR payment-service upstream gateway returned 502 for /api/v2/refund rid=req-334760738 retry=1
2026-08-03T03:03:42.948Z ERROR payment-service upstream gateway returned 502 for /api/v2/charge rid=req-199585092 retry=3
2026-08-03T03:03:43.484Z ERROR payment-service upstream gateway returned 502 for /api/v2/refund rid=req-210053353 retry=4
2026-08-03T03:03:44.315Z ERROR payment-service pg pool timeout after 2000ms acquiring connection rid=req-128492780 route=/api/v2/charge
2026-08-03T03:03:44.950Z INFO  payment-service handled /healthz status=200 latency=8ms
2026-08-03T03:03:45.440Z WARN  payment-service retry storm detected: 715 pending retries in queue, backoff disabled by config RETRY_BACKOFF=none
2026-08-03T03:03:45.344Z ERROR payment-service pg pool timeout after 2000ms acquiring connection rid=req-271432881 route=/api/v2/charge
2026-08-03T03:03:45.103Z ERROR payment-service pg pool timeout after 2000ms acquiring connection rid=req-702632297 route=/api/v2/charge
2026-08-03T03:03:46.008Z ERROR payment-service psycopg2.OperationalError: FATAL: sorry, too many clients already
Traceback (most recent call last):
  File "/app/db/pool.py", line 88, in acquire
    conn = await self._pool.acquire(timeout=2.0)
asyncpg.exceptions.TooManyConnectionsError: sorry, too many clients already
2026-08-03T03:03:46.052Z ERROR payment-service upstream gateway returned 502 for /api/v2/charge rid=req-266944844 retry=2
2026-08-03T03:03:46.863Z ERROR payment-service pg pool timeout after 2000ms acquiring connection rid=req-890779946 route=/api/v2/refund
2026-08-03T03:03:46.716Z WARN  payment-service retry storm detected: 1146 pending retries in queue, backoff disabled by config RETRY_BACKOFF=none
2026-08-03T03:03:47.169Z WARN  payment-service retry storm detected: 341 pending retries in queue, backoff disabled by config RETRY_BACKOFF=none
2026-08-03T03:03:47.040Z ERROR payment-service pg pool timeout after 2000ms acquiring connection rid=req-126855092 route=/api/v2/charge
2026-08-03T03:03:48.808Z INFO  payment-service handled /healthz status=200 latency=4ms
2026-08-03T03:03:48.607Z ERROR payment-service upstream gateway returned 502 for /api/v2/refund rid=req-339670711 retry=3
2026-08-03T03:03:48.851Z INFO  payment-service handled /healthz status=200 latency=2ms
2026-08-03T03:03:49.161Z ERROR payment-service pg pool timeout after 2000ms acquiring connection rid=req-685126461 route=/api/v2/refund
2026-08-03T03:03:50.508Z WARN  payment-service retry storm detected: 398 pending retries in queue, backoff disabled by config RETRY_BACKOFF=none
2026-08-03T03:03:50.402Z WARN  payment-service retry storm detected: 332 pending retries in queue, backoff disabled by config RETRY_BACKOFF=none
2026-08-03T03:03:51.484Z WARN  payment-service retry storm detected: 1011 pending retries in queue, backoff disabled by config RETRY_BACKOFF=none
2026-08-03T03:03:51.428Z ERROR payment-service upstream gateway returned 502 for /api/v2/refund rid=req-200604502 retry=4
2026-08-03T03:03:52.215Z ERROR payment-service pg pool timeout after 2000ms acquiring connection rid=req-334760738 route=/api/v2/refund
2026-08-03T03:03:52.081Z ERROR payment-service pg pool timeout after 2000ms acquiring connection rid=req-210053353 route=/api/v2/charge
2026-08-03T03:03:52.110Z INFO  payment-service handled /healthz status=200 latency=3ms
2026-08-03T03:03:53.289Z ERROR payment-service pg pool timeout after 2000ms acquiring connection rid=req-919795579 route=/api/v2/charge
2026-08-03T03:03:54.244Z WARN  payment-service retry storm detected: 893 pending retries in queue, backoff disabled by config RETRY_BACKOFF=none
2026-08-03T03:03:55.746Z ERROR payment-service upstream gateway returned 502 for /api/v2/charge rid=req-553778756 retry=5
2026-08-03T03:03:55.917Z INFO  payment-service handled /healthz status=200 latency=4ms
2026-08-03T03:03:55.196Z ERROR payment-service pg pool timeout after 2000ms acquiring connection rid=req-826600539 route=/api/v2/refund
2026-08-03T03:03:56.191Z ERROR payment-service pg pool timeout after 2000ms acquiring connection rid=req-134126396 route=/api/v2/refund
2026-08-03T03:03:56.460Z ERROR payment-service upstream gateway returned 502 for /api/v2/refund rid=req-331191390 retry=3
2026-08-03T03:03:57.674Z ERROR payment-service pg pool timeout after 2000ms acquiring connection rid=req-331191390 route=/api/v2/refund
2026-08-03T03:03:57.007Z INFO  payment-service handled /healthz status=200 latency=3ms
2026-08-03T03:03:58.095Z ERROR payment-service pg pool timeout after 2000ms acquiring connection rid=req-134126396 route=/api/v2/refund
2026-08-03T03:03:58.043Z INFO  payment-service handled /healthz status=200 latency=3ms
2026-08-03T03:03:59.980Z ERROR payment-service pg pool timeout after 2000ms acquiring connection rid=req-965241839 route=/api/v2/refund
2026-08-03T03:03:59.039Z ERROR payment-service pg pool timeout after 2000ms acquiring connection rid=req-895285932 route=/api/v2/refund
2026-08-03T03:04:00.351Z WARN  payment-service retry storm detected: 1028 pending retries in queue, backoff disabled by config RETRY_BACKOFF=none
2026-08-03T03:04:00.790Z ERROR payment-service upstream gateway returned 502 for /api/v2/charge rid=req-339670711 retry=4
2026-08-03T03:04:01.696Z ERROR payment-service upstream gateway returned 502 for /api/v2/charge rid=req-210053353 retry=3
2026-08-03T03:04:02.517Z ERROR payment-service psycopg2.OperationalError: FATAL: sorry, too many clients already
Traceback (most recent call last):
  File "/app/db/pool.py", line 88, in acquire
    conn = await self._pool.acquire(timeout=2.0)
asyncpg.exceptions.TooManyConnectionsError: sorry, too many clients already
2026-08-03T03:04:02.465Z ERROR payment-service upstream gateway returned 502 for /api/v2/charge rid=req-797808098 retry=1
2026-08-03T03:04:03.551Z WARN  payment-service retry storm detected: 597 pending retries in queue, backoff disabled by config RETRY_BACKOFF=none
2026-08-03T03:04:04.417Z ERROR payment-service upstream gateway returned 502 for /api/v2/refund rid=req-642621108 retry=1
2026-08-03T03:04:04.485Z INFO  payment-service handled /healthz status=200 latency=2ms
2026-08-03T03:04:05.236Z ERROR payment-service upstream gateway returned 502 for /api/v2/refund rid=req-965241839 retry=5
2026-08-03T03:04:06.460Z INFO  payment-service handled /healthz status=200 latency=4ms
2026-08-03T03:04:06.836Z INFO  payment-service handled /healthz status=200 latency=1ms
2026-08-03T03:04:06.404Z INFO  payment-service handled /healthz status=200 latency=5ms
2026-08-03T03:04:06.244Z ERROR payment-service upstream gateway returned 502 for /api/v2/charge rid=req-734036506 retry=4
2026-08-03T03:04:07.833Z ERROR payment-service upstream gateway returned 502 for /api/v2/charge rid=req-131994523 retry=5
2026-08-03T03:04:07.513Z INFO  payment-service handled /healthz status=200 latency=1ms
2026-08-03T03:04:08.785Z ERROR payment-service psycopg2.OperationalError: FATAL: sorry, too many clients already
Traceback (most recent call last):
  File "/app/db/pool.py", line 88, in acquire
    conn = await self._pool.acquire(timeout=2.0)
asyncpg.exceptions.TooManyConnectionsError: sorry, too many clients already
2026-08-03T03:04:09.508Z ERROR payment-service pg pool timeout after 2000ms acquiring connection rid=req-965241839 route=/api/v2/charge
2026-08-03T03:04:09.798Z ERROR payment-service pg pool timeout after 2000ms acquiring connection rid=req-465341213 route=/api/v2/refund
2026-08-03T03:04:10.181Z ERROR payment-service pg pool timeout after 2000ms acquiring connection rid=req-702632297 route=/api/v2/refund
2026-08-03T03:04:10.081Z ERROR payment-service pg pool timeout after 2000ms acquiring connection rid=req-398362082 route=/api/v2/refund
2026-08-03T03:04:10.101Z ERROR payment-service pg pool timeout after 2000ms acquiring connection rid=req-550455977 route=/api/v2/charge
2026-08-03T03:04:11.264Z ERROR payment-service psycopg2.OperationalError: FATAL: sorry, too many clients already
Traceback (most recent call last):
  File "/app/db/pool.py", line 88, in acquire
    conn = await self._pool.acquire(timeout=2.0)
asyncpg.exceptions.TooManyConnectionsError: sorry, too many clients already
2026-08-03T03:04:11.165Z ERROR payment-service pg pool timeout after 2000ms acquiring connection rid=req-134126396 route=/api/v2/refund
2026-08-03T03:04:12.099Z ERROR payment-service pg pool timeout after 2000ms acquiring connection rid=req-826600539 route=/api/v2/refund
2026-08-03T03:04:12.078Z ERROR payment-service pg pool timeout after 2000ms acquiring connection rid=req-398704996 route=/api/v2/charge
2026-08-03T03:04:13.976Z INFO  payment-service handled /healthz status=200 latency=1ms
2026-08-03T03:04:13.813Z ERROR payment-service psycopg2.OperationalError: FATAL: sorry, too many clients already
Traceback (most recent call last):
  File "/app/db/pool.py", line 88, in acquire
    conn = await self._pool.acquire(timeout=2.0)
asyncpg.exceptions.TooManyConnectionsError: sorry, too many clients already
2026-08-03T03:04:14.783Z ERROR payment-service pg pool timeout after 2000ms acquiring connection rid=req-895285932 route=/api/v2/charge
2026-08-03T03:04:14.523Z ERROR payment-service pg pool timeout after 2000ms acquiring connection rid=req-199585092 route=/api/v2/refund
2026-08-03T03:04:15.804Z WARN  payment-service retry storm detected: 584 pending retries in queue, backoff disabled by config RETRY_BACKOFF=none
2026-08-03T03:04:15.361Z ERROR payment-service psycopg2.OperationalError: FATAL: sorry, too many clients already
Traceback (most recent call last):
  File "/app/db/pool.py", line 88, in acquire
    conn = await self._pool.acquire(timeout=2.0)
asyncpg.exceptions.TooManyConnectionsError: sorry, too many clients already
2026-08-03T03:04:15.967Z INFO  payment-service handled /healthz status=200 latency=9ms
2026-08-03T03:04:15.064Z ERROR payment-service pg pool timeout after 2000ms acquiring connection rid=req-271432881 route=/api/v2/charge
2026-08-03T03:04:15.490Z ERROR payment-service pg pool timeout after 2000ms acquiring connection rid=req-732719211 route=/api/v2/charge
2026-08-03T03:04:16.359Z ERROR payment-service psycopg2.OperationalError: FATAL: sorry, too many clients already
Traceback (most recent call last):
  File "/app/db/pool.py", line 88, in acquire
    conn = await self._pool.acquire(timeout=2.0)
asyncpg.exceptions.TooManyConnectionsError: sorry, too many clients already
2026-08-03T03:04:16.106Z INFO  payment-service handled /healthz status=200 latency=7ms
2026-08-03T03:04:17.412Z ERROR payment-service psycopg2.OperationalError: FATAL: sorry, too many clients already
Traceback (most recent call last):
  File "/app/db/pool.py", line 88, in acquire
    conn = await self._pool.acquire(timeout=2.0)
asyncpg.exceptions.TooManyConnectionsError: sorry, too many clients already
2026-08-03T03:04:17.792Z ERROR payment-service pg pool timeout after 2000ms acquiring connection rid=req-849621470 route=/api/v2/refund
2026-08-03T03:04:18.232Z WARN  payment-service retry storm detected: 1062 pending retries in queue, backoff disabled by config RETRY_BACKOFF=none
2026-08-03T03:04:18.570Z INFO  payment-service handled /healthz status=200 latency=8ms
2026-08-03T03:04:19.037Z ERROR payment-service upstream gateway returned 502 for /api/v2/refund rid=req-685582861 retry=1
2026-08-03T03:04:19.680Z ERROR payment-service pg pool timeout after 2000ms acquiring connection rid=req-746412689 route=/api/v2/charge
2026-08-03T03:04:20.767Z WARN  payment-service retry storm detected: 725 pending retries in queue, backoff disabled by config RETRY_BACKOFF=none
2026-08-03T03:04:21.087Z INFO  payment-service handled /healthz status=200 latency=8ms
2026-08-03T03:04:21.607Z ERROR payment-service pg pool timeout after 2000ms acquiring connection rid=req-732719211 route=/api/v2/charge
2026-08-03T03:04:21.830Z ERROR payment-service upstream gateway returned 502 for /api/v2/refund rid=req-249827706 retry=5
2026-08-03T03:04:21.251Z INFO  payment-service handled /healthz status=200 latency=6ms
2026-08-03T03:04:22.039Z INFO  payment-service handled /healthz status=200 latency=5ms
2026-08-03T03:04:22.712Z ERROR payment-service pg pool timeout after 2000ms acquiring connection rid=req-334760738 route=/api/v2/charge
2026-08-03T03:04:23.870Z ERROR payment-service upstream gateway returned 502 for /api/v2/charge rid=req-131994523 retry=3
2026-08-03T03:04:23.076Z ERROR payment-service pg pool timeout after 2000ms acquiring connection rid=req-732719211 route=/api/v2/refund
2026-08-03T03:04:24.416Z ERROR payment-service psycopg2.OperationalError: FATAL: sorry, too many clients already
Traceback (most recent call last):
  File "/app/db/pool.py", line 88, in acquire
    conn = await self._pool.acquire(timeout=2.0)
asyncpg.exceptions.TooManyConnectionsError: sorry, too many clients already
2026-08-03T03:04:24.189Z INFO  payment-service handled /healthz status=200 latency=6ms
2026-08-03T03:04:24.617Z INFO  payment-service handled /healthz status=200 latency=9ms
2026-08-03T03:04:25.998Z ERROR payment-service pg pool timeout after 2000ms acquiring connection rid=req-249827706 route=/api/v2/charge
2026-08-03T03:04:25.590Z ERROR payment-service pg pool timeout after 2000ms acquiring connection rid=req-249827706 route=/api/v2/charge
2026-08-03T03:04:25.050Z INFO  payment-service handled /healthz status=200 latency=4ms
2026-08-03T03:04:26.772Z INFO  payment-service handled /healthz status=200 latency=9ms
2026-08-03T03:04:26.957Z INFO  payment-service handled /healthz status=200 latency=9ms
2026-08-03T03:04:27.928Z WARN  payment-service retry storm detected: 604 pending retries in queue, backoff disabled by config RETRY_BACKOFF=none
2026-08-03T03:04:27.319Z ERROR payment-service pg pool timeout after 2000ms acquiring connection rid=req-313500298 route=/api/v2/charge
2026-08-03T03:04:28.140Z ERROR payment-service upstream gateway returned 502 for /api/v2/refund rid=req-131994523 retry=1
2026-08-03T03:04:28.109Z INFO  payment-service handled /healthz status=200 latency=1ms
2026-08-03T03:04:29.554Z ERROR payment-service pg pool timeout after 2000ms acquiring connection rid=req-128492780 route=/api/v2/refund
2026-08-03T03:04:29.083Z ERROR payment-service pg pool timeout after 2000ms acquiring connection rid=req-969119330 route=/api/v2/charge
2026-08-03T03:04:29.645Z ERROR payment-service pg pool timeout after 2000ms acquiring connection rid=req-106977991 route=/api/v2/charge
2026-08-03T03:04:30.244Z ERROR payment-service upstream gateway returned 502 for /api/v2/charge rid=req-826600539 retry=5
2026-08-03T03:04:31.590Z ERROR payment-service pg pool timeout after 2000ms acquiring connection rid=req-732719211 route=/api/v2/refund
2026-08-03T03:04:31.192Z ERROR payment-service psycopg2.OperationalError: FATAL: sorry, too many clients already
Traceback (most recent call last):
  File "/app/db/pool.py", line 88, in acquire
    conn = await self._pool.acquire(timeout=2.0)
asyncpg.exceptions.TooManyConnectionsError: sorry, too many clients already
2026-08-03T03:04:32.627Z ERROR payment-service pg pool timeout after 2000ms acquiring connection rid=req-797808098 route=/api/v2/charge
2026-08-03T03:04:32.352Z ERROR payment-service pg pool timeout after 2000ms acquiring connection rid=req-732719211 route=/api/v2/refund
2026-08-03T03:04:33.932Z INFO  payment-service handled /healthz status=200 latency=7ms
2026-08-03T03:04:33.723Z ERROR payment-service pg pool timeout after 2000ms acquiring connection rid=req-271432881 route=/api/v2/charge
2026-08-03T03:04:33.001Z WARN  payment-service retry storm detected: 809 pending retries in queue, backoff disabled by config RETRY_BACKOFF=none
2026-08-03T03:04:34.707Z ERROR payment-service upstream gateway returned 502 for /api/v2/charge rid=req-461415646 retry=3
2026-08-03T03:04:34.990Z ERROR payment-service pg pool timeout after 2000ms acquiring connection rid=req-553778756 route=/api/v2/charge
2026-08-03T03:04:35.255Z ERROR payment-service pg pool timeout after 2000ms acquiring connection rid=req-126855092 route=/api/v2/charge
2026-08-03T03:04:36.700Z ERROR payment-service psycopg2.OperationalError: FATAL: sorry, too many clients already
Traceback (most recent call last):
  File "/app/db/pool.py", line 88, in acquire
    conn = await self._pool.acquire(timeout=2.0)
asyncpg.exceptions.TooManyConnectionsError: sorry, too many clients already
2026-08-03T03:04:36.982Z INFO  payment-service handled /healthz status=200 latency=5ms
2026-08-03T03:04:36.849Z ERROR payment-service pg pool timeout after 2000ms acquiring connection rid=req-193349856 route=/api/v2/charge
2026-08-03T03:04:37.147Z ERROR payment-service upstream gateway returned 502 for /api/v2/refund rid=req-193349856 retry=4
2026-08-03T03:04:37.889Z WARN  payment-service retry storm detected: 426 pending retries in queue, backoff disabled by config RETRY_BACKOFF=none
2026-08-03T03:04:37.675Z INFO  payment-service handled /healthz status=200 latency=7ms
2026-08-03T03:04:38.878Z ERROR payment-service pg pool timeout after 2000ms acquiring connection rid=req-465341213 route=/api/v2/charge
2026-08-03T03:04:38.890Z ERROR payment-service pg pool timeout after 2000ms acquiring connection rid=req-746412689 route=/api/v2/charge
2026-08-03T03:04:39.501Z INFO  payment-service handled /healthz status=200 latency=4ms
2026-08-03T03:04:39.003Z ERROR payment-service pg pool timeout after 2000ms acquiring connection rid=req-896233790 route=/api/v2/refund
2026-08-03T03:04:40.536Z ERROR payment-service pg pool timeout after 2000ms acquiring connection rid=req-896233790 route=/api/v2/refund
2026-08-03T03:04:40.286Z ERROR payment-service upstream gateway returned 502 for /api/v2/refund rid=req-210053353 retry=3
2026-08-03T03:04:40.484Z ERROR payment-service psycopg2.OperationalError: FATAL: sorry, too many clients already
Traceback (most recent call last):
  File "/app/db/pool.py", line 88, in acquire
    conn = await self._pool.acquire(timeout=2.0)
asyncpg.exceptions.TooManyConnectionsError: sorry, too many clients already
2026-08-03T03:04:41.659Z ERROR payment-service upstream gateway returned 502 for /api/v2/refund rid=req-746412689 retry=3
2026-08-03T03:04:41.986Z ERROR payment-service pg pool timeout after 2000ms acquiring connection rid=req-131994523 route=/api/v2/refund
2026-08-03T03:04:42.926Z ERROR payment-service pg pool timeout after 2000ms acquiring connection rid=req-734036506 route=/api/v2/refund
2026-08-03T03:04:42.660Z ERROR payment-service psycopg2.OperationalError: FATAL: sorry, too many clients already
Traceback (most recent call last):
  File "/app/db/pool.py", line 88, in acquire
    conn = await self._pool.acquire(timeout=2.0)
asyncpg.exceptions.TooManyConnectionsError: sorry, too many clients already
2026-08-03T03:04:42.112Z ERROR payment-service pg pool timeout after 2000ms acquiring connection rid=req-969119330 route=/api/v2/charge
2026-08-03T03:04:42.278Z ERROR payment-service upstream gateway returned 502 for /api/v2/refund rid=req-266944844 retry=1
2026-08-03T03:04:43.020Z ERROR payment-service upstream gateway returned 502 for /api/v2/refund rid=req-461415646 retry=4
2026-08-03T03:04:43.247Z INFO  payment-service handled /healthz status=200 latency=2ms
2026-08-03T03:04:44.642Z ERROR payment-service pg pool timeout after 2000ms acquiring connection rid=req-553035110 route=/api/v2/charge
2026-08-03T03:04:45.786Z ERROR payment-service upstream gateway returned 502 for /api/v2/charge rid=req-219540831 retry=3
2026-08-03T03:04:45.349Z WARN  payment-service retry storm detected: 881 pending retries in queue, backoff disabled by config RETRY_BACKOFF=none
2026-08-03T03:04:45.738Z ERROR payment-service pg pool timeout after 2000ms acquiring connection rid=req-339670711 route=/api/v2/refund
2026-08-03T03:04:46.643Z ERROR payment-service pg pool timeout after 2000ms acquiring connection rid=req-131994523 route=/api/v2/charge
2026-08-03T03:04:46.098Z INFO  payment-service handled /healthz status=200 latency=6ms
2026-08-03T03:04:47.332Z WARN  payment-service retry storm detected: 550 pending retries in queue, backoff disabled by config RETRY_BACKOFF=none
2026-08-03T03:04:47.545Z ERROR payment-service pg pool timeout after 2000ms acquiring connection rid=req-550455977 route=/api/v2/charge
2026-08-03T03:04:47.706Z ERROR payment-service pg pool timeout after 2000ms acquiring connection rid=req-969119330 route=/api/v2/charge
2026-08-03T03:04:47.236Z WARN  payment-service retry storm detected: 440 pending retries in queue, backoff disabled by config RETRY_BACKOFF=none
2026-08-03T03:04:48.547Z ERROR payment-service pg pool timeout after 2000ms acquiring connection rid=req-685126461 route=/api/v2/refund
2026-08-03T03:04:48.735Z ERROR payment-service pg pool timeout after 2000ms acquiring connection rid=req-398362082 route=/api/v2/refund
2026-08-03T03:04:49.223Z ERROR payment-service psycopg2.OperationalError: FATAL: sorry, too many clients already
Traceback (most recent call last):
  File "/app/db/pool.py", line 88, in acquire
    conn = await self._pool.acquire(timeout=2.0)
asyncpg.exceptions.TooManyConnectionsError: sorry, too many clients already
2026-08-03T03:04:49.123Z ERROR payment-service pg pool timeout after 2000ms acquiring connection rid=req-786579303 route=/api/v2/refund
2026-08-03T03:04:50.914Z WARN  payment-service retry storm detected: 760 pending retries in queue, backoff disabled by config RETRY_BACKOFF=none
2026-08-03T03:04:50.095Z ERROR payment-service pg pool timeout after 2000ms acquiring connection rid=req-553035110 route=/api/v2/charge
2026-08-03T03:04:51.549Z ERROR payment-service psycopg2.OperationalError: FATAL: sorry, too many clients already
Traceback (most recent call last):
  File "/app/db/pool.py", line 88, in acquire
    conn = await self._pool.acquire(timeout=2.0)
asyncpg.exceptions.TooManyConnectionsError: sorry, too many clients already
2026-08-03T03:04:51.045Z INFO  payment-service handled /healthz status=200 latency=4ms
2026-08-03T03:04:52.948Z ERROR payment-service pg pool timeout after 2000ms acquiring connection rid=req-826600539 route=/api/v2/charge
2026-08-03T03:04:52.814Z INFO  payment-service handled /healthz status=200 latency=4ms
2026-08-03T03:04:53.947Z ERROR payment-service pg pool timeout after 2000ms acquiring connection rid=req-362950628 route=/api/v2/charge
2026-08-03T03:04:53.957Z ERROR payment-service pg pool timeout after 2000ms acquiring connection rid=req-266944844 route=/api/v2/refund
2026-08-03T03:04:54.642Z ERROR payment-service upstream gateway returned 502 for /api/v2/charge rid=req-219540831 retry=1
2026-08-03T03:04:54.176Z WARN  payment-service retry storm detected: 497 pending retries in queue, backoff disabled by config RETRY_BACKOFF=none
2026-08-03T03:04:55.200Z ERROR payment-service pg pool timeout after 2000ms acquiring connection rid=req-126855092 route=/api/v2/charge
2026-08-03T03:04:55.062Z ERROR payment-service pg pool timeout after 2000ms acquiring connection rid=req-200604502 route=/api/v2/refund
2026-08-03T03:04:56.120Z ERROR payment-service pg pool timeout after 2000ms acquiring connection rid=req-890779946 route=/api/v2/charge
2026-08-03T03:04:57.375Z ERROR payment-service psycopg2.OperationalError: FATAL: sorry, too many clients already
Traceback (most recent call last):
  File "/app/db/pool.py", line 88, in acquire
    conn = await self._pool.acquire(timeout=2.0)
asyncpg.exceptions.TooManyConnectionsError: sorry, too many clients already
2026-08-03T03:04:57.854Z INFO  payment-service handled /healthz status=200 latency=5ms
2026-08-03T03:04:58.485Z ERROR payment-service pg pool timeout after 2000ms acquiring connection rid=req-395310485 route=/api/v2/charge
2026-08-03T03:04:58.700Z ERROR payment-service pg pool timeout after 2000ms acquiring connection rid=req-126855092 route=/api/v2/charge
2026-08-03T03:04:59.216Z ERROR payment-service upstream gateway returned 502 for /api/v2/charge rid=req-209747451 retry=2
2026-08-03T03:04:59.272Z ERROR payment-service upstream gateway returned 502 for /api/v2/refund rid=req-734036506 retry=2
2026-08-03T03:05:00.543Z ERROR payment-service request queue full, shedding load rid=req-398362082
2026-08-03T03:05:01.337Z ERROR payment-service request queue full, shedding load rid=req-914763202
2026-08-03T03:05:02.580Z WARN  payment-service memory usage 97% rss=3872MB limit=4096MB retry_queue_len=14821
2026-08-03T03:05:03.625Z ERROR payment-service request queue full, shedding load rid=req-895285932
2026-08-03T03:05:04.266Z ERROR payment-service request queue full, shedding load rid=req-349817734
2026-08-03T03:05:05.855Z ERROR payment-service request queue full, shedding load rid=req-199585092
2026-08-03T03:05:06.791Z ERROR payment-service request queue full, shedding load rid=req-702632297
2026-08-03T03:05:07.118Z ERROR payment-service request queue full, shedding load rid=req-914763202
2026-08-03T03:05:08.717Z WARN  payment-service memory usage 88% rss=3717MB limit=4096MB retry_queue_len=16075
2026-08-03T03:05:09.490Z ERROR payment-service request queue full, shedding load rid=req-969119330
2026-08-03T03:05:10.755Z ERROR payment-service request queue full, shedding load rid=req-331191390
2026-08-03T03:05:11.818Z WARN  payment-service memory usage 90% rss=3875MB limit=4096MB retry_queue_len=7797
2026-08-03T03:05:11.878Z ERROR payment-service request queue full, shedding load rid=req-582334538
2026-08-03T03:05:12.551Z ERROR payment-service request queue full, shedding load rid=req-553035110
2026-08-03T03:05:13.267Z WARN  payment-service memory usage 96% rss=3647MB limit=4096MB retry_queue_len=8254
2026-08-03T03:05:14.502Z WARN  payment-service memory usage 90% rss=3622MB limit=4096MB retry_queue_len=11007
2026-08-03T03:05:15.091Z WARN  payment-service memory usage 91% rss=3957MB limit=4096MB retry_queue_len=14424
2026-08-03T03:05:16.432Z ERROR payment-service request queue full, shedding load rid=req-395310485
2026-08-03T03:05:17.778Z ERROR payment-service request queue full, shedding load rid=req-461415646
2026-08-03T03:05:18.033Z WARN  payment-service memory usage 92% rss=3772MB limit=4096MB retry_queue_len=4490
2026-08-03T03:05:19.680Z ERROR payment-service request queue full, shedding load rid=req-199585092
2026-08-03T03:05:20.031Z ERROR payment-service request queue full, shedding load rid=req-919795579
2026-08-03T03:05:21.704Z WARN  payment-service memory usage 97% rss=3641MB limit=4096MB retry_queue_len=5353
2026-08-03T03:05:21.449Z ERROR payment-service request queue full, shedding load rid=req-339670711
2026-08-03T03:05:23.058Z ERROR payment-service request queue full, shedding load rid=req-128492780
2026-08-03T03:05:24.026Z ERROR payment-service request queue full, shedding load rid=req-965241839
2026-08-03T03:05:25.388Z ERROR payment-service request queue full, shedding load rid=req-349817734
2026-08-03T03:05:26.661Z ERROR payment-service request queue full, shedding load rid=req-582334538
2026-08-03T03:05:27.832Z WARN  payment-service memory usage 90% rss=3643MB limit=4096MB retry_queue_len=12941
2026-08-03T03:05:27.488Z ERROR payment-service request queue full, shedding load rid=req-398704996
2026-08-03T03:05:28.078Z ERROR payment-service request queue full, shedding load rid=req-199585092
2026-08-03T03:05:28.513Z ERROR payment-service request queue full, shedding load rid=req-200604502
2026-08-03T03:05:29.519Z WARN  payment-service memory usage 94% rss=3840MB limit=4096MB retry_queue_len=4661
2026-08-03T03:05:30.677Z WARN  payment-service memory usage 97% rss=3625MB limit=4096MB retry_queue_len=4045
2026-08-03T03:05:31.090Z WARN  payment-service memory usage 93% rss=3925MB limit=4096MB retry_queue_len=9594
2026-08-03T03:05:32.153Z ERROR payment-service request queue full, shedding load rid=req-732719211
2026-08-03T03:05:32.422Z ERROR payment-service request queue full, shedding load rid=req-553035110
2026-08-03T03:05:33.677Z WARN  payment-service memory usage 91% rss=3764MB limit=4096MB retry_queue_len=10054
2026-08-03T03:05:33.747Z WARN  payment-service memory usage 90% rss=3895MB limit=4096MB retry_queue_len=10149
2026-08-03T03:05:33.481Z ERROR payment-service request queue full, shedding load rid=req-849621470
2026-08-03T03:05:34.571Z WARN  payment-service memory usage 94% rss=3908MB limit=4096MB retry_queue_len=14063
2026-08-03T03:05:35.651Z WARN  payment-service memory usage 88% rss=3919MB limit=4096MB retry_queue_len=16756
2026-08-03T03:05:36.189Z ERROR payment-service request queue full, shedding load rid=req-732719211
2026-08-03T03:05:37.258Z WARN  payment-service memory usage 88% rss=3662MB limit=4096MB retry_queue_len=10417
2026-08-03T03:05:38.005Z WARN  payment-service memory usage 96% rss=3870MB limit=4096MB retry_queue_len=16099
2026-08-03T03:05:39.181Z ERROR payment-service request queue full, shedding load rid=req-553778756
2026-08-03T03:05:39.528Z ERROR payment-service request queue full, shedding load rid=req-553035110
2026-08-03T03:05:40.541Z ERROR payment-service request queue full, shedding load rid=req-685582861
2026-08-03T03:05:41.067Z WARN  payment-service memory usage 91% rss=3679MB limit=4096MB retry_queue_len=15026
2026-08-03T03:05:42.302Z ERROR payment-service request queue full, shedding load rid=req-398362082
2026-08-03T03:05:43.685Z ERROR payment-service request queue full, shedding load rid=req-553778756
2026-08-03T03:05:44.248Z WARN  payment-service memory usage 92% rss=3681MB limit=4096MB retry_queue_len=4339
2026-08-03T03:05:45.377Z ERROR payment-service request queue full, shedding load rid=req-890779946
2026-08-03T03:05:46.219Z ERROR payment-service request queue full, shedding load rid=req-797808098
2026-08-03T03:05:47.084Z ERROR payment-service request queue full, shedding load rid=req-134126396
2026-08-03T03:05:48.399Z WARN  payment-service memory usage 94% rss=3749MB limit=4096MB retry_queue_len=14348
2026-08-03T03:05:48.775Z ERROR payment-service request queue full, shedding load rid=req-128492780
2026-08-03T03:05:49.412Z ERROR payment-service request queue full, shedding load rid=req-895285932
2026-08-03T03:05:50.348Z ERROR payment-service request queue full, shedding load rid=req-128492780
2026-08-03T03:05:51.684Z WARN  payment-service memory usage 91% rss=3973MB limit=4096MB retry_queue_len=4381
2026-08-03T03:05:51.525Z WARN  payment-service memory usage 94% rss=3743MB limit=4096MB retry_queue_len=8761
2026-08-03T03:05:52.938Z ERROR payment-service request queue full, shedding load rid=req-582334538
2026-08-03T03:05:54.111Z ERROR payment-service request queue full, shedding load rid=req-919795579
2026-08-03T03:05:54.531Z ERROR payment-service request queue full, shedding load rid=req-582334538
2026-08-03T03:05:55.742Z ERROR payment-service request queue full, shedding load rid=req-642621108
2026-08-03T03:05:56.063Z ERROR payment-service request queue full, shedding load rid=req-266944844
2026-08-03T03:05:58.058Z WARN  payment-service memory usage 92% rss=3951MB limit=4096MB retry_queue_len=14470
2026-08-03T03:05:59.993Z WARN  payment-service memory usage 91% rss=3710MB limit=4096MB retry_queue_len=7423
2026-08-03T03:06:00.322Z WARN  payment-service memory usage 96% rss=3731MB limit=4096MB retry_queue_len=13619
2026-08-03T03:06:02.104Z WARN  payment-service memory usage 91% rss=3672MB limit=4096MB retry_queue_len=17204
2026-08-03T03:06:02.538Z ERROR payment-service request queue full, shedding load rid=req-685126461
2026-08-03T03:06:03.557Z ERROR payment-service request queue full, shedding load rid=req-249827706
2026-08-03T03:06:03.607Z ERROR payment-service request queue full, shedding load rid=req-553035110
2026-08-03T03:06:04.221Z ERROR payment-service request queue full, shedding load rid=req-336696312
2026-08-03T03:06:04.040Z ERROR payment-service request queue full, shedding load rid=req-734036506
2026-08-03T03:06:06.078Z ERROR payment-service request queue full, shedding load rid=req-919795579
2026-08-03T03:06:07.779Z ERROR payment-service request queue full, shedding load rid=req-271432881
2026-08-03T03:06:08.398Z ERROR payment-service request queue full, shedding load rid=req-349817734
2026-08-03T03:06:08.797Z ERROR payment-service request queue full, shedding load rid=req-868820204
2026-08-03T03:06:09.010Z ERROR payment-service request queue full, shedding load rid=req-786579303
2026-08-03T03:06:11.109Z WARN  payment-service memory usage 88% rss=3615MB limit=4096MB retry_queue_len=13602
2026-08-03T03:06:11.130Z ERROR payment-service request queue full, shedding load rid=req-969119330
2026-08-03T03:06:13.250Z ERROR payment-service request queue full, shedding load rid=req-786579303
2026-08-03T03:06:14.290Z WARN  payment-service memory usage 95% rss=3735MB limit=4096MB retry_queue_len=15948
2026-08-03T03:06:15.929Z ERROR payment-service request queue full, shedding load rid=req-919795579
2026-08-03T03:06:16.401Z WARN  payment-service memory usage 97% rss=3948MB limit=4096MB retry_queue_len=7501
2026-08-03T03:06:17.907Z ERROR payment-service request queue full, shedding load rid=req-890779946
2026-08-03T03:06:17.654Z WARN  payment-service memory usage 89% rss=3663MB limit=4096MB retry_queue_len=12617
2026-08-03T03:06:18.236Z WARN  payment-service memory usage 96% rss=3749MB limit=4096MB retry_queue_len=7700
2026-08-03T03:06:19.600Z ERROR payment-service request queue full, shedding load rid=req-219540831
2026-08-03T03:06:19.174Z ERROR payment-service request queue full, shedding load rid=req-685582861
2026-08-03T03:06:21.517Z WARN  payment-service memory usage 91% rss=3910MB limit=4096MB retry_queue_len=13862
2026-08-03T03:06:21.428Z WARN  payment-service memory usage 92% rss=3771MB limit=4096MB retry_queue_len=9532
2026-08-03T03:06:22.877Z WARN  payment-service memory usage 88% rss=3956MB limit=4096MB retry_queue_len=16222
2026-08-03T03:06:23.043Z WARN  payment-service memory usage 96% rss=3808MB limit=4096MB retry_queue_len=16241
2026-08-03T03:06:24.811Z ERROR payment-service request queue full, shedding load rid=req-199585092
2026-08-03T03:06:25.438Z ERROR payment-service request queue full, shedding load rid=req-313500298
2026-08-03T03:06:26.531Z ERROR payment-service request queue full, shedding load rid=req-126855092
2026-08-03T03:06:27.866Z WARN  payment-service memory usage 90% rss=3818MB limit=4096MB retry_queue_len=16784
2026-08-03T03:06:27.906Z WARN  payment-service memory usage 91% rss=3628MB limit=4096MB retry_queue_len=12523
2026-08-03T03:06:28.892Z WARN  payment-service memory usage 97% rss=3645MB limit=4096MB retry_queue_len=17404
2026-08-03T03:06:29.962Z WARN  payment-service memory usage 95% rss=3637MB limit=4096MB retry_queue_len=9249
2026-08-03T03:06:30.919Z WARN  payment-service memory usage 90% rss=3711MB limit=4096MB retry_queue_len=8161
2026-08-03T03:06:31.187Z WARN  payment-service memory usage 94% rss=3860MB limit=4096MB retry_queue_len=13015
2026-08-03T03:06:32.574Z WARN  payment-service memory usage 95% rss=3817MB limit=4096MB retry_queue_len=16501
2026-08-03T03:06:33.270Z WARN  payment-service memory usage 91% rss=3868MB limit=4096MB retry_queue_len=17621
2026-08-03T03:06:33.247Z ERROR payment-service request queue full, shedding load rid=req-249827706
2026-08-03T03:06:34.458Z ERROR payment-service request queue full, shedding load rid=req-732719211
2026-08-03T03:06:35.934Z WARN  payment-service memory usage 91% rss=3844MB limit=4096MB retry_queue_len=14929
2026-08-03T03:06:36.417Z ERROR payment-service request queue full, shedding load rid=req-890779946
2026-08-03T03:06:36.127Z WARN  payment-service memory usage 93% rss=3914MB limit=4096MB retry_queue_len=15859
2026-08-03T03:06:37.707Z ERROR payment-service request queue full, shedding load rid=req-853041955
2026-08-03T03:06:38.519Z ERROR payment-service request queue full, shedding load rid=req-896233790
2026-08-03T03:06:39.066Z ERROR payment-service request queue full, shedding load rid=req-331191390
2026-08-03T03:06:40.463Z WARN  payment-service memory usage 90% rss=3608MB limit=4096MB retry_queue_len=15708
2026-08-03T03:06:41.412Z ERROR payment-service request queue full, shedding load rid=req-826600539
2026-08-03T03:06:43.965Z ERROR payment-service request queue full, shedding load rid=req-271432881
2026-08-03T03:06:44.827Z ERROR payment-service request queue full, shedding load rid=req-106977991
2026-08-03T03:06:44.850Z ERROR payment-service request queue full, shedding load rid=req-200604502
2026-08-03T03:06:45.763Z ERROR payment-service request queue full, shedding load rid=req-965241839
2026-08-03T03:06:47.091Z ERROR payment-service request queue full, shedding load rid=req-685126461
2026-08-03T03:06:48.393Z WARN  payment-service memory usage 96% rss=3787MB limit=4096MB retry_queue_len=13490
2026-08-03T03:06:49.338Z ERROR payment-service request queue full, shedding load rid=req-210053353
2026-08-03T03:06:50.633Z WARN  payment-service memory usage 96% rss=3758MB limit=4096MB retry_queue_len=13330
2026-08-03T03:06:51.911Z ERROR payment-service request queue full, shedding load rid=req-895285932
2026-08-03T03:06:52.144Z WARN  payment-service memory usage 91% rss=3750MB limit=4096MB retry_queue_len=16788
2026-08-03T03:06:53.573Z ERROR payment-service request queue full, shedding load rid=req-106977991
2026-08-03T03:06:54.571Z WARN  payment-service memory usage 97% rss=3958MB limit=4096MB retry_queue_len=4376
2026-08-03T03:06:55.427Z WARN  payment-service memory usage 89% rss=3834MB limit=4096MB retry_queue_len=16513
2026-08-03T03:06:57.221Z WARN  payment-service memory usage 95% rss=3689MB limit=4096MB retry_queue_len=16276
2026-08-03T03:06:57.233Z ERROR payment-service request queue full, shedding load rid=req-919795579
2026-08-03T03:06:58.249Z WARN  payment-service memory usage 97% rss=3785MB limit=4096MB retry_queue_len=14652
2026-08-03T03:07:00.918Z ERROR payment-service request queue full, shedding load rid=req-465341213
2026-08-03T03:07:01.983Z WARN  payment-service memory usage 92% rss=3601MB limit=4096MB retry_queue_len=9647
2026-08-03T03:07:02.923Z ERROR payment-service request queue full, shedding load rid=req-210053353
2026-08-03T03:07:03.030Z ERROR payment-service request queue full, shedding load rid=req-642621108
2026-08-03T03:07:04.415Z ERROR payment-service request queue full, shedding load rid=req-210053353
2026-08-03T03:07:05.272Z WARN  payment-service memory usage 90% rss=3822MB limit=4096MB retry_queue_len=14828
2026-08-03T03:07:05.387Z ERROR payment-service request queue full, shedding load rid=req-106977991
2026-08-03T03:07:06.015Z ERROR payment-service request queue full, shedding load rid=req-193349856
2026-08-03T03:07:07.688Z ERROR payment-service request queue full, shedding load rid=req-339670711
2026-08-03T03:07:08.194Z ERROR payment-service request queue full, shedding load rid=req-199585092
2026-08-03T03:07:09.863Z WARN  payment-service memory usage 93% rss=3661MB limit=4096MB retry_queue_len=8127
2026-08-03T03:07:10.601Z WARN  payment-service memory usage 96% rss=3676MB limit=4096MB retry_queue_len=7942
2026-08-03T03:07:11.920Z WARN  payment-service memory usage 96% rss=3739MB limit=4096MB retry_queue_len=14257
2026-08-03T03:07:11.229Z WARN  payment-service memory usage 90% rss=3844MB limit=4096MB retry_queue_len=16326
2026-08-03T03:07:12.444Z ERROR payment-service request queue full, shedding load rid=req-582334538
2026-08-03T03:07:13.064Z ERROR payment-service request queue full, shedding load rid=req-702632297
2026-08-03T03:07:14.076Z WARN  payment-service memory usage 94% rss=3857MB limit=4096MB retry_queue_len=7310
2026-08-03T03:07:15.992Z WARN  payment-service memory usage 97% rss=3771MB limit=4096MB retry_queue_len=17493
2026-08-03T03:07:16.057Z WARN  payment-service memory usage 89% rss=3792MB limit=4096MB retry_queue_len=12647
2026-08-03T03:07:17.074Z WARN  payment-service memory usage 92% rss=3922MB limit=4096MB retry_queue_len=13937
2026-08-03T03:07:18.181Z WARN  payment-service memory usage 95% rss=3808MB limit=4096MB retry_queue_len=16675
2026-08-03T03:07:20.972Z ERROR payment-service request queue full, shedding load rid=req-914763202
2026-08-03T03:07:20.051Z ERROR payment-service request queue full, shedding load rid=req-210053353
2026-08-03T03:07:22.917Z WARN  payment-service memory usage 92% rss=3738MB limit=4096MB retry_queue_len=4275
2026-08-03T03:07:23.400Z ERROR payment-service request queue full, shedding load rid=req-200604502
2026-08-03T03:07:23.906Z ERROR payment-service request queue full, shedding load rid=req-853041955
2026-08-03T03:07:24.687Z ERROR payment-service request queue full, shedding load rid=req-868820204
2026-08-03T03:07:24.094Z WARN  payment-service memory usage 88% rss=3884MB limit=4096MB retry_queue_len=17085
2026-08-03T03:07:25.845Z ERROR payment-service request queue full, shedding load rid=req-849621470
2026-08-03T03:07:26.716Z WARN  payment-service memory usage 88% rss=3682MB limit=4096MB retry_queue_len=13263
2026-08-03T03:07:27.959Z WARN  payment-service memory usage 92% rss=3611MB limit=4096MB retry_queue_len=10509
2026-08-03T03:07:28.993Z ERROR payment-service request queue full, shedding load rid=req-395310485
2026-08-03T03:07:29.977Z WARN  payment-service memory usage 91% rss=3645MB limit=4096MB retry_queue_len=6173
2026-08-03T03:07:30.937Z WARN  payment-service memory usage 90% rss=3703MB limit=4096MB retry_queue_len=9648
2026-08-03T03:07:32.010Z WARN  payment-service memory usage 96% rss=3640MB limit=4096MB retry_queue_len=11606
2026-08-03T03:07:32.694Z ERROR payment-service request queue full, shedding load rid=req-826600539
2026-08-03T03:07:33.388Z ERROR payment-service request queue full, shedding load rid=req-786579303
2026-08-03T03:07:33.844Z ERROR payment-service request queue full, shedding load rid=req-553035110
2026-08-03T03:07:34.478Z ERROR payment-service request queue full, shedding load rid=req-890779946
2026-08-03T03:07:35.385Z ERROR payment-service request queue full, shedding load rid=req-746412689
2026-08-03T03:07:35.303Z WARN  payment-service memory usage 89% rss=3941MB limit=4096MB retry_queue_len=12932
2026-08-03T03:07:36.984Z ERROR payment-service request queue full, shedding load rid=req-919795579
2026-08-03T03:07:37.144Z ERROR payment-service request queue full, shedding load rid=req-896233790
2026-08-03T03:07:38.282Z WARN  payment-service memory usage 88% rss=3648MB limit=4096MB retry_queue_len=11064
2026-08-03T03:07:39.256Z WARN  payment-service memory usage 95% rss=3704MB limit=4096MB retry_queue_len=15174
2026-08-03T03:07:40.926Z WARN  payment-service memory usage 96% rss=3655MB limit=4096MB retry_queue_len=6322
2026-08-03T03:07:41.525Z ERROR payment-service request queue full, shedding load rid=req-465341213
2026-08-03T03:07:41.094Z WARN  payment-service memory usage 88% rss=3682MB limit=4096MB retry_queue_len=14470
2026-08-03T03:07:43.549Z ERROR payment-service request queue full, shedding load rid=req-914763202
2026-08-03T03:07:44.952Z WARN  payment-service memory usage 91% rss=3733MB limit=4096MB retry_queue_len=12510
2026-08-03T03:07:45.849Z WARN  payment-service memory usage 96% rss=3774MB limit=4096MB retry_queue_len=16034
2026-08-03T03:07:46.448Z ERROR payment-service request queue full, shedding load rid=req-965241839
2026-08-03T03:07:47.895Z ERROR payment-service request queue full, shedding load rid=req-734036506
2026-08-03T03:07:48.556Z WARN  payment-service memory usage 89% rss=3863MB limit=4096MB retry_queue_len=6903
2026-08-03T03:07:49.586Z WARN  payment-service memory usage 88% rss=3773MB limit=4096MB retry_queue_len=7750
2026-08-03T03:07:50.504Z ERROR payment-service request queue full, shedding load rid=req-219540831
2026-08-03T03:07:52.651Z ERROR payment-service request queue full, shedding load rid=req-919795579
2026-08-03T03:07:53.464Z ERROR payment-service request queue full, shedding load rid=req-249827706
2026-08-03T03:07:53.530Z WARN  payment-service memory usage 95% rss=3720MB limit=4096MB retry_queue_len=10636
2026-08-03T03:07:55.002Z WARN  payment-service memory usage 88% rss=3786MB limit=4096MB retry_queue_len=16526
2026-08-03T03:07:55.644Z WARN  payment-service memory usage 90% rss=3692MB limit=4096MB retry_queue_len=7668
2026-08-03T03:07:56.402Z ERROR payment-service request queue full, shedding load rid=req-362950628
2026-08-03T03:07:57.795Z ERROR payment-service request queue full, shedding load rid=req-786579303
2026-08-03T03:07:58.703Z ERROR payment-service request queue full, shedding load rid=req-339670711
2026-08-03T03:07:59.074Z ERROR payment-service request queue full, shedding load rid=req-919795579
2026-08-03T03:07:59.074Z ERROR payment-service request queue full, shedding load rid=req-895285932
2026-08-03T03:08:01.773Z WARN  payment-service memory usage 97% rss=3803MB limit=4096MB retry_queue_len=11482
2026-08-03T03:08:02.698Z WARN  payment-service memory usage 97% rss=3873MB limit=4096MB retry_queue_len=16657
2026-08-03T03:08:03.554Z ERROR payment-service request queue full, shedding load rid=req-965241839
2026-08-03T03:08:03.975Z ERROR payment-service request queue full, shedding load rid=req-219540831
2026-08-03T03:08:04.871Z ERROR payment-service request queue full, shedding load rid=req-126855092
2026-08-03T03:08:04.235Z WARN  payment-service memory usage 97% rss=3954MB limit=4096MB retry_queue_len=15954
2026-08-03T03:08:05.612Z ERROR payment-service request queue full, shedding load rid=req-919795579
2026-08-03T03:08:07.305Z WARN  payment-service memory usage 92% rss=3931MB limit=4096MB retry_queue_len=6129
2026-08-03T03:08:08.644Z WARN  payment-service memory usage 97% rss=3862MB limit=4096MB retry_queue_len=13069
2026-08-03T03:08:08.558Z WARN  payment-service memory usage 93% rss=3831MB limit=4096MB retry_queue_len=14257
2026-08-03T03:08:09.934Z ERROR payment-service request queue full, shedding load rid=req-209747451
2026-08-03T03:08:10.365Z ERROR payment-service request queue full, shedding load rid=req-362950628
2026-08-03T03:08:11.399Z WARN  payment-service memory usage 96% rss=3805MB limit=4096MB retry_queue_len=11333
2026-08-03T03:08:12.191Z ERROR payment-service request queue full, shedding load rid=req-465341213
2026-08-03T03:08:12.389Z ERROR payment-service request queue full, shedding load rid=req-131994523
2026-08-03T03:08:13.736Z ERROR payment-service request queue full, shedding load rid=req-395310485
2026-08-03T03:08:15.625Z ERROR payment-service request queue full, shedding load rid=req-336696312
2026-08-03T03:08:15.937Z WARN  payment-service memory usage 90% rss=3919MB limit=4096MB retry_queue_len=13414
2026-08-03T03:08:16.857Z ERROR payment-service request queue full, shedding load rid=req-210053353
2026-08-03T03:08:18.767Z WARN  payment-service memory usage 97% rss=3700MB limit=4096MB retry_queue_len=12092
2026-08-03T03:08:18.697Z ERROR payment-service request queue full, shedding load rid=req-349817734
2026-08-03T03:08:19.811Z WARN  payment-service memory usage 90% rss=3949MB limit=4096MB retry_queue_len=14243
2026-08-03T03:08:19.916Z WARN  payment-service memory usage 92% rss=3615MB limit=4096MB retry_queue_len=14871
2026-08-03T03:08:21.390Z ERROR payment-service request queue full, shedding load rid=req-702632297
2026-08-03T03:08:22.031Z WARN  payment-service memory usage 95% rss=3891MB limit=4096MB retry_queue_len=4627
2026-08-03T03:08:23.764Z WARN  payment-service memory usage 96% rss=3690MB limit=4096MB retry_queue_len=16752
2026-08-03T03:08:24.402Z WARN  payment-service memory usage 92% rss=3693MB limit=4096MB retry_queue_len=12578
2026-08-03T03:08:25.834Z WARN  payment-service memory usage 90% rss=3780MB limit=4096MB retry_queue_len=17540
2026-08-03T03:08:26.699Z WARN  payment-service memory usage 91% rss=3924MB limit=4096MB retry_queue_len=6180
2026-08-03T03:08:27.808Z ERROR payment-service request queue full, shedding load rid=req-131994523
2026-08-03T03:08:27.559Z ERROR payment-service request queue full, shedding load rid=req-685582861
2026-08-03T03:08:29.348Z ERROR payment-service request queue full, shedding load rid=req-339670711
2026-08-03T03:08:30.779Z WARN  payment-service memory usage 93% rss=3695MB limit=4096MB retry_queue_len=12733
2026-08-03T03:08:30.182Z ERROR payment-service request queue full, shedding load rid=req-550455977
2026-08-03T03:08:32.413Z WARN  payment-service memory usage 90% rss=3894MB limit=4096MB retry_queue_len=6815
2026-08-03T03:08:33.622Z WARN  payment-service memory usage 91% rss=3775MB limit=4096MB retry_queue_len=12679
2026-08-03T03:08:34.573Z WARN  payment-service memory usage 91% rss=3858MB limit=4096MB retry_queue_len=5740
2026-08-03T03:08:36.531Z WARN  payment-service memory usage 88% rss=3930MB limit=4096MB retry_queue_len=12022
2026-08-03T03:08:36.624Z WARN  payment-service memory usage 96% rss=3766MB limit=4096MB retry_queue_len=4256
2026-08-03T03:08:37.294Z ERROR payment-service request queue full, shedding load rid=req-398362082
2026-08-03T03:08:38.638Z WARN  payment-service memory usage 91% rss=3756MB limit=4096MB retry_queue_len=14291
2026-08-03T03:08:39.844Z ERROR payment-service request queue full, shedding load rid=req-582334538
2026-08-03T03:08:40.935Z ERROR payment-service request queue full, shedding load rid=req-249827706
2026-08-03T03:08:40.203Z ERROR payment-service request queue full, shedding load rid=req-896233790
2026-08-03T03:08:41.241Z ERROR payment-service request queue full, shedding load rid=req-914763202
2026-08-03T03:08:42.314Z WARN  payment-service memory usage 93% rss=3707MB limit=4096MB retry_queue_len=10463
2026-08-03T03:08:42.335Z WARN  payment-service memory usage 89% rss=3767MB limit=4096MB retry_queue_len=17559
2026-08-03T03:08:43.907Z WARN  payment-service memory usage 90% rss=3787MB limit=4096MB retry_queue_len=14147
2026-08-03T03:08:44.866Z ERROR payment-service request queue full, shedding load rid=req-919795579
2026-08-03T03:08:45.324Z WARN  payment-service memory usage 94% rss=3829MB limit=4096MB retry_queue_len=17951
2026-08-03T03:08:45.975Z ERROR payment-service request queue full, shedding load rid=req-131994523
2026-08-03T03:08:47.821Z ERROR payment-service request queue full, shedding load rid=req-553778756
2026-08-03T03:08:47.036Z ERROR payment-service request queue full, shedding load rid=req-362950628
2026-08-03T03:08:48.970Z WARN  payment-service memory usage 94% rss=3915MB limit=4096MB retry_queue_len=12670
2026-08-03T03:08:50.484Z ERROR payment-service request queue full, shedding load rid=req-732719211
2026-08-03T03:08:51.775Z ERROR payment-service request queue full, shedding load rid=req-890779946
2026-08-03T03:08:52.526Z WARN  payment-service memory usage 90% rss=3720MB limit=4096MB retry_queue_len=17839
2026-08-03T03:08:53.411Z ERROR payment-service request queue full, shedding load rid=req-746412689
2026-08-03T03:08:53.934Z WARN  payment-service memory usage 93% rss=3885MB limit=4096MB retry_queue_len=17256
2026-08-03T03:08:54.978Z ERROR payment-service request queue full, shedding load rid=req-896233790
2026-08-03T03:08:55.425Z ERROR payment-service request queue full, shedding load rid=req-582334538
2026-08-03T03:08:56.286Z ERROR payment-service request queue full, shedding load rid=req-853041955
2026-08-03T03:08:57.522Z WARN  payment-service memory usage 95% rss=3961MB limit=4096MB retry_queue_len=9535
2026-08-03T03:08:58.286Z ERROR payment-service request queue full, shedding load rid=req-465341213
2026-08-03T03:08:59.815Z WARN  payment-service memory usage 97% rss=3816MB limit=4096MB retry_queue_len=9959
2026-08-03T03:09:00.806Z FATAL payment-service container killed: OOMKilled (exit 137), rss=4096MB limit=4096MB
2026-08-03T03:09:20.729Z ERROR payment-service kubelet: Back-off restarting failed container payment-service pod=payment-service-7d9f8b-x2k4j
